strategy,quarter,return,spy_return,alpha_return,end_equity,spy_end_equity
confirmed_rebalance_daily,2018Q1,0.01255234716363196,-0.012334072876321267,0.024886420039953228,50627.6173581816,49383.296356183935
confirmed_rebalance_daily,2018Q2,0.08069191715216362,0.032667047401485405,0.04802486975067821,54712.85686365943,50996.502839093
confirmed_rebalance_daily,2018Q3,0.21845258768633702,0.07289016701692264,0.14556242066941438,66665.022025238,54713.646448313455
confirmed_rebalance_daily,2018Q4,-0.07664642500530505,-0.14089347079037806,0.06424704578507301,61555.38641410358,47004.85090061293
confirmed_rebalance_daily,2019Q1,0.021402563872108926,0.1298800000000011,-0.10847743612789218,62872.82950350378,53109.840935584594
confirmed_rebalance_daily,2019Q2,-0.05381147158447597,0.04205756363507662,-0.09586903521955259,59489.55002524039,55343.51145038174
confirmed_rebalance_daily,2019Q3,0.0010542458760378626,0.01029386784440356,-0.009239621968365697,59552.26663802184,55913.2102432972
confirmed_rebalance_daily,2019Q4,0.0639758296860764,0.08386576097921972,-0.019889931293143315,63362.172305875734,60602.41416914243
confirmed_rebalance_daily,2020Q1,-0.3260397804193559,-0.11757169413138979,-0.2084680862879661,42703.583560374616,53477.28566682422
confirmed_rebalance_daily,2020Q2,-0.01569606402403534,0.2122213047068533,-0.22791736873088864,42033.305378755234,64826.30500321876
confirmed_rebalance_daily,2020Q3,0.12041371091909303,0.09024263656416354,0.030171074354929495,47094.69166160662,70676.40168542185
confirmed_rebalance_daily,2020Q4,0.01642724413819341,0.11395418030348048,-0.09752693616528707,47868.32765914477,78730.27310628362
confirmed_rebalance_daily,2021Q1,0.13728800592738444,0.0594017094017083,0.07788629652567614,54440.074910547424,83406.98591046022
confirmed_rebalance_daily,2021Q2,0.028738582193699846,0.08120713997579676,-0.052468557782096914,56004.60547799537,90180.22869025028
confirmed_rebalance_daily,2021Q3,-0.09026185584430402,0.0027981811822321845,-0.0930600370265362,50949.52585172343,90432.56930918073
confirmed_rebalance_daily,2021Q4,0.11820005897689101,0.10487152656667686,0.013328532410214144,56971.76281224178,99916.37090398133
confirmed_rebalance_daily,2022Q1,0.06397829085760476,-0.04619593812480294,0.1101742289824077,60616.71882411385,95300.64041604614
confirmed_rebalance_daily,2022Q2,-0.008020517341962075,-0.16732127096204708,0.159300753620085,60130.541379572205,79354.81613813627
confirmed_rebalance_daily,2022Q3,-0.11371761814306947,-0.05111694093330155,-0.06260067720976792,53292.63943623398,75298.44068883016
confirmed_rebalance_daily,2022Q4,0.03059240059125301,0.06987265415549593,-0.03928025356424292,54922.98921043245,80559.7425935289
confirmed_rebalance_daily,2023Q1,0.10441863258953288,0.06880709997389656,0.03561153261563632,60657.97264151548,86102.82485603323
confirmed_rebalance_daily,2023Q2,0.24816797062093898,0.08144873736140301,0.16671923325953597,75711.33861394081,93115.79122380716
confirmed_rebalance_daily,2023Q3,0.07312083672399505,-0.0347327296131521,0.10785356633714716,81247.41504288588,89881.62562451595
confirmed_rebalance_daily,2023Q4,0.04448972740625501,0.11145684673513867,-0.06696711932888366,84862.09039060674,99899.54819605272
confirmed_rebalance_daily,2024Q1,0.23952484261620643,0.10078514745195433,0.1387396951642521,105188.66923549911,109967.93889137552
confirmed_rebalance_daily,2024Q2,0.03217630783214909,0.04239716990151954,-0.010220862069370451,108573.25223727463,114630.2682802731
confirmed_rebalance_daily,2024Q3,0.1862692437044362,0.05158188558296062,0.1346873581214756,128797.10981804277,120543.11366305022
confirmed_rebalance_daily,2024Q4,-0.014599419763440036,0.023131672597864084,-0.03773109236130412,126916.74674749127,123331.477502231
confirmed_rebalance_daily,2025Q1,0.019556111713201707,-0.05029667519181591,0.06985278690501762,129398.74482516134,117128.31423737454
confirmed_rebalance_daily,2025Q2,-0.020018992684635695,-0.003417055160764293,-0.016601937523871402,126808.3122991054,116728.0803267381
confirmed_rebalance_daily,2025Q3,0.36306671882326236,0.07603891793883788,0.2870278008844245,172848.19016505714,125603.95724786102
confirmed_rebalance_daily,2025Q4,0.07622762024046525,0.027065655653849108,0.04916196458661615,186023.99636421085,129003.51070349241
confirmed_rebalance_daily,2026Q1,0.08996738402134685,-0.044516384197343384,0.13448376821869024,202760.08868229543,123260.74085820965
confirmed_rebalance_daily,2026Q2,0.1451684590542317,0.1402005273808795,0.004967931673352188,232194.45831400363,140541.96173188856
confirmed_hold_2d,2018Q1,0.01922710482809964,-0.012334072876321267,0.031561177704420906,50961.355241404985,49383.296356183935
confirmed_hold_2d,2018Q2,0.1055161891194909,0.032667047401485405,0.0728491417180055,56338.60323884263,50996.502839093
confirmed_hold_2d,2018Q3,0.21526541488839812,0.07289016701692264,0.14237524787147549,68466.35603928495,54713.646448313455
confirmed_hold_2d,2018Q4,-0.038641590482540455,-0.14089347079037806,0.1022518803078376,65820.70714738309,47004.85090061293
confirmed_hold_2d,2019Q1,0.032698350045334834,0.1298800000000011,-0.09718164995466627,67972.9356699197,53109.840935584594
confirmed_hold_2d,2019Q2,-0.026215641176995708,0.04205756363507662,-0.06827320481207233,66190.98157865007,55343.51145038174
confirmed_hold_2d,2019Q3,-0.01859190385739906,0.01029386784440356,-0.02888577170180262,64960.36521291293,55913.2102432972
confirmed_hold_2d,2019Q4,0.07203638743948448,0.08386576097921972,-0.011829373539735233,69639.87524960074,60602.41416914243
confirmed_hold_2d,2020Q1,-0.34620505594071005,-0.11757169413138979,-0.22863336180932026,45530.19834310864,53477.28566682422
confirmed_hold_2d,2020Q2,0.07240011450374118,0.2122213047068533,-0.13982119020311212,48826.58991652775,64826.30500321876
confirmed_hold_2d,2020Q3,0.08910199928473328,0.09024263656416354,-0.0011406372794302566,53177.13669634618,70676.40168542185
confirmed_hold_2d,2020Q4,-0.0193444177805,0.11395418030348048,-0.13329859808398048,52148.4559477213,78730.27310628362
confirmed_hold_2d,2021Q1,0.14462298839972654,0.0594017094017083,0.08522127899801824,59690.32148731225,83406.98591046022
confirmed_hold_2d,2021Q2,0.028860886813925513,0.08120713997579676,-0.05234625316187125,61413.03709964439,90180.22869025028
confirmed_hold_2d,2021Q3,-0.10604117821776227,0.0027981811822321845,-0.10883935939999445,54900.726287666956,90432.56930918073
confirmed_hold_2d,2021Q4,0.11513874094082022,0.10487152656667686,0.010267214374143352,61221.92678916552,99916.37090398133
confirmed_hold_2d,2022Q1,0.06252336274533832,-0.04619593812480294,0.10871930087014126,65049.72752577306,95300.64041604614
confirmed_hold_2d,2022Q2,-0.005061027370570459,-0.16732127096204708,0.16226024359147662,64720.50907431697,79354.81613813627
confirmed_hold_2d,2022Q3,-0.10392042286001468,-0.05111694093330155,-0.052803481926713136,57994.726403598535,75298.44068883016
confirmed_hold_2d,2022Q4,0.02815779845582944,0.06987265415549593,-0.04171485569966649,59627.73022117203,80559.7425935289
confirmed_hold_2d,2023Q1,0.12774883952995464,0.06880709997389656,0.05894173955605808,67245.10356073196,86102.82485603323
confirmed_hold_2d,2023Q2,0.3101932610739542,0.08144873736140301,0.22874452371255116,88104.08152549119,93115.79122380716
confirmed_hold_2d,2023Q3,0.06282876642521296,-0.0347327296131521,0.09756149603836506,93639.55228476418,89881.62562451595
confirmed_hold_2d,2023Q4,0.034869584120591046,0.11145684673513867,-0.07658726261454762,96904.72453017226,99899.54819605272
confirmed_hold_2d,2024Q1,0.22471211309265837,0.10078514745195433,0.12392696564070405,118680.38994800922,109967.93889137552
confirmed_hold_2d,2024Q2,0.06290733446255903,0.04239716990151954,0.02051016456103949,126146.25693261556,114630.2682802731
confirmed_hold_2d,2024Q3,0.20373534203340338,0.05158188558296062,0.15215345645044276,151846.70773501557,120543.11366305022
confirmed_hold_2d,2024Q4,-0.0004340807538446567,0.023131672597864084,-0.02356575335170874,151780.79400165312,123331.477502231
confirmed_hold_2d,2025Q1,0.020042639761163716,-0.05029667519181591,0.07033931495297963,154822.88177849166,117128.31423737454
confirmed_hold_2d,2025Q2,-0.02886840274847957,-0.003417055160764293,-0.02545134758771528,150353.39247262993,116728.0803267381
confirmed_hold_2d,2025Q3,0.33629526328538084,0.07603891793883788,0.26025634534654296,200916.5261800632,125603.95724786102
confirmed_hold_2d,2025Q4,0.04423950579841529,0.027065655653849108,0.017173850144566183,209804.97400500358,129003.51070349241
confirmed_hold_2d,2026Q1,0.06092157950307486,-0.044516384197343384,0.10543796370041825,222586.62440898994,123260.74085820965
confirmed_hold_2d,2026Q2,0.15008408724017652,0.1402005273808795,0.009883559859297009,255993.3347652852,140541.96173188856
confirmed_hold_3d,2018Q1,0.025104365633669135,-0.012334072876321267,0.0374384385099904,51255.218281683454,49383.296356183935
confirmed_hold_3d,2018Q2,0.10242771951714502,0.032667047401485405,0.06976067211565962,56505.17340362977,50996.502839093
confirmed_hold_3d,2018Q3,0.1684094800030509,0.07289016701692264,0.09551931298612826,66021.18027401729,54713.646448313455
confirmed_hold_3d,2018Q4,-0.05005531647954864,-0.14089347079037806,0.09083815431082942,62716.469201048014,47004.85090061293
confirmed_hold_3d,2019Q1,0.02800161499656606,0.1298800000000011,-0.10187838500343505,64472.63162555975,53109.840935584594
confirmed_hold_3d,2019Q2,-0.02891366364384207,0.04205756363507662,-0.07097122727891869,62608.49164050498,55343.51145038174
confirmed_hold_3d,2019Q3,-0.0025006380754066804,0.01029386784440356,-0.01279450591981024,62451.93046246495,55913.2102432972
confirmed_hold_3d,2019Q4,0.034512469493325426,0.08386576097921972,-0.04935329148589429,64607.30080735006,60602.41416914243
confirmed_hold_3d,2020Q1,-0.34882510364712305,-0.11757169413138979,-0.23125340951573325,42070.652406865316,53477.28566682422
confirmed_hold_3d,2020Q2,0.062631691820354,0.2122213047068533,-0.1495896128864993,44705.60854309334,64826.30500321876
confirmed_hold_3d,2020Q3,0.08163434349198151,0.09024263656416354,-0.008608293072182027,48355.12154691828,70676.40168542185
confirmed_hold_3d,2020Q4,0.011438056896319715,0.11395418030348048,-0.10251612340716076,48908.21017840039,78730.27310628362
confirmed_hold_3d,2021Q1,0.14304910637026458,0.0594017094017083,0.08364739696855628,55904.48593858964,83406.98591046022
confirmed_hold_3d,2021Q2,0.05777365123328537,0.08120713997579676,-0.023433488742511388,59134.29221158183,90180.22869025028
confirmed_hold_3d,2021Q3,-0.06305059458253992,0.0027981811822321845,-0.0658487757647721,55405.839927423935,90432.56930918073
confirmed_hold_3d,2021Q4,0.09812223332297187,0.10487152656667686,-0.00674929324370499,60842.38468023786,99916.37090398133
confirmed_hold_3d,2022Q1,0.11521536249505449,-0.04619593812480294,0.16141130061985742,67852.36208623502,95300.64041604614
confirmed_hold_3d,2022Q2,0.0012621977524720496,-0.16732127096204708,0.16858346871451912,67938.00518516019,79354.81613813627
confirmed_hold_3d,2022Q3,-0.13826642381441956,-0.05111694093330155,-0.08714948288111801,58544.4601671226,75298.44068883016
confirmed_hold_3d,2022Q4,0.033502297303006356,0.06987265415549593,-0.03637035685248957,60505.83407708556,80559.7425935289
confirmed_hold_3d,2023Q1,0.17426695396540737,0.06880709997389656,0.10545985399151081,71050.0014788356,86102.82485603323
confirmed_hold_3d,2023Q2,0.29588925423556534,0.08144873736140301,0.21444051687416232,92072.93342984408,93115.79122380716
confirmed_hold_3d,2023Q3,0.08864311687511361,-0.0347327296131521,0.12337584648826572,100234.5652289003,89881.62562451595
confirmed_hold_3d,2023Q4,0.028043868512205083,0.11145684673513867,-0.08341297822293359,103045.53019655764,99899.54819605272
confirmed_hold_3d,2024Q1,0.18129232292831032,0.10078514745195433,0.080507175476356,121726.89373327092,109967.93889137552
confirmed_hold_3d,2024Q2,0.05368331978468843,0.04239716990151954,0.011286149883168894,128261.59749595089,114630.2682802731
confirmed_hold_3d,2024Q3,0.18982990806138877,0.05158188558296062,0.13824802247842816,152609.4847564141,120543.11366305022
confirmed_hold_3d,2024Q4,-0.007694840485082066,0.023131672597864084,-0.03082651308294615,151435.17911470294,123331.477502231
confirmed_hold_3d,2025Q1,0.055300075776666624,-0.05029667519181591,0.10559675096848253,159809.5559949991,117128.31423737454
confirmed_hold_3d,2025Q2,-0.0231270317371437,-0.003417055160764293,-0.019709976576379407,156113.6353216039,116728.0803267381
confirmed_hold_3d,2025Q3,0.34657546333761324,0.07603891793883788,0.27053654539877536,210218.79081650797,125603.95724786102
confirmed_hold_3d,2025Q4,0.07128300363554141,0.027065655653849108,0.0442173479816923,225203.81764654024,129003.51070349241
confirmed_hold_3d,2026Q1,0.21754530209750156,-0.044516384197343384,0.26206168629484494,274195.8501899675,123260.74085820965
confirmed_hold_3d,2026Q2,0.1381323681697073,0.1402005273808795,-0.0020681592111722047,312071.172319014,140541.96173188856
confirmed_hold_5d,2018Q1,0.03926362578096265,-0.012334072876321267,0.05159769865728392,51963.18128904814,49383.296356183935
confirmed_hold_5d,2018Q2,0.0852452226839353,0.032667047401485405,0.0525781752824499,56392.79424939875,50996.502839093
confirmed_hold_5d,2018Q3,0.23328049283489527,0.07289016701692264,0.16039032581797263,69548.13308423533,54713.646448313455
confirmed_hold_5d,2018Q4,-0.06611540416662842,-0.14089347079037806,0.07477806662374964,64949.93015633665,47004.85090061293
confirmed_hold_5d,2019Q1,0.019637039896253317,0.1298800000000011,-0.11024296010374779,66225.3545260755,53109.840935584594
confirmed_hold_5d,2019Q2,-0.0019228344813339016,0.04205756363507662,-0.043980398116410524,66098.01413085421,55343.51145038174
confirmed_hold_5d,2019Q3,0.0010843071805242133,0.01029386784440356,-0.009209560663879346,66169.68468219468,55913.2102432972
confirmed_hold_5d,2019Q4,0.0627313454734355,0.08386576097921972,-0.02113441550578421,70320.59803186174,60602.41416914243
confirmed_hold_5d,2020Q1,-0.30711038834660587,-0.11757169413138979,-0.18953869421521607,48724.41186153111,53477.28566682422
confirmed_hold_5d,2020Q2,0.1414447209754206,0.2122213047068533,-0.0707765837314327,55616.222701976854,64826.30500321876
confirmed_hold_5d,2020Q3,0.10858831330308782,0.09024263656416354,0.018345676738924288,61655.49451747342,70676.40168542185
confirmed_hold_5d,2020Q4,-0.02766040820554294,0.11395418030348048,-0.14161458850902342,59950.07837100549,78730.27310628362
confirmed_hold_5d,2021Q1,0.14580683483991908,0.0594017094017083,0.08640512543821077,68691.20954668689,83406.98591046022
confirmed_hold_5d,2021Q2,0.06041222577192307,0.08120713997579676,-0.020794914203873693,72840.99840636781,90180.22869025028
confirmed_hold_5d,2021Q3,-0.08150548736609087,0.0027981811822321845,-0.08430366854832305,66904.05733102416,90432.56930918073
confirmed_hold_5d,2021Q4,0.11385486099679643,0.10487152656667686,0.00898333443011956,74521.40947856962,99916.37090398133
confirmed_hold_5d,2022Q1,0.14977780926997664,-0.04619593812480294,0.19597374739477957,85683.06293398065,95300.64041604614
confirmed_hold_5d,2022Q2,-0.017104283563824207,-0.16732127096204708,0.15021698739822287,84217.51552894084,79354.81613813627
confirmed_hold_5d,2022Q3,-0.17040489418225424,-0.05111694093330155,-0.1192879532489527,69866.43870693933,75298.44068883016
confirmed_hold_5d,2022Q4,0.0855403392636056,0.06987265415549593,0.015667685108109675,75842.83757707082,80559.7425935289
confirmed_hold_5d,2023Q1,0.17942486477183084,0.06880709997389656,0.11061776479793428,89450.92845324868,86102.82485603323
confirmed_hold_5d,2023Q2,0.24211212293772455,0.08144873736140301,0.16066338557632154,111108.08263981523,93115.79122380716
confirmed_hold_5d,2023Q3,0.047785486965026935,-0.0347327296131521,0.08251821657817904,116417.43647450925,89881.62562451595
confirmed_hold_5d,2023Q4,0.11254495557883781,0.11145684673513867,0.0010881088436991426,129519.63169113507,99899.54819605272
confirmed_hold_5d,2024Q1,0.22057224687669041,0.10078514745195433,0.11978709942473609,158088.06786789015,109967.93889137552
confirmed_hold_5d,2024Q2,0.07978226753514539,0.04239716990151954,0.03738509763362585,170700.69239264037,114630.2682802731
confirmed_hold_5d,2024Q3,0.21882274079089092,0.05158188558296062,0.1672408552079303,208053.8857569007,120543.11366305022
confirmed_hold_5d,2024Q4,-0.010070842429239057,0.023131672597864084,-0.03320251502710314,205958.60785665206,123331.477502231
confirmed_hold_5d,2025Q1,0.0357837549206812,-0.05029667519181591,0.08608043011249711,213328.58020399918,117128.31423737454
confirmed_hold_5d,2025Q2,-0.009156012276909542,-0.003417055160764293,-0.005738957116145249,211375.34110463568,116728.0803267381
confirmed_hold_5d,2025Q3,0.3459110678173174,0.07603891793883788,0.2698721498784795,284492.4110563899,125603.95724786102
confirmed_hold_5d,2025Q4,0.07331441167015962,0.027065655653849108,0.04624875601631051,305349.80479761434,129003.51070349241
confirmed_hold_5d,2026Q1,0.10082653161902377,-0.044516384197343384,0.14534291581636716,336137.1665459038,123260.74085820965
confirmed_hold_5d,2026Q2,0.14601010058558783,0.1402005273808795,0.005809573204708318,385216.58804382564,140541.96173188856
confirmed_hold_10d,2018Q1,-0.018471384055841145,-0.012334072876321267,-0.006137311179519878,49076.43079720794,49383.296356183935
confirmed_hold_10d,2018Q2,0.0936550724513543,0.032667047401485405,0.06098802504986889,53672.687479174325,50996.502839093
confirmed_hold_10d,2018Q3,0.16803599864849028,0.07289016701692264,0.09514583163156765,62691.6311198857,54713.646448313455
confirmed_hold_10d,2018Q4,0.018756445544456657,-0.14089347079037806,0.15964991633483472,63867.503285078994,47004.85090061293
confirmed_hold_10d,2019Q1,0.054536422474328994,0.1298800000000011,-0.07534357752567211,67350.60842661465,53109.840935584594
confirmed_hold_10d,2019Q2,-0.005656565909628597,0.04205756363507662,-0.04771412954470522,66969.63527099592,55343.51145038174
confirmed_hold_10d,2019Q3,0.018496690684712602,0.01029386784440356,0.008202822840309043,68208.35189987154,55913.2102432972
confirmed_hold_10d,2019Q4,0.06325222808452513,0.08386576097921972,-0.020613532894694586,72522.68213151177,60602.41416914243
confirmed_hold_10d,2020Q1,-0.24972246717748248,-0.11757169413138979,-0.13215077304609268,54412.13902330233,53477.28566682422
confirmed_hold_10d,2020Q2,0.148195656588898,0.2122213047068533,-0.0640256481179553,62475.78169226702,64826.30500321876
confirmed_hold_10d,2020Q3,0.06212928140050189,0.09024263656416354,-0.028113355163661646,66357.3571137422,70676.40168542185
confirmed_hold_10d,2020Q4,-0.016005482325164522,0.11395418030348048,-0.129959662628645,65295.27560731357,78730.27310628362
confirmed_hold_10d,2021Q1,0.1437598282370316,0.0594017094017083,0.08435811883532329,74682.1132133106,83406.98591046022
confirmed_hold_10d,2021Q2,0.05670090016851659,0.08120713997579676,-0.024506239807280172,78916.65625899239,90180.22869025028
confirmed_hold_10d,2021Q3,-0.024972241835037434,0.0027981811822321845,-0.02777042301726962,76945.9304340803,90432.56930918073
confirmed_hold_10d,2021Q4,0.1028862047449366,0.10487152656667686,-0.0019853218217402713,84862.60518701073,99916.37090398133
confirmed_hold_10d,2022Q1,0.10372601945861559,-0.04619593812480294,0.14992195758341853,93665.06542394742,95300.64041604614
confirmed_hold_10d,2022Q2,0.037582652105214054,-0.16732127096204708,0.20490392306726113,97185.24699218775,79354.81613813627
confirmed_hold_10d,2022Q3,-0.18375098740267437,-0.05111694093330155,-0.13263404646937282,79327.36189640046,75298.44068883016
confirmed_hold_10d,2022Q4,0.04789651361265923,0.06987265415549593,-0.021976140542836697,83126.86596532774,80559.7425935289
confirmed_hold_10d,2023Q1,0.18128139827588896,0.06880709997389656,0.1124742983019924,98196.22046181475,86102.82485603323
confirmed_hold_10d,2023Q2,0.282134101288005,0.08144873736140301,0.20068536392660197,125900.72287168767,93115.79122380716
confirmed_hold_10d,2023Q3,0.04398645777766719,-0.0347327296131521,0.07871918739081929,131438.64970246094,89881.62562451595
confirmed_hold_10d,2023Q4,0.07164352322731915,0.11145684673513867,-0.03981332350781952,140855.37765538666,99899.54819605272
confirmed_hold_10d,2024Q1,0.2649023873179659,0.10078514745195433,0.16411723986601157,178168.30346287225,109967.93889137552
confirmed_hold_10d,2024Q2,0.02632388894014115,0.04239716990151954,-0.01607328096137839,182858.38609588228,114630.2682802731
confirmed_hold_10d,2024Q3,0.2143355226669319,0.05158188558296062,0.16275363708397128,222051.43385377483,120543.11366305022
confirmed_hold_10d,2024Q4,0.015147108603312365,0.023131672597864084,-0.007984563994551719,225414.8710378792,123331.477502231
confirmed_hold_10d,2025Q1,-0.03241248783146311,-0.05029667519181591,0.0178841873603528,218108.6142733331,117128.31423737454
confirmed_hold_10d,2025Q2,-0.04517910487377286,-0.003417055160764293,-0.041762049713008564,208254.6623152049,116728.0803267381
confirmed_hold_10d,2025Q3,0.3241007910767404,0.07603891793883788,0.2480618731379025,275750.16311698226,125603.95724786102
confirmed_hold_10d,2025Q4,0.1438706161181098,0.027065655653849108,0.1168049604642607,315422.5089792918,129003.51070349241
confirmed_hold_10d,2026Q1,0.028263740317345798,-0.044516384197343384,0.07278012451468918,324337.52886332816,123260.74085820965
confirmed_hold_10d,2026Q2,0.054214707808527995,0.1402005273808795,-0.08598581957235152,341921.3932219935,140541.96173188856
confirmed_signal_exit_max10,2018Q1,0.00994653532615053,-0.012334072876321267,0.022280608202471797,50497.32676630753,49383.296356183935
confirmed_signal_exit_max10,2018Q2,0.074068482946267,0.032667047401485405,0.041401435544781595,54237.58715272985,50996.502839093
confirmed_signal_exit_max10,2018Q3,0.16719179830361952,0.07289016701692264,0.09430163128669689,63305.66688444405,54713.646448313455
confirmed_signal_exit_max10,2018Q4,0.0014741752184577184,-0.14089347079037806,0.14236764600883578,63398.990529753035,47004.85090061293
confirmed_signal_exit_max10,2019Q1,0.06617491784951124,0.1298800000000011,-0.06370508215048987,67594.41351980138,53109.840935584594
confirmed_signal_exit_max10,2019Q2,-0.023707570045752524,0.04205756363507662,-0.06576513368082915,65991.91422657913,55343.51145038174
confirmed_signal_exit_max10,2019Q3,0.0029382718630075466,0.01029386784440356,-0.0073555959813960126,66185.8164113371,55913.2102432972
confirmed_signal_exit_max10,2019Q4,0.08857828583208804,0.08386576097921972,0.004712524852868327,72048.44257545062,60602.41416914243
confirmed_signal_exit_max10,2020Q1,-0.3062288139028301,-0.11757169413138979,-0.18865711977144028,49985.13346202421,53477.28566682422
confirmed_signal_exit_max10,2020Q2,0.16172137402226783,0.2122213047068533,-0.05049993068458547,58068.7979261892,64826.30500321876
confirmed_signal_exit_max10,2020Q3,0.11290363767971234,0.09024263656416354,0.022661001115548807,64624.976447744106,70676.40168542185
confirmed_signal_exit_max10,2020Q4,-0.00919325164367435,0.11395418030348048,-0.12314743194715483,64030.86277679347,78730.27310628362
confirmed_signal_exit_max10,2021Q1,0.12558161410752655,0.0594017094017083,0.06617990470581825,72071.96187700074,83406.98591046022
confirmed_signal_exit_max10,2021Q2,0.01776075358043805,0.08120713997579676,-0.06344638639535871,73352.01423195687,90180.22869025028
confirmed_signal_exit_max10,2021Q3,-0.03756543319027372,0.0027981811822321845,-0.04036361437250591,70596.51404195429,90432.56930918073
confirmed_signal_exit_max10,2021Q4,0.10843257403956086,0.10487152656667686,0.0035610474728839936,78251.4757777434,99916.37090398133
confirmed_signal_exit_max10,2022Q1,0.09332080904768181,-0.04619593812480294,0.13951674717248475,85553.96680649748,95300.64041604614
confirmed_signal_exit_max10,2022Q2,-0.005719804271910767,-0.16732127096204708,0.1616014666901363,85064.61486167877,79354.81613813627
confirmed_signal_exit_max10,2022Q3,-0.21836518990798048,-0.05111694093330155,-0.16724824897467894,66489.46408295906,75298.44068883016
confirmed_signal_exit_max10,2022Q4,-0.0025715481524666295,0.06987265415549593,-0.07244420230796256,66318.48322443804,80559.7425935289
confirmed_signal_exit_max10,2023Q1,0.08760626107142522,0.06880709997389656,0.01879916109752866,72128.3975796591,86102.82485603323
confirmed_signal_exit_max10,2023Q2,0.2933631316016041,0.08144873736140301,0.2119143942402011,93288.21017103345,93115.79122380716
confirmed_signal_exit_max10,2023Q3,0.05710576113559718,-0.0347327296131521,0.09183849074874928,98615.50441782788,89881.62562451595
confirmed_signal_exit_max10,2023Q4,0.05485034255451282,0.11145684673513867,-0.05660650418062585,104024.59861633182,99899.54819605272
confirmed_signal_exit_max10,2024Q1,0.2261878534473163,0.10078514745195433,0.12540270599536196,127553.69928307857,109967.93889137552
confirmed_signal_exit_max10,2024Q2,0.031559097069599806,0.04239716990151954,-0.010838072831919732,131579.1788603398,114630.2682802731
confirmed_signal_exit_max10,2024Q3,0.22287569706859567,0.05158188558296062,0.17129381148563505,160904.98006855146,120543.11366305022
confirmed_signal_exit_max10,2024Q4,0.037267173388760844,0.023131672597864084,0.01413550079089676,166901.45385988127,123331.477502231
confirmed_signal_exit_max10,2025Q1,0.015645556182799947,-0.05029667519181591,0.06594223137461586,169512.71993323704,117128.31423737454
confirmed_signal_exit_max10,2025Q2,-0.02121650268619313,-0.003417055160764293,-0.017799447525428835,165916.2528554296,116728.0803267381
confirmed_signal_exit_max10,2025Q3,0.3211471888151487,0.07603891793883788,0.24510827087631082,219199.7910386942,125603.95724786102
confirmed_signal_exit_max10,2025Q4,0.13340270645228602,0.027065655653849108,0.10633705079843692,248441.63641703155,129003.51070349241
confirmed_signal_exit_max10,2026Q1,0.09484458365876969,-0.044516384197343384,0.13936096785611307,272004.9799865083,123260.74085820965
confirmed_signal_exit_max10,2026Q2,0.17568597101760242,0.1402005273808795,0.0354854436367229,319792.43901706155,140541.96173188856
spy_fused_rebalance_daily,2018Q1,-0.07135718357081755,-0.012334072876321267,-0.059023110694496284,46432.14082145912,49383.296356183935
spy_fused_rebalance_daily,2018Q2,-0.018309704299053653,0.032667047401485405,-0.05097675170053906,45581.98205304619,50996.502839093
spy_fused_rebalance_daily,2018Q3,0.2027011110044883,0.07289016701692264,0.12981094398756565,54821.5004569853,54713.646448313455
spy_fused_rebalance_daily,2018Q4,-0.05170142071121242,-0.14089347079037806,0.08919205007916564,51987.15099783878,47004.85090061293
spy_fused_rebalance_daily,2019Q1,-0.01871966670284797,0.1298800000000011,-0.14859966670284908,51013.968858328604,53109.840935584594
spy_fused_rebalance_daily,2019Q2,0.01118230642042417,0.04205756363507662,-0.030875257214652452,51584.42268982441,55343.51145038174
spy_fused_rebalance_daily,2019Q3,-0.014199996264723125,0.01029386784440356,-0.024493864109126684,50851.924080311,55913.2102432972
spy_fused_rebalance_daily,2019Q4,-0.016366002581399752,0.08386576097921972,-0.10023176356061947,50019.68135954349,60602.41416914243
spy_fused_rebalance_daily,2020Q1,-0.15332579759074372,-0.11757169413138979,-0.035754103459353925,42350.37381985663,53477.28566682422
spy_fused_rebalance_daily,2020Q2,0.008345024850380023,0.2122213047068533,-0.20387627985647327,42703.78874180622,64826.30500321876
spy_fused_rebalance_daily,2020Q3,0.11944144836961179,0.09024263656416354,0.029198811805448255,47804.39111999747,70676.40168542185
spy_fused_rebalance_daily,2020Q4,-0.01783708525657779,0.11395418030348048,-0.13179126556005827,46951.70011995128,78730.27310628362
spy_fused_rebalance_daily,2021Q1,0.1189466727939652,0.0594017094017083,0.0595449633922569,52536.4486312395,83406.98591046022
spy_fused_rebalance_daily,2021Q2,0.009664913816790355,0.08120713997579676,-0.0715422261590064,53044.208879500664,90180.22869025028
spy_fused_rebalance_daily,2021Q3,-0.08026642901781711,0.0027981811822321845,-0.0830646102000493,48786.53965266796,90432.56930918073
spy_fused_rebalance_daily,2021Q4,0.03486570634265318,0.10487152656667686,-0.07000582022402368,50487.51681767208,99916.37090398133
spy_fused_rebalance_daily,2022Q1,-0.016770255939233536,-0.04619593812480294,0.029425682185569402,49640.82823890336,95300.64041604614
spy_fused_rebalance_daily,2022Q2,0.0,-0.16732127096204708,0.16732127096204708,49640.82823890336,79354.81613813627
spy_fused_rebalance_daily,2022Q3,-0.04140838369910138,-0.05111694093330155,0.009708557234200166,47585.28177604567,75298.44068883016
spy_fused_rebalance_daily,2022Q4,-0.04598376931046688,0.06987265415549593,-0.11585642346596281,45397.13115628242,80559.7425935289
spy_fused_rebalance_daily,2023Q1,-0.04086137345378893,0.06880709997389656,-0.10966847342768549,43542.142026374924,86102.82485603323
spy_fused_rebalance_daily,2023Q2,0.13049550246015396,0.08144873736140301,0.049046765098750944,49224.1957282981,93115.79122380716
spy_fused_rebalance_daily,2023Q3,0.11183500720687412,-0.0347327296131521,0.14656773682002622,54729.184012324906,89881.62562451595
spy_fused_rebalance_daily,2023Q4,-0.013295683063022201,0.11145684673513867,-0.12475252979816087,54001.522127399214,99899.54819605272
spy_fused_rebalance_daily,2024Q1,0.24206140946297805,0.10078514745195433,0.14127626201102372,67073.20668670366,109967.93889137552
spy_fused_rebalance_daily,2024Q2,-0.03268577851819798,0.04239716990151954,-0.07508294841971752,64880.86670843675,114630.2682802731
spy_fused_rebalance_daily,2024Q3,0.1363816056158602,0.05158188558296062,0.0847997200328996,73729.42348388197,120543.11366305022
spy_fused_rebalance_daily,2024Q4,0.011738789240405278,0.023131672597864084,-0.011392883357458805,74594.91764697584,123331.477502231
spy_fused_rebalance_daily,2025Q1,-0.03023459241771498,-0.05029667519181591,0.02006208277410093,72339.57071548651,117128.31423737454
spy_fused_rebalance_daily,2025Q2,0.030828066358778328,-0.003417055160764293,0.03424512151954262,74569.65980186906,116728.0803267381
spy_fused_rebalance_daily,2025Q3,0.3630667188232608,0.07603891793883788,0.2870278008844229,101643.42150990047,125603.95724786102
spy_fused_rebalance_daily,2025Q4,0.06599624256986147,0.027065655653849108,0.038930586916012366,108351.50541149854,129003.51070349241
spy_fused_rebalance_daily,2026Q1,0.01708994636068173,-0.044516384197343384,0.06160633055802511,110203.22682708017,123260.74085820965
spy_fused_rebalance_daily,2026Q2,-0.014445293818235228,0.1402005273808795,-0.15464582119911474,108611.30883584538,140541.96173188856
spy_fused_hold_3d,2018Q1,-0.04358552079322331,-0.012334072876321267,-0.03125144791690204,47820.72396033884,49383.296356183935
spy_fused_hold_3d,2018Q2,0.0029403600388508977,0.032667047401485405,-0.029726687362634507,47961.33410610074,50996.502839093
spy_fused_hold_3d,2018Q3,0.16184486942444742,0.07289016701692264,0.08895470240752479,55723.629961924904,54713.646448313455
spy_fused_hold_3d,2018Q4,-0.010637723151095568,-0.14089347079037806,0.1302557476392825,55130.857413415855,47004.85090061293
spy_fused_hold_3d,2019Q1,0.01267536610497677,0.1298800000000011,-0.11720463389502433,55829.66121481217,53109.840935584594
spy_fused_hold_3d,2019Q2,0.027504113640849592,0.04205756363507662,-0.01455344999422703,57365.206561394494,55343.51145038174
spy_fused_hold_3d,2019Q3,-0.012585599743377474,0.01029386784440356,-0.022879467587781033,56643.23103241661,55913.2102432972
spy_fused_hold_3d,2019Q4,-0.02080092397814315,0.08386576097921972,-0.10466668495736287,55464.99948983491,60602.41416914243
spy_fused_hold_3d,2020Q1,-0.14805728413047958,-0.11757169413138979,-0.03048558999908979,47253.002301071516,53477.28566682422
spy_fused_hold_3d,2020Q2,0.013061161378516983,0.2122213047068533,-0.19916014332833631,47870.181389745245,64826.30500321876
spy_fused_hold_3d,2020Q3,0.08582143358447003,0.09024263656416354,-0.004421202979693506,51978.468982561804,70676.40168542185
spy_fused_hold_3d,2020Q4,-0.004082621701663625,0.11395418030348048,-0.1180368020051441,51766.26055707435,78730.27310628362
spy_fused_hold_3d,2021Q1,0.18056793178744202,0.0594017094017083,0.12116622238573371,61113.5871622351,83406.98591046022
spy_fused_hold_3d,2021Q2,0.04890386688684245,0.08120713997579676,-0.03230327308895431,64102.27789379448,90180.22869025028
spy_fused_hold_3d,2021Q3,-0.09015307234741021,0.0027981811822321845,-0.0929512535296424,58323.260597201435,90432.56930918073
spy_fused_hold_3d,2021Q4,0.025959815395921737,0.10487152656667686,-0.07891171117075513,59837.32167559302,99916.37090398133
spy_fused_hold_3d,2022Q1,-0.016770255939233647,-0.04619593812480294,0.02942568218556929,58833.83447637507,95300.64041604614
spy_fused_hold_3d,2022Q2,0.0,-0.16732127096204708,0.16732127096204708,58833.83447637507,79354.81613813627
spy_fused_hold_3d,2022Q3,-0.056950490714804736,-0.05111694093330155,-0.005833549781503189,55483.218732311914,75298.44068883016
spy_fused_hold_3d,2022Q4,-0.029737954483018303,0.06987265415549593,-0.09961060863851423,53833.26129907907,80559.7425935289
spy_fused_hold_3d,2023Q1,-0.00853494234974339,0.06880709997389656,-0.07734204232363995,53373.79751739276,86102.82485603323
spy_fused_hold_3d,2023Q2,0.16074125073733714,0.08144873736140301,0.07929251337593413,61953.16848693986,93115.79122380716
spy_fused_hold_3d,2023Q3,0.07418887868956481,-0.0347327296131521,0.10892160830271691,66549.40458825161,89881.62562451595
spy_fused_hold_3d,2023Q4,-0.025962066997308297,0.11145684673513867,-0.13741891373244697,64821.64448770044,99899.54819605272
spy_fused_hold_3d,2024Q1,0.17724599678941266,0.10078514745195433,0.07646084933745834,76311.02147845185,109967.93889137552
spy_fused_hold_3d,2024Q2,-0.024294199686712314,0.04239716990151954,-0.06669136958823185,74457.10628435735,114630.2682802731
spy_fused_hold_3d,2024Q3,0.13349608475213048,0.05158188558296062,0.08191419916916987,84396.83845529231,120543.11366305022
spy_fused_hold_3d,2024Q4,-0.02354180031493358,0.023131672597864084,-0.046673472912797664,82409.98493716611,123331.477502231
spy_fused_hold_3d,2025Q1,-0.005339298794841962,-0.05029667519181591,0.04495737639697395,81969.97340390815,117128.31423737454
spy_fused_hold_3d,2025Q2,0.030828066358778772,-0.003417055160764293,0.034245121519543065,84496.94918343116,116728.0803267381
spy_fused_hold_3d,2025Q3,0.33681177283340924,0.07603891793883788,0.26077285489457136,112956.51643691711,125603.95724786102
spy_fused_hold_3d,2025Q4,0.059695055708580025,0.027065655653849108,0.03262940005473092,119699.46197826602,129003.51070349241
spy_fused_hold_3d,2026Q1,-0.03508582819474171,-0.044516384197343384,0.009430556002601675,115499.70722029355,123260.74085820965
spy_fused_hold_3d,2026Q2,-0.014368488604136198,0.1402005273808795,-0.1545690159850157,113840.1509933177,140541.96173188856
spy_fused_hold_5d,2018Q1,-0.023096615457989578,-0.012334072876321267,-0.01076254258166831,48845.16922710052,49383.296356183935
spy_fused_hold_5d,2018Q2,-0.0020476314914612548,0.032667047401485405,-0.03471467889294666,48745.15232038536,50996.502839093
spy_fused_hold_5d,2018Q3,0.21091390917619557,0.07289016701692264,0.13802374215927293,59026.18294966693,54713.646448313455
spy_fused_hold_5d,2018Q4,0.02659651049265821,-0.14089347079037806,0.16748998128303627,60596.073443829315,47004.85090061293
spy_fused_hold_5d,2019Q1,0.007349617359798666,0.1298800000000011,-0.12253038264020244,61041.431397147724,53109.840935584594
spy_fused_hold_5d,2019Q2,0.038903466950124255,0.04205756363507662,-0.0031540966849523677,63416.15470609494,55343.51145038174
spy_fused_hold_5d,2019Q3,-0.01399112774497191,0.01029386784440356,-0.02428499558937547,62528.89118450706,55913.2102432972
spy_fused_hold_5d,2019Q4,0.0013477729747264355,0.08386576097921972,-0.08251798800449328,62613.165934185155,60602.41416914243
spy_fused_hold_5d,2020Q1,-0.19541272530535758,-0.11757169413138979,-0.07784103117396779,50377.75653898946,53477.28566682422
spy_fused_hold_5d,2020Q2,-0.0010149240327566034,0.2122213047068533,-0.2132362287396099,50326.626943161675,64826.30500321876
spy_fused_hold_5d,2020Q3,0.10923791057566046,0.09024263656416354,0.01899527401149692,55824.202516753394,70676.40168542185
spy_fused_hold_5d,2020Q4,-0.0006648803358468847,0.11395418030348048,-0.11461906063932736,55787.08610223567,78730.27310628362
spy_fused_hold_5d,2021Q1,0.1984641942697416,0.0594017094017083,0.1390624848680333,66858.82519617258,83406.98591046022
spy_fused_hold_5d,2021Q2,0.06214785066715711,0.08120713997579676,-0.01905928930863965,71013.95748024587,90180.22869025028
spy_fused_hold_5d,2021Q3,-0.10317863312925224,0.0027981811822321845,-0.10597681431148442,63686.83441433526,90432.56930918073
spy_fused_hold_5d,2021Q4,0.025661318607430816,0.10487152656667686,-0.07921020795924605,65321.12256334021,99916.37090398133
spy_fused_hold_5d,2022Q1,-0.021037959316555055,-0.04619593812480294,0.025157978808247883,63946.89944434095,95300.64041604614
spy_fused_hold_5d,2022Q2,0.0,-0.16732127096204708,0.16732127096204708,63946.89944434095,79354.81613813627
spy_fused_hold_5d,2022Q3,-0.037693438503250465,-0.05111694093330155,0.013423502430051082,61536.52092266214,75298.44068883016
spy_fused_hold_5d,2022Q4,0.0015547367571591142,0.06987265415549593,-0.06831791739833681,61632.19401364829,80559.7425935289
spy_fused_hold_5d,2023Q1,-0.06468166304977774,0.06880709997389656,-0.1334887630236743,57645.72120743896,86102.82485603323
spy_fused_hold_5d,2023Q2,0.09648635983847087,0.08144873736140301,0.015037622477067858,63207.74700700809,93115.79122380716
spy_fused_hold_5d,2023Q3,0.0458220714003954,-0.0347327296131521,0.0805548010135475,66104.05690342134,89881.62562451595
spy_fused_hold_5d,2023Q4,-0.019683623569939912,0.11145684673513867,-0.13114047030507858,64802.889530888504,99899.54819605272
spy_fused_hold_5d,2024Q1,0.19642500761233483,0.10078514745195433,0.09563986016038051,77531.79760029457,109967.93889137552
spy_fused_hold_5d,2024Q2,0.0029526266237669407,0.04239716990151954,-0.0394445432777526,77760.7200500777,114630.2682802731
spy_fused_hold_5d,2024Q3,0.15985811646318848,0.05158188558296062,0.10827623088022786,90191.40229210441,120543.11366305022
spy_fused_hold_5d,2024Q4,0.008593271946021552,0.023131672597864084,-0.014538400651842531,90966.44153919349,123331.477502231
spy_fused_hold_5d,2025Q1,0.07178123008645443,-0.05029667519181591,0.12207790527827034,97496.12460946434,117128.31423737454
spy_fused_hold_5d,2025Q2,0.03028262901354184,-0.003417055160764293,0.03369968417430613,100448.5635812708,116728.0803267381
spy_fused_hold_5d,2025Q3,0.3510054241260858,0.07603891793883788,0.27496650618724794,135706.55424397087,125603.95724786102
spy_fused_hold_5d,2025Q4,0.10505100137393542,0.027065655653849108,0.07798534572008631,149962.66366030628,129003.51070349241
spy_fused_hold_5d,2026Q1,-0.035493571145370106,-0.044516384197343384,0.009022813051973277,144639.95318853,123260.74085820965
spy_fused_hold_5d,2026Q2,-0.014368488604136309,0.1402005273808795,-0.15456901598501582,142561.6956694378,140541.96173188856
spy_fused_rank_exit_max10,2018Q1,-0.09667309069651586,-0.012334072876321267,-0.0843390178201946,45166.34546517421,49383.296356183935
spy_fused_rank_exit_max10,2018Q2,-0.019362740811344148,0.032667047401485405,-0.05202978821282955,44291.80122453641,50996.502839093
spy_fused_rank_exit_max10,2018Q3,0.16554403201420875,0.07289016701692264,0.09265386499728612,51624.044584418036,54713.646448313455
spy_fused_rank_exit_max10,2018Q4,-0.041003720862676785,-0.14089347079037806,0.09988974992770128,49507.26667047618,47004.85090061293
spy_fused_rank_exit_max10,2019Q1,-0.002686768748014434,0.1298800000000011,-0.13256676874801554,49374.25209358633,53109.840935584594
spy_fused_rank_exit_max10,2019Q2,0.018952861952157285,0.04205756363507662,-0.023104701682919337,50310.03547750708,55343.51145038174
spy_fused_rank_exit_max10,2019Q3,-0.023192887208056567,0.01029386784440356,-0.033486755052460127,49143.20049924393,55913.2102432972
spy_fused_rank_exit_max10,2019Q4,-0.010896008357965448,0.08386576097921972,-0.09476176933718516,48607.735775867,60602.41416914243
spy_fused_rank_exit_max10,2020Q1,-0.1181409366785906,-0.11757169413138979,-0.00056924254720081,42865.17234148063,53477.28566682422
spy_fused_rank_exit_max10,2020Q2,-0.0010149240327563813,0.2122213047068533,-0.21323622873960968,42821.66744790302,64826.30500321876
spy_fused_rank_exit_max10,2020Q3,0.09198891468093406,0.09024263656416354,0.0017462781167705277,46760.7861612635,70676.40168542185
spy_fused_rank_exit_max10,2020Q4,-0.035542417212253374,0.11395418030348048,-0.14949659751573385,45098.79479034691,78730.27310628362
spy_fused_rank_exit_max10,2021Q1,0.17543642056915676,0.0594017094017083,0.11603471116744846,53010.765920348305,83406.98591046022
spy_fused_rank_exit_max10,2021Q2,-0.014890292957756124,0.08120713997579676,-0.09609743293355288,52221.42008587928,90180.22869025028
spy_fused_rank_exit_max10,2021Q3,-0.09955891147838836,0.0027981811822321845,-0.10235709266062054,47022.312346273495,90432.56930918073
spy_fused_rank_exit_max10,2021Q4,0.00594733376731571,0.10487152656667686,-0.09892419279936115,47301.969732307756,99916.37090398133
spy_fused_rank_exit_max10,2022Q1,-0.037184485451683735,-0.04619593812480294,0.009011452673119202,45543.07032696078,95300.64041604614
spy_fused_rank_exit_max10,2022Q2,0.0,-0.16732127096204708,0.16732127096204708,45543.07032696078,79354.81613813627
spy_fused_rank_exit_max10,2022Q3,-0.028927244002908248,-0.05111694093330155,0.0221896969303933,44225.63481897117,75298.44068883016
spy_fused_rank_exit_max10,2022Q4,-0.046838411103764854,0.06987265415549593,-0.11671106525926078,42154.17635399522,80559.7425935289
spy_fused_rank_exit_max10,2023Q1,-0.01623064337397173,0.06880709997389656,-0.08503774334786829,41469.986950870014,86102.82485603323
spy_fused_rank_exit_max10,2023Q2,0.18787949221463718,0.08144873736140301,0.10643075485323417,49261.3470413471,93115.79122380716
spy_fused_rank_exit_max10,2023Q3,0.04199461491987444,-0.0347327296131521,0.07672734453302654,51330.058340782765,89881.62562451595
spy_fused_rank_exit_max10,2023Q4,-0.010390932133116926,0.11145684673513867,-0.1218477788682556,50796.69118817476,99899.54819605272
spy_fused_rank_exit_max10,2024Q1,0.23970814709957677,0.10078514745195433,0.13892299964762245,62973.07191168152,109967.93889137552
spy_fused_rank_exit_max10,2024Q2,-0.032685778518198205,0.04239716990151954,-0.07508294841971774,60914.74803056573,114630.2682802731
spy_fused_rank_exit_max10,2024Q3,0.11864502955770484,0.05158188558296062,0.06706314397474422,68141.98011115234,120543.11366305022
spy_fused_rank_exit_max10,2024Q4,0.045922622008321534,0.023131672597864084,0.02279094941045745,71271.23850669536,123331.477502231
spy_fused_rank_exit_max10,2025Q1,-0.003468749798890891,-0.05029667519181591,0.04682792539292502,71024.01641245856,117128.31423737454
spy_fused_rank_exit_max10,2025Q2,0.03082806635877855,-0.003417055160764293,0.03424512151954284,73213.5495034888,116728.0803267381
spy_fused_rank_exit_max10,2025Q3,0.3695633561508007,0.07603891793883788,0.29352443821196283,100270.59457371091,125603.95724786102
spy_fused_rank_exit_max10,2025Q4,0.14878220948460918,0.027065655653849108,0.12171655383076008,115189.0751807231,129003.51070349241
spy_fused_rank_exit_max10,2026Q1,-0.013508424085909465,-0.044516384197343384,0.03100796011143392,113633.05230311818,123260.74085820965
spy_fused_rank_exit_max10,2026Q2,-0.014368488604136087,0.1402005273808795,-0.1545690159850156,112000.31708604762,140541.96173188856
relative_momentum_hold_3d,2018Q1,0.07763030839946672,-0.012334072876321267,0.08996438127578799,53881.51541997334,49383.296356183935
relative_momentum_hold_3d,2018Q2,0.06728453837737791,0.032667047401485405,0.034617490975892506,57506.90831207981,50996.502839093
relative_momentum_hold_3d,2018Q3,-0.09305557541361198,0.07289016701692264,-0.16594574243053462,52155.5698688414,54713.646448313455
relative_momentum_hold_3d,2018Q4,-0.17760085159611816,-0.14089347079037806,-0.0367073808057401,42892.696244654326,47004.85090061293
relative_momentum_hold_3d,2019Q1,0.02552811908895758,0.1298800000000011,-0.10435188091104353,43987.66610243434,53109.840935584594
relative_momentum_hold_3d,2019Q2,0.013069570984053813,0.04205756363507662,-0.02898799265102281,44562.56602698297,55343.51145038174
relative_momentum_hold_3d,2019Q3,-0.017774141116373543,0.01029386784440356,-0.028068008960777102,43770.50468991166,55913.2102432972
relative_momentum_hold_3d,2019Q4,0.03139470555552504,0.08386576097921972,-0.05247105542369468,45144.66679666816,60602.41416914243
relative_momentum_hold_3d,2020Q1,-0.2141035950311977,-0.11757169413138979,-0.0965319008998079,35479.031339015964,53477.28566682422
relative_momentum_hold_3d,2020Q2,-0.11397869949513706,0.2122213047068533,-0.32620000420199036,31435.177487647714,64826.30500321876
relative_momentum_hold_3d,2020Q3,0.035429273123934735,0.09024263656416354,-0.0548133634402288,32548.902976556947,70676.40168542185
relative_momentum_hold_3d,2020Q4,0.11765639245148174,0.11395418030348048,0.0037022121480012604,36378.48947903193,78730.27310628362
relative_momentum_hold_3d,2021Q1,-0.09164699942076582,0.0594017094017083,-0.15104870882247412,33044.510074818754,83406.98591046022
relative_momentum_hold_3d,2021Q2,0.02812540016231302,0.08120713997579676,-0.05308173981348374,33973.90014384062,90180.22869025028
relative_momentum_hold_3d,2021Q3,-0.06589620247276196,0.0027981811822321845,-0.06869438365499414,31735.1491411727,90432.56930918073
relative_momentum_hold_3d,2021Q4,0.1812148822697488,0.10487152656667686,0.07634335570307194,37486.03045660323,99916.37090398133
relative_momentum_hold_3d,2022Q1,-0.031494787006353775,-0.04619593812480294,0.014701151118449163,36305.41591165882,95300.64041604614
relative_momentum_hold_3d,2022Q2,-0.27650923648043335,-0.16732127096204708,-0.10918796551838628,26266.63307782146,79354.81613813627
relative_momentum_hold_3d,2022Q3,-0.09608330376623486,-0.05111694093330155,-0.044966362832933315,23742.84819288891,75298.44068883016
relative_momentum_hold_3d,2022Q4,0.17287663493631156,0.06987265415549593,0.10300398078081563,27847.43189227923,80559.7425935289
relative_momentum_hold_3d,2023Q1,0.17411103638166492,0.06880709997389656,0.10530393640776836,32695.977119611794,86102.82485603323
relative_momentum_hold_3d,2023Q2,0.1214775873999312,0.08144873736140301,0.040028850038528185,36667.805537785585,93115.79122380716
relative_momentum_hold_3d,2023Q3,-0.10147304251338951,-0.0347327296131521,-0.06674031290023741,32947.01174757717,89881.62562451595
relative_momentum_hold_3d,2023Q4,0.001616091764935712,0.11145684673513867,-0.10984075497020296,33000.25714194167,99899.54819605272
relative_momentum_hold_3d,2024Q1,0.08519758606567174,0.10078514745195433,-0.015587561386282589,35811.79938998155,109967.93889137552
relative_momentum_hold_3d,2024Q2,-0.05888147517864062,0.04239716990151954,-0.10127864508016016,33703.147813097894,114630.2682802731
relative_momentum_hold_3d,2024Q3,0.13201082228867822,0.05158188558296062,0.0804289367057176,38152.32806962181,120543.11366305022
relative_momentum_hold_3d,2024Q4,-0.012200809254406697,0.023131672597864084,-0.03533248185227078,37686.83879223281,123331.477502231
relative_momentum_hold_3d,2025Q1,-0.11844849782036815,-0.05029667519181591,-0.06815182262855224,33222.88934969446,117128.31423737454
relative_momentum_hold_3d,2025Q2,0.22847659577703716,-0.003417055160764293,0.23189365093780145,40813.542010189834,116728.0803267381
relative_momentum_hold_3d,2025Q3,0.24124819744387183,0.07603891793883788,0.16520927950503395,50659.735451447865,125603.95724786102
relative_momentum_hold_3d,2025Q4,0.0865465801480152,0.027065655653849108,0.05948092449416609,55044.16230597384,129003.51070349241
relative_momentum_hold_3d,2026Q1,0.06812024041191456,-0.044516384197343384,0.11263662460925794,58793.783875529225,123260.74085820965
relative_momentum_hold_3d,2026Q2,0.34092424241291974,0.1402005273808795,0.20072371503204023,78838.01010188296,140541.96173188856
relative_momentum_hold_5d,2018Q1,0.1536299256143614,-0.012334072876321267,0.16596399849068266,57681.49628071807,49383.296356183935
relative_momentum_hold_5d,2018Q2,0.12593574930887308,0.032667047401485405,0.09326870190738767,64945.65873608728,50996.502839093
relative_momentum_hold_5d,2018Q3,-0.06423926940678837,0.07289016701692264,-0.137129436423711,60773.59706773843,54713.646448313455
relative_momentum_hold_5d,2018Q4,-0.1890063113057826,-0.14089347079037806,-0.04811284051540454,49287.00366118127,47004.85090061293
relative_momentum_hold_5d,2019Q1,0.03757639309482941,0.1298800000000011,-0.0923036069051717,51139.03148522011,53109.840935584594
relative_momentum_hold_5d,2019Q2,-0.04884182624952815,0.04205756363507662,-0.09089938988460478,48641.30779484984,55343.51145038174
relative_momentum_hold_5d,2019Q3,0.09046479637408433,0.01029386784440356,0.08017092852968077,53041.633799880095,55913.2102432972
relative_momentum_hold_5d,2019Q4,-0.09076866427856323,0.08386576097921972,-0.17463442525778294,48227.11554871229,60602.41416914243
relative_momentum_hold_5d,2020Q1,-0.11751279750820276,-0.11757169413138979,5.889662318703248e-05,42559.812284831765,53477.28566682422
relative_momentum_hold_5d,2020Q2,-0.024785376425609962,0.2122213047068533,-0.23700668113246326,41504.95131674891,64826.30500321876
relative_momentum_hold_5d,2020Q3,-0.014852891044998984,0.09024263656416354,-0.10509552760916252,40888.482797013254,70676.40168542185
relative_momentum_hold_5d,2020Q4,0.1209041631149046,0.11395418030348048,0.006949982811424116,45832.07059062432,78730.27310628362
relative_momentum_hold_5d,2021Q1,-0.13386845116690882,0.0594017094017083,-0.19327016056861712,39696.602286885005,83406.98591046022
relative_momentum_hold_5d,2021Q2,-0.021202967709421205,0.08120713997579676,-0.10241010768521797,38854.916510422445,90180.22869025028
relative_momentum_hold_5d,2021Q3,-0.02645881080547774,0.0027981811822321845,-0.029256991987709924,37826.861625610545,90432.56930918073
relative_momentum_hold_5d,2021Q4,0.15341554029042426,0.10487152656667686,0.04854401372374739,43630.0900393947,99916.37090398133
relative_momentum_hold_5d,2022Q1,-0.09995349065919179,-0.04619593812480294,-0.05375755253438885,39269.11024218237,95300.64041604614
relative_momentum_hold_5d,2022Q2,-0.33856761572042615,-0.16732127096204708,-0.17124634475837908,25973.861216024117,79354.81613813627
relative_momentum_hold_5d,2022Q3,-0.0017707634347698953,-0.05111694093330155,0.04934617749853165,25927.867652322995,75298.44068883016
relative_momentum_hold_5d,2022Q4,0.002779287132735009,0.06987265415549593,-0.06709336702276092,25999.928641268354,80559.7425935289
relative_momentum_hold_5d,2023Q1,0.2385544402020796,0.06880709997389656,0.16974734022818305,32202.327063580145,86102.82485603323
relative_momentum_hold_5d,2023Q2,0.176130702528565,0.08144873736140301,0.09468196516716199,37874.145552343136,93115.79122380716
relative_momentum_hold_5d,2023Q3,-0.10524260213750769,-0.0347327296131521,-0.07050987252435559,33888.17192067983,89881.62562451595
relative_momentum_hold_5d,2023Q4,0.13228108300516173,0.11145684673513867,0.020824236270023055,38370.93600341247,99899.54819605272
relative_momentum_hold_5d,2024Q1,0.10304750170237265,0.10078514745195433,0.002262354250418319,42324.96509654575,109967.93889137552
relative_momentum_hold_5d,2024Q2,-0.0067165124392795095,0.04239716990151954,-0.04911368234079905,42040.68894198273,114630.2682802731
relative_momentum_hold_5d,2024Q3,0.009253706306074694,0.05158188558296062,-0.042328179276885924,42429.72113035688,120543.11366305022
relative_momentum_hold_5d,2024Q4,0.22175758225844833,0.023131672597864084,0.19862590966058424,51838.83350412502,123331.477502231
relative_momentum_hold_5d,2025Q1,-0.1052701125313158,-0.05029667519181591,-0.05497343733949989,46381.75366765363,117128.31423737454
relative_momentum_hold_5d,2025Q2,0.2469201955321163,-0.003417055160764293,0.2503372506928806,57834.345352393124,116728.0803267381
relative_momentum_hold_5d,2025Q3,0.20479649989669446,0.07603891793883788,0.12875758195785658,69678.6168543799,125603.95724786102
relative_momentum_hold_5d,2025Q4,-0.09113490397044466,0.027065655653849108,-0.11820055962429377,63328.46279856258,129003.51070349241
relative_momentum_hold_5d,2026Q1,-0.12237379942898219,-0.044516384197343384,-0.0778574152316388,55578.71819390552,123260.74085820965
relative_momentum_hold_5d,2026Q2,0.0841382955786818,0.1402005273808795,-0.056062231802197715,60255.0168131886,140541.96173188856
relative_momentum_exit_max10,2018Q1,0.09738145168643064,-0.012334072876321267,0.10971552456275191,54869.07258432153,49383.296356183935
relative_momentum_exit_max10,2018Q2,-0.041341462572888066,0.032667047401485405,-0.07400850997437347,52600.704873667724,50996.502839093
relative_momentum_exit_max10,2018Q3,-0.02310451822348547,0.07289016701692264,-0.0959946852404081,51385.390929345886,54713.646448313455
relative_momentum_exit_max10,2018Q4,-0.04772249917867266,-0.14089347079037806,0.0931709716117054,48933.1516529244,47004.85090061293
relative_momentum_exit_max10,2019Q1,0.016669799392954543,0.1298800000000011,-0.11321020060704656,49748.85747464367,53109.840935584594
relative_momentum_exit_max10,2019Q2,-0.0070518750068733205,0.04205756363507662,-0.04910943864194994,49398.03474999773,55343.51145038174
relative_momentum_exit_max10,2019Q3,-0.04432764255184818,0.01029386784440356,-0.05462151039625174,47208.336322836054,55913.2102432972
relative_momentum_exit_max10,2019Q4,0.08248742197247028,0.08386576097921972,-0.0013783390067494405,51102.43028171612,60602.41416914243
relative_momentum_exit_max10,2020Q1,0.06397384962994468,-0.11757169413138979,0.18154554376133447,54371.64947228337,53477.28566682422
relative_momentum_exit_max10,2020Q2,-0.07630998353411322,0.2122213047068533,-0.2885312882409665,50222.549796330844,64826.30500321876
relative_momentum_exit_max10,2020Q3,-0.007449356260999407,0.09024263656416354,-0.09769199282516294,49848.42413056219,70676.40168542185
relative_momentum_exit_max10,2020Q4,-0.02631968057380618,0.11395418030348048,-0.14027386087728666,48536.42953033818,78730.27310628362
relative_momentum_exit_max10,2021Q1,-0.0772183751507054,0.0594017094017083,-0.1366200845524137,44788.52530638875,83406.98591046022
relative_momentum_exit_max10,2021Q2,0.056149074045601655,0.08120713997579676,-0.025058065930195106,47303.35953021048,90180.22869025028
relative_momentum_exit_max10,2021Q3,-0.053151253588423986,0.0027981811822321845,-0.05594943477065617,44789.12667223587,90432.56930918073
relative_momentum_exit_max10,2021Q4,-0.070770835903877,0.10487152656667686,-0.17564236247055387,41619.362738237105,99916.37090398133
relative_momentum_exit_max10,2022Q1,0.04351040702342979,-0.04619593812480294,0.08970634514823272,43430.23815103357,95300.64041604614
relative_momentum_exit_max10,2022Q2,0.0,-0.16732127096204708,0.16732127096204708,43430.23815103357,79354.81613813627
relative_momentum_exit_max10,2022Q3,-0.03388610352957455,-0.05111694093330155,0.017230837403726995,41958.55660473357,75298.44068883016
relative_momentum_exit_max10,2022Q4,-0.04429823705851865,0.06987265415549593,-0.11417089121401458,40099.86651762381,80559.7425935289
relative_momentum_exit_max10,2023Q1,0.08475149671377857,0.06880709997389656,0.015944396739882016,43498.39022301516,86102.82485603323
relative_momentum_exit_max10,2023Q2,0.06360189628683965,0.08144873736140301,-0.017846841074563358,46264.97032662385,93115.79122380716
relative_momentum_exit_max10,2023Q3,-0.0587297041842193,-0.0347327296131521,-0.023996974571067198,43547.84230524955,89881.62562451595
relative_momentum_exit_max10,2023Q4,0.013373212573797755,0.11145684673513867,-0.09808363416134092,44130.21685752788,99899.54819605272
relative_momentum_exit_max10,2024Q1,0.15569015201619352,0.10078514745195433,0.05490500456423919,51000.857028583974,109967.93889137552
relative_momentum_exit_max10,2024Q2,-0.06450774213290877,0.04239716990151954,-0.10690491203442831,47710.90689482673,114630.2682802731
relative_momentum_exit_max10,2024Q3,0.181973397949178,0.05158188558296062,0.13039151236621738,56393.02274171521,120543.11366305022
relative_momentum_exit_max10,2024Q4,0.032241735053197385,0.023131672597864084,0.009110062455333301,58211.23163980253,123331.477502231
relative_momentum_exit_max10,2025Q1,-0.019881216985234262,-0.05029667519181591,0.030415458206581647,57053.92151259388,117128.31423737454
relative_momentum_exit_max10,2025Q2,0.029483178671113386,-0.003417055160764293,0.03290023383187768,58736.05247443736,116728.0803267381
relative_momentum_exit_max10,2025Q3,0.23476977153512024,0.07603891793883788,0.15873085359628236,72525.50209473586,125603.95724786102
relative_momentum_exit_max10,2025Q4,0.0831914839831196,0.027065655653849108,0.05612582832927049,78559.00624061779,129003.51070349241
relative_momentum_exit_max10,2026Q1,0.0024064299688337787,-0.044516384197343384,0.04692281416617716,78748.052987557,123260.74085820965
relative_momentum_exit_max10,2026Q2,-0.02491525078903123,0.1402005273808795,-0.16511577816991074,76786.0254982241,140541.96173188856
relative_momentum_volume_shape_exit_max10,2018Q1,0.07718637423394781,-0.012334072876321267,0.08952044711026907,53859.318711697386,49383.296356183935
relative_momentum_volume_shape_exit_max10,2018Q2,-0.05170393899403003,0.032667047401485405,-0.08437098639551543,51074.57978276777,50996.502839093
relative_momentum_volume_shape_exit_max10,2018Q3,-0.006531688884654829,0.07289016701692264,-0.07942185590157746,50740.976517712246,54713.646448313455
relative_momentum_volume_shape_exit_max10,2018Q4,-0.05844292287356767,-0.14089347079037806,0.08245054791681039,47775.52554055808,47004.85090061293
relative_momentum_volume_shape_exit_max10,2019Q1,0.05703108485567787,0.1298800000000011,-0.07284891514432323,50500.215591686254,53109.840935584594
relative_momentum_volume_shape_exit_max10,2019Q2,-0.02771550758535568,0.04205756363507662,-0.0697730712204323,49100.576483392775,55343.51145038174
relative_momentum_volume_shape_exit_max10,2019Q3,-0.0497406718006318,0.01029386784440356,-0.060034539645035356,46658.28082331052,55913.2102432972
relative_momentum_volume_shape_exit_max10,2019Q4,-0.039133780110446326,0.08386576097921972,-0.12299954108966604,44832.36592123963,60602.41416914243
relative_momentum_volume_shape_exit_max10,2020Q1,0.03331048474780163,-0.11757169413138979,0.15088217887919142,46325.75376246694,53477.28566682422
relative_momentum_volume_shape_exit_max10,2020Q2,-0.08283770306327876,0.2122213047068533,-0.29505900777013205,42488.234728109135,64826.30500321876
relative_momentum_volume_shape_exit_max10,2020Q3,-0.04587077506251147,0.09024263656416354,-0.136113411626675,40539.26647009285,70676.40168542185
relative_momentum_volume_shape_exit_max10,2020Q4,-0.052649035724734894,0.11395418030348048,-0.16660321602821537,38404.91318145439,78730.27310628362
relative_momentum_volume_shape_exit_max10,2021Q1,0.10670367201952247,0.0594017094017083,0.047301962617814164,42502.858441506534,83406.98591046022
relative_momentum_volume_shape_exit_max10,2021Q2,0.09775884099853549,0.08120713997579676,0.01655170102273873,46657.88862187303,90180.22869025028
relative_momentum_volume_shape_exit_max10,2021Q3,-0.06025977165655527,0.0027981811822321845,-0.06305795283878746,43846.294907541975,90432.56930918073
relative_momentum_volume_shape_exit_max10,2021Q4,-0.041668918903518204,0.10487152656667686,-0.14654044547019507,42019.267200819864,99916.37090398133
relative_momentum_volume_shape_exit_max10,2022Q1,0.04823787461707085,-0.04619593812480294,0.09443381274187379,44046.18734355421,95300.64041604614
relative_momentum_volume_shape_exit_max10,2022Q2,0.0,-0.16732127096204708,0.16732127096204708,44046.18734355421,79354.81613813627
relative_momentum_volume_shape_exit_max10,2022Q3,-0.04787241615840132,-0.05111694093330155,0.003244524774900226,41937.58993285267,75298.44068883016
relative_momentum_volume_shape_exit_max10,2022Q4,-0.04917573003314912,0.06987265415549593,-0.11904838418864505,39875.278332073794,80559.7425935289
relative_momentum_volume_shape_exit_max10,2023Q1,0.06479042316823325,0.06880709997389656,-0.004016676805663311,42458.81448915994,86102.82485603323
relative_momentum_volume_shape_exit_max10,2023Q2,0.09925372180472558,0.08144873736140301,0.01780498444332257,46673.009850625465,93115.79122380716
relative_momentum_volume_shape_exit_max10,2023Q3,-0.03659475595359718,-0.0347327296131521,-0.0018620263404450776,44965.02244552199,89881.62562451595
relative_momentum_volume_shape_exit_max10,2023Q4,0.03757135120315547,0.11145684673513867,-0.0738854955319832,46654.41909568047,99899.54819605272
relative_momentum_volume_shape_exit_max10,2024Q1,0.03469918371522218,0.10078514745195433,-0.06608596373673215,48273.289355008455,109967.93889137552
relative_momentum_volume_shape_exit_max10,2024Q2,-0.038956444907393695,0.04239716990151954,-0.08135361480891323,46392.73361775139,114630.2682802731
relative_momentum_volume_shape_exit_max10,2024Q3,0.03556554525030564,0.05158188558296062,-0.016016340332654977,48042.71648451891,120543.11366305022
relative_momentum_volume_shape_exit_max10,2024Q4,0.09439806261229511,0.023131672597864084,0.07126639001443102,52577.85584328927,123331.477502231
relative_momentum_volume_shape_exit_max10,2025Q1,-0.016949253549290222,-0.05029667519181591,0.03334742164252569,51686.70043352333,117128.31423737454
relative_momentum_volume_shape_exit_max10,2025Q2,0.053465773299703034,-0.003417055160764293,0.05688282846046733,54450.16984151175,116728.0803267381
relative_momentum_volume_shape_exit_max10,2025Q3,0.055859832552464406,0.07603891793883788,-0.020179085386373474,57491.74721131184,125603.95724786102
relative_momentum_volume_shape_exit_max10,2025Q4,0.0412044821253319,0.027065655653849108,0.01413882647148279,59860.66488163444,129003.51070349241
relative_momentum_volume_shape_exit_max10,2026Q1,0.008723081371315722,-0.044516384197343384,0.053239465568659106,60382.834332337996,123260.74085820965
relative_momentum_volume_shape_exit_max10,2026Q2,0.021422228969872004,0.1402005273808795,-0.11877829841100751,61676.36923525519,140541.96173188856
trend_quality_hold_3d,2018Q1,0.09696642380100595,-0.012334072876321267,0.10930049667732722,54848.3211900503,49383.296356183935
trend_quality_hold_3d,2018Q2,0.04798227926565524,0.032667047401485405,0.015315231864169832,57480.06865464365,50996.502839093
trend_quality_hold_3d,2018Q3,-0.0038067206669863962,0.07289016701692264,-0.07669688768390903,57261.25808935622,54713.646448313455
trend_quality_hold_3d,2018Q4,-0.14145662527364056,-0.14089347079037806,-0.0005631544832624957,49161.273761112934,47004.85090061293
trend_quality_hold_3d,2019Q1,0.07817447455322779,0.1298800000000011,-0.051705525446773315,53004.43050575532,53109.840935584594
trend_quality_hold_3d,2019Q2,0.005199482433261959,0.04205756363507662,-0.03685808120181466,53280.02611105505,55343.51145038174
trend_quality_hold_3d,2019Q3,-0.014879384098728576,0.01029386784440356,-0.025173251943132136,52487.252137758376,55913.2102432972
trend_quality_hold_3d,2019Q4,0.05560695864027232,0.08386576097921972,-0.028258802338947397,55405.908596524256,60602.41416914243
trend_quality_hold_3d,2020Q1,-0.1584891048561733,-0.11757169413138979,-0.0409174107247835,46624.67573931817,53477.28566682422
trend_quality_hold_3d,2020Q2,-0.13263314302475093,0.2122213047068533,-0.34485444773160423,40440.69845350255,64826.30500321876
trend_quality_hold_3d,2020Q3,-0.00413541168513587,0.09024263656416354,-0.0943780482492994,40273.45951656288,70676.40168542185
trend_quality_hold_3d,2020Q4,0.1287954606101107,0.11395418030348048,0.014841280306630233,45460.49828536124,78730.27310628362
trend_quality_hold_3d,2021Q1,-0.14174008313225062,0.0594017094017083,-0.20114179253395892,39016.9234791606,83406.98591046022
trend_quality_hold_3d,2021Q2,0.021374204610989933,0.08120713997579676,-0.05983293536480683,39850.879184895515,90180.22869025028
trend_quality_hold_3d,2021Q3,0.08663893854084637,0.0027981811822321845,0.08384075735861418,43303.51705739437,90432.56930918073
trend_quality_hold_3d,2021Q4,0.13574295641410217,0.10487152656667686,0.030871429847425302,49181.66448589358,99916.37090398133
trend_quality_hold_3d,2022Q1,-0.12589991266608314,-0.04619593812480294,-0.0797039745412802,42989.69722234698,95300.64041604614
trend_quality_hold_3d,2022Q2,-0.3264243765246122,-0.16732127096204708,-0.15910310556256513,28956.812109560513,79354.81613813627
trend_quality_hold_3d,2022Q3,-0.19001088620251483,-0.05111694093330155,-0.13889394526921328,23454.702579023207,75298.44068883016
trend_quality_hold_3d,2022Q4,0.12913331172750087,0.06987265415549593,0.05926065757200494,26483.48599863603,80559.7425935289
trend_quality_hold_3d,2023Q1,0.15876204914265135,0.06880709997389656,0.0899549491687548,30688.058504220204,86102.82485603323
trend_quality_hold_3d,2023Q2,0.24795141488071692,0.08144873736140301,0.1665026775193139,38297.20603028382,93115.79122380716
trend_quality_hold_3d,2023Q3,-0.13933137518890226,-0.0347327296131521,-0.10459864557575016,32961.20364819166,89881.62562451595
trend_quality_hold_3d,2023Q4,0.061016273854963776,0.11145684673513867,-0.050440572880174894,34972.37347657895,99899.54819605272
trend_quality_hold_3d,2024Q1,-0.026741113590141197,0.10078514745195433,-0.12752626104209552,34037.17326492491,109967.93889137552
trend_quality_hold_3d,2024Q2,-0.005888327404899085,0.04239716990151954,-0.04828549730641862,33836.75124480375,114630.2682802731
trend_quality_hold_3d,2024Q3,0.183588555125892,0.05158188558296062,0.1320066695429314,40048.7915159915,120543.11366305022
trend_quality_hold_3d,2024Q4,-0.1369961339000102,0.023131672597864084,-0.16012780649787428,34562.261910933135,123331.477502231
trend_quality_hold_3d,2025Q1,-0.08377093665263635,-0.05029667519181591,-0.03347426146082044,31666.94885782053,117128.31423737454
trend_quality_hold_3d,2025Q2,0.0774816197821595,-0.003417055160764293,0.0808986749429238,34120.555348883274,116728.0803267381
trend_quality_hold_3d,2025Q3,0.2922374183792329,0.07603891793883788,0.21619850044039501,44091.858357706646,125603.95724786102
trend_quality_hold_3d,2025Q4,0.028297544773674854,0.027065655653849108,0.0012318891198257464,45339.54969373838,129003.51070349241
trend_quality_hold_3d,2026Q1,-0.061025022736417744,-0.044516384197343384,-0.01650863853907436,42572.70264281905,123260.74085820965
trend_quality_hold_3d,2026Q2,0.293350670317025,0.1402005273808795,0.15315014293614548,55061.4335002974,140541.96173188856
trend_quality_hold_5d,2018Q1,0.09430472673854373,-0.012334072876321267,0.106638799614865,54715.23633692719,49383.296356183935
trend_quality_hold_5d,2018Q2,0.051378738037909155,0.032667047401485405,0.01871169063642375,57526.43613136446,50996.502839093
trend_quality_hold_5d,2018Q3,-0.018049268570504484,0.07289016701692264,-0.09093943558742712,56488.126035725494,54713.646448313455
trend_quality_hold_5d,2018Q4,-0.21247316314067222,-0.14089347079037806,-0.07157969235029416,44485.91521702594,47004.85090061293
trend_quality_hold_5d,2019Q1,0.07862421002450426,0.1298800000000011,-0.051255789975496846,47983.585158181675,53109.840935584594
trend_quality_hold_5d,2019Q2,0.021499685714482908,0.04205756363507662,-0.020557877920593715,49015.2171585367,55343.51145038174
trend_quality_hold_5d,2019Q3,0.10475560331894274,0.01029386784440356,0.09446173547453918,54149.83580378821,55913.2102432972
trend_quality_hold_5d,2019Q4,-0.06812355120342994,0.08386576097921972,-0.15198931218264966,50460.956691751526,60602.41416914243
trend_quality_hold_5d,2020Q1,-0.15913033514624952,-0.11757169413138979,-0.04155864101485973,42431.087741592724,53477.28566682422
trend_quality_hold_5d,2020Q2,-0.1583535647208374,0.2122213047068533,-0.3705748694276907,35711.97374272889,64826.30500321876
trend_quality_hold_5d,2020Q3,0.06212787634009809,0.09024263656416354,-0.02811476022406545,37930.68283127798,70676.40168542185
trend_quality_hold_5d,2020Q4,0.19718181582652217,0.11395418030348048,0.08322763552304169,45409.923747489265,78730.27310628362
trend_quality_hold_5d,2021Q1,-0.09256285830266398,0.0594017094017083,-0.15196456770437228,41206.65141011564,83406.98591046022
trend_quality_hold_5d,2021Q2,0.023613460871853897,0.08120713997579676,-0.05759367910394286,42179.68306084853,90180.22869025028
trend_quality_hold_5d,2021Q3,0.01850539290196318,0.0027981811822321845,0.015707211719730996,42960.23466836981,90432.56930918073
trend_quality_hold_5d,2021Q4,0.2413232407717365,0.10487152656667686,0.13645171420505964,53327.53772285512,99916.37090398133
trend_quality_hold_5d,2022Q1,-0.05401392656018844,-0.04619593812480294,-0.007817988435385503,50447.10801665715,95300.64041604614
trend_quality_hold_5d,2022Q2,-0.2726838893514997,-0.16732127096204708,-0.1053626183894526,36690.99439613986,79354.81613813627
trend_quality_hold_5d,2022Q3,-0.022593796378028386,-0.05111694093330155,0.02852314455527316,35862.0055398461,75298.44068883016
trend_quality_hold_5d,2022Q4,0.056849159071263866,0.06987265415549593,-0.013023495084232062,37900.73039739535,80559.7425935289
trend_quality_hold_5d,2023Q1,0.2749448549927962,0.06880709997389656,0.20613775501889964,48321.34122062828,86102.82485603323
trend_quality_hold_5d,2023Q2,0.11352961046976295,0.08144873736140301,0.03208087310835994,53807.244266782705,93115.79122380716
trend_quality_hold_5d,2023Q3,-0.10300226865249595,-0.0347327296131521,-0.06826953903934385,48264.97603736508,89881.62562451595
trend_quality_hold_5d,2023Q4,0.14117493765473377,0.11145684673513867,0.029718090919595097,55078.78102034731,99899.54819605272
trend_quality_hold_5d,2024Q1,0.08430015852066997,0.10078514745195433,-0.01648498893128436,59721.93099148786,109967.93889137552
trend_quality_hold_5d,2024Q2,-0.07513412561600019,0.04239716990151954,-0.11753129551751973,55234.77592634332,114630.2682802731
trend_quality_hold_5d,2024Q3,0.12112963007477973,0.05158188558296062,0.06954774449181911,61925.34390156463,120543.11366305022
trend_quality_hold_5d,2024Q4,0.04361882606707468,0.023131672597864084,0.020487153469210595,64626.45470635076,123331.477502231
trend_quality_hold_5d,2025Q1,-0.04297554835753892,-0.05029667519181591,0.007321126834276992,61849.09737694169,117128.31423737454
trend_quality_hold_5d,2025Q2,0.17840892017334475,-0.003417055160764293,0.18182597533410905,72883.52805365791,116728.0803267381
trend_quality_hold_5d,2025Q3,0.10711670427550701,0.07603891793883788,0.031077786336669133,80690.5713747372,125603.95724786102
trend_quality_hold_5d,2025Q4,-0.1338080006382909,0.027065655653849108,-0.16087365629214,69893.52734872232,129003.51070349241
trend_quality_hold_5d,2026Q1,-0.13008974883061897,-0.044516384197343384,-0.08557336463327558,60801.09593104103,123260.74085820965
trend_quality_hold_5d,2026Q2,0.12513634417842767,0.1402005273808795,-0.015064183202451842,68409.52279789338,140541.96173188856
trend_quality_volume_shape_hold_3d,2018Q1,0.06361165216848597,-0.012334072876321267,0.07594572504480723,53180.5826084243,49383.296356183935
trend_quality_volume_shape_hold_3d,2018Q2,0.05050775525858242,0.032667047401485405,0.017840707857097016,55866.614459319426,50996.502839093
trend_quality_volume_shape_hold_3d,2018Q3,-0.01093602824333506,0.07289016701692264,-0.0838261952602577,55255.6555857328,54713.646448313455
trend_quality_volume_shape_hold_3d,2018Q4,-0.14756657894230252,-0.14089347079037806,-0.006673108151924456,47101.76752373208,47004.85090061293
trend_quality_volume_shape_hold_3d,2019Q1,0.07560335407061247,0.1298800000000011,-0.054276645929388634,50662.81913118047,53109.840935584594
trend_quality_volume_shape_hold_3d,2019Q2,0.0522559641208129,0.04205756363507662,0.010198400485736281,53310.25358995867,55343.51145038174
trend_quality_volume_shape_hold_3d,2019Q3,-0.018872438710865636,0.01029386784440356,-0.029166306555269195,52304.15909642147,55913.2102432972
trend_quality_volume_shape_hold_3d,2019Q4,0.008754741992226922,0.08386576097921972,-0.0751110189869928,52762.06851443103,60602.41416914243
trend_quality_volume_shape_hold_3d,2020Q1,-0.16007332087625348,-0.11757169413138979,-0.042501626744863685,44316.26899102564,53477.28566682422
trend_quality_volume_shape_hold_3d,2020Q2,-0.09073877814063791,0.2122213047068533,-0.3029600828474912,40295.06489102813,64826.30500321876
trend_quality_volume_shape_hold_3d,2020Q3,-0.014150703412778687,0.09024263656416354,-0.10439333997694222,39724.86137875652,70676.40168542185
trend_quality_volume_shape_hold_3d,2020Q4,0.19866386647105916,0.11395418030348048,0.08470968616757868,47616.75593528714,78730.27310628362
trend_quality_volume_shape_hold_3d,2021Q1,-0.1718713723749159,0.0594017094017083,-0.2312730817766242,39432.79874464792,83406.98591046022
trend_quality_volume_shape_hold_3d,2021Q2,0.008865924968293193,0.08120713997579676,-0.07234121500750357,39782.406979607775,90180.22869025028
trend_quality_volume_shape_hold_3d,2021Q3,0.024655546924666094,0.0027981811822321845,0.02185736574243391,40763.263981669654,90432.56930918073
trend_quality_volume_shape_hold_3d,2021Q4,0.16593083297525646,0.10487152656667686,0.061059306408579594,47527.14632893837,99916.37090398133
trend_quality_volume_shape_hold_3d,2022Q1,-0.1279754969297352,-0.04619593812480294,-0.08177955880493226,41444.83615984024,95300.64041604614
trend_quality_volume_shape_hold_3d,2022Q2,-0.17105875745261778,-0.16732127096204708,-0.0037374864905707073,34355.333983510645,79354.81613813627
trend_quality_volume_shape_hold_3d,2022Q3,-0.05144425947740405,-0.05111694093330155,-0.00032731854410250616,32587.949267630047,75298.44068883016
trend_quality_volume_shape_hold_3d,2022Q4,0.11055821900935414,0.06987265415549593,0.040685564853858214,36190.814899826415,80559.7425935289
trend_quality_volume_shape_hold_3d,2023Q1,0.08805862409999454,0.06880709997389656,0.019251524126097985,39377.72826496271,86102.82485603323
trend_quality_volume_shape_hold_3d,2023Q2,0.15697114157776215,0.08144873736140301,0.07552240421635914,45558.89522345282,93115.79122380716
trend_quality_volume_shape_hold_3d,2023Q3,-0.13477654432486175,-0.0347327296131521,-0.10004381471170964,39418.6247619774,89881.62562451595
trend_quality_volume_shape_hold_3d,2023Q4,0.10167471666467942,0.11145684673513867,-0.00978213007045925,43426.50226596277,99899.54819605272
trend_quality_volume_shape_hold_3d,2024Q1,0.03305680434982339,0.10078514745195433,-0.06772834310213094,44862.04365496586,109967.93889137552
trend_quality_volume_shape_hold_3d,2024Q2,-0.06692653643007074,0.04239716990151954,-0.10932370633159028,41859.582455964366,114630.2682802731
trend_quality_volume_shape_hold_3d,2024Q3,0.16702745413771347,0.05158188558296062,0.11544556855475285,48851.28194485179,120543.11366305022
trend_quality_volume_shape_hold_3d,2024Q4,-0.18508140590204591,0.023131672597864084,-0.20821307849991,39809.81800238139,123331.477502231
trend_quality_volume_shape_hold_3d,2025Q1,-0.0066285402925206904,-0.05029667519181591,0.04366813489929522,39545.93701971469,117128.31423737454
trend_quality_volume_shape_hold_3d,2025Q2,0.18186012492451065,-0.003417055160764293,0.18527718008527494,46737.76606637684,116728.0803267381
trend_quality_volume_shape_hold_3d,2025Q3,0.12387997002304219,0.07603891793883788,0.047841052084204305,52527.639125623566,125603.95724786102
trend_quality_volume_shape_hold_3d,2025Q4,0.03589389278324906,0.027065655653849108,0.008828237129399952,54413.0605725559,129003.51070349241
trend_quality_volume_shape_hold_3d,2026Q1,0.026913894712391695,-0.044516384197343384,0.07143027890973508,55877.52795578466,123260.74085820965
trend_quality_volume_shape_hold_3d,2026Q2,0.2494576305499281,0.1402005273808795,0.10925710316904857,69816.60368062207,140541.96173188856
trend_quality_avoid_failed_gap_hold_3d,2018Q1,0.09696642380100595,-0.012334072876321267,0.10930049667732722,54848.3211900503,49383.296356183935
trend_quality_avoid_failed_gap_hold_3d,2018Q2,0.04199115911996287,0.032667047401485405,0.009324111718477468,57151.46577260453,50996.502839093
trend_quality_avoid_failed_gap_hold_3d,2018Q3,-0.003806720666986174,0.07289016701692264,-0.07669688768390881,56933.9061066994,54713.646448313455
trend_quality_avoid_failed_gap_hold_3d,2018Q4,-0.14145662527364122,-0.14089347079037806,-0.0005631544832631619,48880.227885199354,47004.85090061293
trend_quality_avoid_failed_gap_hold_3d,2019Q1,0.09934167740030397,0.1298800000000011,-0.030538322599697132,53736.071715024176,53109.840935584594
trend_quality_avoid_failed_gap_hold_3d,2019Q2,0.005199482433261737,0.04205756363507662,-0.036858081201814885,54015.47147593893,55343.51145038174
trend_quality_avoid_failed_gap_hold_3d,2019Q3,-0.027470425500083273,0.01029386784440356,-0.03776429334448683,52531.64349090728,55913.2102432972
trend_quality_avoid_failed_gap_hold_3d,2019Q4,0.05770417395786853,0.08386576097921972,-0.026161587021351185,55562.93858519933,60602.41416914243
trend_quality_avoid_failed_gap_hold_3d,2020Q1,-0.18181872641723018,-0.11757169413138979,-0.06424703228584039,45460.555855639606,53477.28566682422
trend_quality_avoid_failed_gap_hold_3d,2020Q2,-0.08963681967229054,0.2122213047068533,-0.30185812437914383,41385.616208205545,64826.30500321876
trend_quality_avoid_failed_gap_hold_3d,2020Q3,0.007745116784297457,0.09024263656416354,-0.08249751977986608,41706.152638928215,70676.40168542185
trend_quality_avoid_failed_gap_hold_3d,2020Q4,0.10635256854322472,0.11395418030348048,-0.007601611760255755,46141.70909613402,78730.27310628362
trend_quality_avoid_failed_gap_hold_3d,2021Q1,-0.13748788072406082,0.0594017094017083,-0.19688959012576912,39797.78329952044,83406.98591046022
trend_quality_avoid_failed_gap_hold_3d,2021Q2,0.023589845277451227,0.08120713997579676,-0.057617294698345534,40736.60684994166,90180.22869025028
trend_quality_avoid_failed_gap_hold_3d,2021Q3,0.054839260579817806,0.0027981811822321845,0.05204107939758562,42970.5722481232,90432.56930918073
trend_quality_avoid_failed_gap_hold_3d,2021Q4,0.13574295641410217,0.10487152656667686,0.030871429847425302,48803.52476388922,99916.37090398133
trend_quality_avoid_failed_gap_hold_3d,2022Q1,-0.13274979330418546,-0.04619593812480294,-0.08655385517938252,42324.86693896723,95300.64041604614
trend_quality_avoid_failed_gap_hold_3d,2022Q2,-0.2958727745307226,-0.16732127096204708,-0.1285515035686755,29802.09112609134,79354.81613813627
trend_quality_avoid_failed_gap_hold_3d,2022Q3,-0.21500506211760573,-0.05111694093330155,-0.16388812118430418,23394.490672291526,75298.44068883016
trend_quality_avoid_failed_gap_hold_3d,2022Q4,0.14014073625515922,0.06987265415549593,0.07026808209966329,26673.011819420917,80559.7425935289
trend_quality_avoid_failed_gap_hold_3d,2023Q1,0.14657916315715558,0.06880709997389656,0.07777206318325902,30582.719570792553,86102.82485603323
trend_quality_avoid_failed_gap_hold_3d,2023Q2,0.24795141488071581,0.08144873736140301,0.1665026775193128,38165.748159270726,93115.79122380716
trend_quality_avoid_failed_gap_hold_3d,2023Q3,-0.1495800721458831,-0.0347327296131521,-0.11484734253273099,32456.912796105407,89881.62562451595
trend_quality_avoid_failed_gap_hold_3d,2023Q4,0.061016273854964,0.11145684673513867,-0.05044057288017467,34437.31267575926,99899.54819605272
trend_quality_avoid_failed_gap_hold_3d,2024Q1,-0.05548890056696387,0.10078514745195433,-0.1562740480189182,32526.42405690061,109967.93889137552
trend_quality_avoid_failed_gap_hold_3d,2024Q2,0.022947743908663387,0.04239716990151954,-0.01944942599285615,33272.83210642295,114630.2682802731
trend_quality_avoid_failed_gap_hold_3d,2024Q3,0.18696754047086395,0.05158188558296062,0.13538565488790333,39493.77168986085,120543.11366305022
trend_quality_avoid_failed_gap_hold_3d,2024Q4,-0.09630729944070049,0.023131672597864084,-0.11943897203856457,35690.23319368276,123331.477502231
trend_quality_avoid_failed_gap_hold_3d,2025Q1,-0.07352149184387002,-0.05029667519181591,-0.023224816652054114,33066.234005027596,117128.31423737454
trend_quality_avoid_failed_gap_hold_3d,2025Q2,0.0774816197821595,-0.003417055160764293,0.0808986749429238,35628.259375833055,116728.0803267381
trend_quality_avoid_failed_gap_hold_3d,2025Q3,0.2922374183792331,0.07603891793883788,0.21619850044039524,46040.169917172214,125603.95724786102
trend_quality_avoid_failed_gap_hold_3d,2025Q4,0.01762354671236044,0.027065655653849108,-0.00944210894148867,46851.56100235251,129003.51070349241
trend_quality_avoid_failed_gap_hold_3d,2026Q1,-0.06413628089787138,-0.044516384197343384,-0.019619896700527995,43846.67612540187,123260.74085820965
trend_quality_avoid_failed_gap_hold_3d,2026Q2,0.22879561791826664,0.1402005273808795,0.08859509053738712,53878.6034831753,140541.96173188856
trend_quality_avoid_failed_gap_volume_shape_hold_3d,2018Q1,0.06361165216848597,-0.012334072876321267,0.07594572504480723,53180.5826084243,49383.296356183935
trend_quality_avoid_failed_gap_volume_shape_hold_3d,2018Q2,0.06735648437156261,0.032667047401485405,0.0346894369700772,56762.63968975923,50996.502839093
trend_quality_avoid_failed_gap_volume_shape_hold_3d,2018Q3,-0.012848135294408647,0.07289016701692264,-0.08573830231133128,56033.34561535743,54713.646448313455
trend_quality_avoid_failed_gap_volume_shape_hold_3d,2018Q4,-0.14756657894230185,-0.14089347079037806,-0.00667310815192379,47764.69649620751,47004.85090061293
trend_quality_avoid_failed_gap_volume_shape_hold_3d,2019Q1,0.06059730046673595,0.1298800000000011,-0.06928269953326516,50659.10816149064,53109.840935584594
trend_quality_avoid_failed_gap_volume_shape_hold_3d,2019Q2,0.05617582206948457,0.04205756363507662,0.014118258434407949,53504.925207769316,55343.51145038174
trend_quality_avoid_failed_gap_volume_shape_hold_3d,2019Q3,-0.03889666999339325,0.01029386784440356,-0.04919053783779681,51423.76178894153,55913.2102432972
trend_quality_avoid_failed_gap_volume_shape_hold_3d,2019Q4,0.0018802969024847016,0.08386576097921972,-0.08198546407673502,51520.45372894739,60602.41416914243
trend_quality_avoid_failed_gap_volume_shape_hold_3d,2020Q1,-0.15963919745463995,-0.11757169413138979,-0.042067503323250155,43295.769843159316,53477.28566682422
trend_quality_avoid_failed_gap_volume_shape_hold_3d,2020Q2,-0.004019826803706494,0.2122213047068533,-0.2162411315105598,43121.728347056676,64826.30500321876
trend_quality_avoid_failed_gap_volume_shape_hold_3d,2020Q3,0.011301261720076283,0.09024263656416354,-0.07894137484408725,43609.0582849288,70676.40168542185
trend_quality_avoid_failed_gap_volume_shape_hold_3d,2020Q4,0.15262711462902678,0.11395418030348048,0.038672934325546304,50264.983022646535,78730.27310628362
trend_quality_avoid_failed_gap_volume_shape_hold_3d,2021Q1,-0.1639793073674316,0.0594017094017083,-0.2233810167691399,42022.56592175725,83406.98591046022
trend_quality_avoid_failed_gap_volume_shape_hold_3d,2021Q2,0.008752244162849587,0.08120713997579676,-0.07245489581294717,42390.35767905391,90180.22869025028
trend_quality_avoid_failed_gap_volume_shape_hold_3d,2021Q3,-0.007848774187244056,0.0027981811822321845,-0.010646955369476241,42057.64533391451,90432.56930918073
trend_quality_avoid_failed_gap_volume_shape_hold_3d,2021Q4,0.1486938760093528,0.10487152656667686,0.043822349442675934,48311.35963444092,99916.37090398133
trend_quality_avoid_failed_gap_volume_shape_hold_3d,2022Q1,-0.08373751760557024,-0.04619593812480294,-0.037541579480767306,44265.88630650289,95300.64041604614
trend_quality_avoid_failed_gap_volume_shape_hold_3d,2022Q2,-0.17105875745261823,-0.16732127096204708,-0.0037374864905711513,36693.81879737364,79354.81613813627
trend_quality_avoid_failed_gap_volume_shape_hold_3d,2022Q3,-0.05466885880271588,-0.05111694093330155,-0.003551917869414334,34687.80959860758,75298.44068883016
trend_quality_avoid_failed_gap_volume_shape_hold_3d,2022Q4,0.0950080114553189,0.06987265415549593,0.02513535729982297,37983.429410312005,80559.7425935289
trend_quality_avoid_failed_gap_volume_shape_hold_3d,2023Q1,0.07385234085063352,0.06880709997389656,0.005045240876736967,40788.594585798346,86102.82485603323
trend_quality_avoid_failed_gap_volume_shape_hold_3d,2023Q2,0.15697114157776149,0.08144873736140301,0.07552240421635847,47191.22684128361,93115.79122380716
trend_quality_avoid_failed_gap_volume_shape_hold_3d,2023Q3,-0.15796078431281313,-0.0347327296131521,-0.12322805469966103,39736.863636750575,89881.62562451595
trend_quality_avoid_failed_gap_volume_shape_hold_3d,2023Q4,0.10167471666467898,0.11145684673513867,-0.009782130070459694,43777.097988160174,99899.54819605272
trend_quality_avoid_failed_gap_volume_shape_hold_3d,2024Q1,0.03305680434982361,0.10078514745195433,-0.06772834310213072,45224.22895135784,109967.93889137552
trend_quality_avoid_failed_gap_volume_shape_hold_3d,2024Q2,-0.061854991873320775,0.04239716990151954,-0.10425216177484031,42426.88463709441,114630.2682802731
trend_quality_avoid_failed_gap_volume_shape_hold_3d,2024Q3,0.21093307711173503,0.05158188558296062,0.15935119152877442,51376.117965861326,120543.11366305022
trend_quality_avoid_failed_gap_volume_shape_hold_3d,2024Q4,-0.19475159016324173,0.023131672597864084,-0.2178832627611058,41370.53729559554,123331.477502231
trend_quality_avoid_failed_gap_volume_shape_hold_3d,2025Q1,-0.012557229985213358,-0.05029667519181591,0.03773944520660255,40851.0379441629,117128.31423737454
trend_quality_avoid_failed_gap_volume_shape_hold_3d,2025Q2,0.17334144097418758,-0.003417055160764293,0.17675849613495187,47932.21572669531,116728.0803267381
trend_quality_avoid_failed_gap_volume_shape_hold_3d,2025Q3,0.1406414989639675,0.07603891793883788,0.06460258102512961,54673.474395162,125603.95724786102
trend_quality_avoid_failed_gap_volume_shape_hold_3d,2025Q4,0.015354621579063865,0.027065655653849108,-0.011711034074785243,55512.96490491235,129003.51070349241
trend_quality_avoid_failed_gap_volume_shape_hold_3d,2026Q1,0.039526400094382685,-0.044516384197343384,0.08404278429172607,57707.19256616933,123260.74085820965
trend_quality_avoid_failed_gap_volume_shape_hold_3d,2026Q2,0.26451732929126237,0.1402005273808795,0.12431680191038286,72971.74502466903,140541.96173188856
gap_resistance_hold_1d,2018Q1,-0.3027481796902829,-0.012334072876321267,-0.2904141068139616,34862.59101548586,49383.296356183935
gap_resistance_hold_1d,2018Q2,-0.1515820593127215,0.032667047401485405,-0.1842491067142069,29578.047676381328,50996.502839093
gap_resistance_hold_1d,2018Q3,-0.0762294412263036,0.07289016701692264,-0.14911960824322623,27323.329629445812,54713.646448313455
gap_resistance_hold_1d,2018Q4,-0.20411796242190694,-0.14089347079037806,-0.06322449163152888,21746.147258901216,47004.85090061293
gap_resistance_hold_1d,2019Q1,-0.11703862679828403,0.1298800000000011,-0.24691862679828513,19201.00804556615,53109.840935584594
gap_resistance_hold_1d,2019Q2,-0.11233864640975944,0.04205756363507662,-0.15439621004483606,17043.992792024346,55343.51145038174
gap_resistance_hold_1d,2019Q3,-0.18078130619527133,0.01029386784440356,-0.1910751740396749,13962.757512299395,55913.2102432972
gap_resistance_hold_1d,2019Q4,-0.10090231499605162,0.08386576097921972,-0.18476807597527134,12553.882955579875,60602.41416914243
gap_resistance_hold_1d,2020Q1,-0.36496171290358104,-0.11757169413138979,-0.24739001877219124,7972.196328520374,53477.28566682422
gap_resistance_hold_1d,2020Q2,-0.3756317973928265,0.2122213047068533,-0.5878531020996798,4977.585892469773,64826.30500321876
gap_resistance_hold_1d,2020Q3,-0.18995899321750953,0.09024263656416354,-0.28020162978167307,4032.0486876825366,70676.40168542185
gap_resistance_hold_1d,2020Q4,-0.28880551339063054,0.11395418030348048,-0.402759693694111,2867.5707964203634,78730.27310628362
gap_resistance_hold_1d,2021Q1,-0.07804289623494898,0.0594017094017083,-0.13744460563665728,2643.777266308959,83406.98591046022
gap_resistance_hold_1d,2021Q2,-0.24515835209472214,0.08120713997579676,-0.3263654920705189,1995.6331883951652,90180.22869025028
gap_resistance_hold_1d,2021Q3,-0.095877685416632,0.0027981811822321845,-0.09867586659886418,1804.2964973512233,90432.56930918073
gap_resistance_hold_1d,2021Q4,-0.3524957168044208,0.10487152656667686,-0.4573672433710977,1168.289710189698,99916.37090398133
gap_resistance_hold_1d,2022Q1,-0.2931661030188839,-0.04619593812480294,-0.24697016489408097,825.786768656323,95300.64041604614
gap_resistance_hold_1d,2022Q2,-0.16595698950820292,-0.16732127096204708,0.0013642814538441517,688.7416825544128,79354.81613813627
gap_resistance_hold_1d,2022Q3,-0.19515958431404612,-0.05111694093330155,-0.14404264338074457,554.3271420873369,75298.44068883016
gap_resistance_hold_1d,2022Q4,-0.23621459466147943,0.06987265415549593,-0.30608724881697535,423.38698090932036,80559.7425935289
gap_resistance_hold_1d,2023Q1,-0.22382834422137898,0.06880709997389656,-0.29263544419527554,328.6209740074986,86102.82485603323
gap_resistance_hold_1d,2023Q2,-0.20899278705933833,0.08144873736140301,-0.29044152442074134,259.9415607635171,93115.79122380716
gap_resistance_hold_1d,2023Q3,-0.20042606338690305,-0.0347327296131521,-0.16569333377375095,207.8424970290379,89881.62562451595
gap_resistance_hold_1d,2023Q4,-0.16317773321304985,0.11145684673513867,-0.2746345799481885,173.92722949849946,99899.54819605272
gap_resistance_hold_1d,2024Q1,-0.0320549243944076,0.10078514745195433,-0.13284007184636193,168.3520053067963,109967.93889137552
gap_resistance_hold_1d,2024Q2,-0.36115077859951705,0.04239716990151954,-0.4035479485010366,107.55154751145677,114630.2682802731
gap_resistance_hold_1d,2024Q3,-0.14959827644725077,0.05158188558296062,-0.20118016203021138,91.46202137450824,120543.11366305022
gap_resistance_hold_1d,2024Q4,-0.08563792345398047,0.023131672597864084,-0.10876959605184455,83.62940378909178,123331.477502231
gap_resistance_hold_1d,2025Q1,-0.040821890683034545,-0.05029667519181591,0.009474784508781364,80.21549340972612,117128.31423737454
gap_resistance_hold_1d,2025Q2,-0.26611979437425093,-0.003417055160764293,-0.26270273921348664,58.86856279790073,116728.0803267381
gap_resistance_hold_1d,2025Q3,-0.1296626864741972,0.07603891793883788,-0.2057016044130351,51.235506796649936,125603.95724786102
gap_resistance_hold_1d,2025Q4,-0.19341760324316226,0.027065655653849108,-0.22048325889701137,41.325657871093156,129003.51070349241
gap_resistance_hold_1d,2026Q1,-0.2858924068720713,-0.044516384197343384,-0.2413760226747279,29.510966076754578,123260.74085820965
gap_resistance_hold_1d,2026Q2,-0.055942631148701016,0.1402005273808795,-0.19614315852958053,27.86004498668087,140541.96173188856
gap_resistance_hold_3d,2018Q1,-0.10280430776376903,-0.012334072876321267,-0.09047023488744776,44859.78461181155,49383.296356183935
gap_resistance_hold_3d,2018Q2,-0.11841284390217921,0.032667047401485405,-0.15107989130366462,39547.809939087725,50996.502839093
gap_resistance_hold_3d,2018Q3,0.11333940340157178,0.07289016701692264,0.040449236384649145,44030.13512342268,54713.646448313455
gap_resistance_hold_3d,2018Q4,-0.21709659985827467,-0.14089347079037806,-0.07620312906789661,34471.34249682722,47004.85090061293
gap_resistance_hold_3d,2019Q1,0.05650780451542525,0.1298800000000011,-0.07337219548457585,36419.24238002221,53109.840935584594
gap_resistance_hold_3d,2019Q2,0.03152342031638122,0.04205756363507662,-0.0105341433186954,37567.30146517181,55343.51145038174
gap_resistance_hold_3d,2019Q3,-0.23306753935410707,0.01029386784440356,-0.24336140719851063,28811.582952510278,55913.2102432972
gap_resistance_hold_3d,2019Q4,-0.044027718911459957,0.08386576097921972,-0.12789347989067967,27543.074676882945,60602.41416914243
gap_resistance_hold_3d,2020Q1,-0.2638406791416258,-0.11757169413138979,-0.146268985010236,20276.091148485633,53477.28566682422
gap_resistance_hold_3d,2020Q2,-0.15376937295931514,0.2122213047068533,-0.36599067766616844,17158.249326517078,64826.30500321876
gap_resistance_hold_3d,2020Q3,-0.02018463943489457,0.09024263656416354,-0.1104272759990581,16811.91625052731,70676.40168542185
gap_resistance_hold_3d,2020Q4,-0.02845624011362957,0.11395418030348048,-0.14241042041711005,16333.512324932073,78730.27310628362
gap_resistance_hold_3d,2021Q1,-0.09986385242879703,0.0594017094017083,-0.15926556183050533,14702.384860471118,83406.98591046022
gap_resistance_hold_3d,2021Q2,-0.11823629565945093,0.08120713997579676,-0.1994434356352477,12964.02933720942,90180.22869025028
gap_resistance_hold_3d,2021Q3,0.05586104546582682,0.0027981811822321845,0.053062864283594635,13688.21356943559,90432.56930918073
gap_resistance_hold_3d,2021Q4,-0.1979512622057953,0.10487152656667686,-0.30282278877247215,10978.61441602332,99916.37090398133
gap_resistance_hold_3d,2022Q1,-0.3278712656746826,-0.04619593812480294,-0.2816753275498797,7379.042212087437,95300.64041604614
gap_resistance_hold_3d,2022Q2,-0.3581904190197347,-0.16732127096204708,-0.19086914805768762,4735.939990175528,79354.81613813627
gap_resistance_hold_3d,2022Q3,-0.1857576415066987,-0.05111694093330155,-0.13464070057339717,3856.2029472832637,75298.44068883016
gap_resistance_hold_3d,2022Q4,-0.1739378742986979,0.06987265415549593,-0.24381052845419382,3185.463203768439,80559.7425935289
gap_resistance_hold_3d,2023Q1,-0.0554372681218992,0.06880709997389656,-0.12424436809579575,3008.869826048684,86102.82485603323
gap_resistance_hold_3d,2023Q2,-0.06436654957969723,0.08144873736140301,-0.14581528694110024,2815.1992572114664,93115.79122380716
gap_resistance_hold_3d,2023Q3,-0.06922118784979725,-0.0347327296131521,-0.03448845823664515,2620.3278205934216,89881.62562451595
gap_resistance_hold_3d,2023Q4,-0.0640533077869615,0.11145684673513867,-0.17551015452210017,2452.487156198213,99899.54819605272
gap_resistance_hold_3d,2024Q1,-0.018438721636799493,0.10078514745195433,-0.11922386908875382,2407.2664282072483,109967.93889137552
gap_resistance_hold_3d,2024Q2,-0.36008346858969464,0.04239716990151954,-0.4024806384912142,1540.4495829188572,114630.2682802731
gap_resistance_hold_3d,2024Q3,-0.06791135481107502,0.05158188558296062,-0.11949324039403564,1435.8355647246822,120543.11366305022
gap_resistance_hold_3d,2024Q4,-0.09032567436966665,0.023131672597864084,-0.11345734696753074,1306.142749056974,123331.477502231
gap_resistance_hold_3d,2025Q1,-0.04340483196352918,-0.05029667519181591,0.0068918432282867315,1249.449842513774,117128.31423737454
gap_resistance_hold_3d,2025Q2,-0.08494511690152962,-0.003417055160764293,-0.08152806174076532,1143.3151795788438,116728.0803267381
gap_resistance_hold_3d,2025Q3,0.1303421914442877,0.07603891793883788,0.054303273505449834,1292.3373855966695,125603.95724786102
gap_resistance_hold_3d,2025Q4,-0.11056563301691702,0.027065655653849108,-0.13763128867076613,1149.4492844867461,129003.51070349241
gap_resistance_hold_3d,2026Q1,-0.22562224204187042,-0.044516384197343384,-0.18110585784452704,890.1079598074227,123260.74085820965
gap_resistance_hold_3d,2026Q2,-0.025329851717448837,0.1402005273808795,-0.16553037909832835,867.5616571729798,140541.96173188856
gap_resistance_50_hold_3d,2018Q1,-0.12558256303275672,-0.012334072876321267,-0.11324849015643546,43720.87184836216,49383.296356183935
gap_resistance_50_hold_3d,2018Q2,-0.13565129926318453,0.032667047401485405,-0.16831834666466994,37790.07877721265,50996.502839093
gap_resistance_50_hold_3d,2018Q3,0.05493671839567127,0.07289016701692264,-0.017953448621251367,39866.141693146616,54713.646448313455
gap_resistance_50_hold_3d,2018Q4,-0.12658332100984215,-0.14089347079037806,0.014310149780535908,34819.753081779185,47004.85090061293
gap_resistance_50_hold_3d,2019Q1,0.022530566202845215,0.1298800000000011,-0.10734943379715589,35604.261833754936,53109.840935584594
gap_resistance_50_hold_3d,2019Q2,-0.07997741699423211,0.04205756363507662,-0.12203498062930873,32756.724938304895,55343.51145038174
gap_resistance_50_hold_3d,2019Q3,-0.32167868787280907,0.01029386784440356,-0.3319725557172126,22219.584641140453,55913.2102432972
gap_resistance_50_hold_3d,2019Q4,-0.06094985737679648,0.08386576097921972,-0.1448156183560162,20865.304126291285,60602.41416914243
gap_resistance_50_hold_3d,2020Q1,-0.24381845636151822,-0.11757169413138979,-0.12624676223012843,15777.957882705326,53477.28566682422
gap_resistance_50_hold_3d,2020Q2,-0.12723860049994629,0.2122213047068533,-0.3394599052067996,13770.392602962806,64826.30500321876
gap_resistance_50_hold_3d,2020Q3,-0.09687827258852111,0.09024263656416354,-0.18712090915268464,12436.34075472202,70676.40168542185
gap_resistance_50_hold_3d,2020Q4,-0.0016025517482787244,0.11395418030348048,-0.1155567320517592,12416.41087510335,78730.27310628362
gap_resistance_50_hold_3d,2021Q1,-0.1090204927900198,0.0594017094017083,-0.1684222021917281,11062.767642816221,83406.98591046022
gap_resistance_50_hold_3d,2021Q2,-0.11040290293855581,0.08120713997579676,-0.19161004291435257,9841.405980514586,90180.22869025028
gap_resistance_50_hold_3d,2021Q3,0.04264623697689873,0.0027981811822321845,0.03984805579466655,10261.10491214548,90432.56930918073
gap_resistance_50_hold_3d,2021Q4,-0.04707540624836293,0.10487152656667686,-0.1519469328150398,9778.05922984916,99916.37090398133
gap_resistance_50_hold_3d,2022Q1,-0.22024483176620158,-0.04619593812480294,-0.17404889364139864,7624.492219771077,95300.64041604614
gap_resistance_50_hold_3d,2022Q2,-0.16847245133506838,-0.16732127096204708,-0.00115118037302131,6339.9753253210865,79354.81613813627
gap_resistance_50_hold_3d,2022Q3,-0.2083173377886992,-0.05111694093330155,-0.15720039685539766,5019.248543904156,75298.44068883016
gap_resistance_50_hold_3d,2022Q4,-0.2501139147945338,0.06987265415549593,-0.31998656895002975,3763.8646412615235,80559.7425935289
gap_resistance_50_hold_3d,2023Q1,-0.15393278465201954,0.06880709997389656,-0.2227398846259161,3184.4824759788626,86102.82485603323
gap_resistance_50_hold_3d,2023Q2,-0.007669971624670646,0.08144873736140301,-0.08911870898607366,3160.057585748844,93115.79122380716
gap_resistance_50_hold_3d,2023Q3,-0.11229572642946373,-0.0347327296131521,-0.07756299681631162,2805.19662359824,89881.62562451595
gap_resistance_50_hold_3d,2023Q4,-0.07782893421307169,0.11145684673513867,-0.18928578094821036,2586.8711601254818,99899.54819605272
gap_resistance_50_hold_3d,2024Q1,-0.03170112811666004,0.10078514745195433,-0.13248627556861436,2504.864426057051,109967.93889137552
gap_resistance_50_hold_3d,2024Q2,-0.27608867532237946,0.04239716990151954,-0.318485845223899,1813.2997248048075,114630.2682802731
gap_resistance_50_hold_3d,2024Q3,-0.0041404076418839475,0.05158188558296062,-0.055722293224844566,1805.7919247671996,120543.11366305022
gap_resistance_50_hold_3d,2024Q4,-0.14324151133964813,0.023131672597864084,-0.16637318393751221,1547.1275602986138,123331.477502231
gap_resistance_50_hold_3d,2025Q1,-0.005562850840719946,-0.05029667519181591,0.04473382435109596,1538.5211204491056,117128.31423737454
gap_resistance_50_hold_3d,2025Q2,-0.04173533117410577,-0.003417055160764293,-0.03831827601334148,1474.310431968806,116728.0803267381
gap_resistance_50_hold_3d,2025Q3,0.07381522175767552,0.07603891793883788,-0.00222369618116236,1583.1369834442376,125603.95724786102
gap_resistance_50_hold_3d,2025Q4,-0.11799542747027958,0.027065655653849108,-0.1450610831241287,1396.3340583387258,129003.51070349241
gap_resistance_50_hold_3d,2026Q1,-0.2703982342595679,-0.044516384197343384,-0.2258818500622245,1018.7677945274378,123260.74085820965
gap_resistance_50_hold_3d,2026Q2,-0.0498400988089468,0.1402005273808795,-0.1900406261898263,967.9923069848174,140541.96173188856
trend_quality_gap_resistance_hold_3d,2018Q1,-0.09528855751661947,-0.012334072876321267,-0.0829544846402982,45235.572124169026,49383.296356183935
trend_quality_gap_resistance_hold_3d,2018Q2,-0.11207255598706933,0.032667047401485405,-0.14473960338855474,40165.90593467598,50996.502839093
trend_quality_gap_resistance_hold_3d,2018Q3,0.016824330996370485,0.07289016701692264,-0.05606583602055215,40841.67043089005,54713.646448313455
trend_quality_gap_resistance_hold_3d,2018Q4,-0.201350551971351,-0.14089347079037806,-0.06045708118097293,32618.177546198334,47004.85090061293
trend_quality_gap_resistance_hold_3d,2019Q1,0.05872133035117755,0.1298800000000011,-0.07115866964882356,34533.560325342005,53109.840935584594
trend_quality_gap_resistance_hold_3d,2019Q2,0.05317242958011992,0.04205756363507662,0.011114865945043295,36369.793629892076,55343.51145038174
trend_quality_gap_resistance_hold_3d,2019Q3,-0.2401311119077939,0.01029386784440356,-0.25042497975219746,27636.274645689093,55913.2102432972
trend_quality_gap_resistance_hold_3d,2019Q4,-0.019915792772723928,0.08386576097921972,-0.10378155375194364,27085.876326835463,60602.41416914243
trend_quality_gap_resistance_hold_3d,2020Q1,-0.24350517531716365,-0.11757169413138979,-0.12593348118577385,20490.325263250383,53477.28566682422
trend_quality_gap_resistance_hold_3d,2020Q2,-0.03994050052637865,0.2122213047068533,-0.25216180523323195,19671.93141628786,64826.30500321876
trend_quality_gap_resistance_hold_3d,2020Q3,0.0137365055465124,0.09024263656416354,-0.07650613101765114,19942.15501129831,70676.40168542185
trend_quality_gap_resistance_hold_3d,2020Q4,0.08213635975483391,0.11395418030348048,-0.03181782054864657,21580.131029592972,78730.27310628362
trend_quality_gap_resistance_hold_3d,2021Q1,-0.12229726448168121,0.0594017094017083,-0.18169897388338951,18940.940037517506,83406.98591046022
trend_quality_gap_resistance_hold_3d,2021Q2,-0.14427244730034505,0.08120713997579676,-0.2254795872761418,16208.284264135766,90180.22869025028
trend_quality_gap_resistance_hold_3d,2021Q3,0.09697673415859032,0.0027981811822321845,0.09417855297635813,17780.110738385723,90432.56930918073
trend_quality_gap_resistance_hold_3d,2021Q4,-0.08704013168436298,0.10487152656667686,-0.19191165825103984,16232.527558354073,99916.37090398133
trend_quality_gap_resistance_hold_3d,2022Q1,-0.26142913987773475,-0.04619593812480294,-0.2152332017529318,11988.871840731943,95300.64041604614
trend_quality_gap_resistance_hold_3d,2022Q2,-0.3589475599527905,-0.16732127096204708,-0.1916262889907434,7685.495546914492,79354.81613813627
trend_quality_gap_resistance_hold_3d,2022Q3,-0.21111358577496298,-0.05111694093330155,-0.15999664484166143,6062.983023547863,75298.44068883016
trend_quality_gap_resistance_hold_3d,2022Q4,-0.19730913736718492,0.06987265415549593,-0.26718179152268084,4866.701073299748,80559.7425935289
trend_quality_gap_resistance_hold_3d,2023Q1,-0.10824869457507424,0.06880709997389656,-0.1770557945489708,4339.887035227937,86102.82485603323
trend_quality_gap_resistance_hold_3d,2023Q2,0.01048800315936882,0.08144873736140301,-0.07096073420203419,4385.403784164711,93115.79122380716
trend_quality_gap_resistance_hold_3d,2023Q3,-0.10008159423248109,-0.0347327296131521,-0.06534886461932898,3946.5055820923517,89881.62562451595
trend_quality_gap_resistance_hold_3d,2023Q4,-0.06949937808287476,0.11145684673513867,-0.18095622481801343,3672.2258985363396,99899.54819605272
trend_quality_gap_resistance_hold_3d,2024Q1,-0.03460512592675424,0.10078514745195433,-0.13539027337870857,3545.1480588860013,109967.93889137552
trend_quality_gap_resistance_hold_3d,2024Q2,-0.3417681123615125,0.04239716990151954,-0.38416528226303204,2333.5294987584525,114630.2682802731
trend_quality_gap_resistance_hold_3d,2024Q3,-0.083709627875031,0.05158188558296062,-0.13529151345799162,2138.190612781975,120543.11366305022
trend_quality_gap_resistance_hold_3d,2024Q4,-0.16193739540179608,0.023131672597864084,-0.18506906799966016,1791.9375940754915,123331.477502231
trend_quality_gap_resistance_hold_3d,2025Q1,-0.07682684900293923,-0.05029667519181591,-0.026530173811123325,1654.2686751127635,117128.31423737454
trend_quality_gap_resistance_hold_3d,2025Q2,-0.0994560338071151,-0.003417055160764293,-0.0960389786463508,1489.741673834697,116728.0803267381
trend_quality_gap_resistance_hold_3d,2025Q3,0.11101007103565563,0.07603891793883788,0.03497115309681775,1655.1180028718632,125603.95724786102
trend_quality_gap_resistance_hold_3d,2025Q4,-0.11093485240414536,0.027065655653849108,-0.13800050805799446,1471.5077315118292,129003.51070349241
trend_quality_gap_resistance_hold_3d,2026Q1,-0.26213202675069247,-0.044516384197343384,-0.2176156425533491,1085.7784274713197,123260.74085820965
trend_quality_gap_resistance_hold_3d,2026Q2,-0.008102908646192564,0.1402005273808795,-0.14830343602707208,1076.980464063513,140541.96173188856
breakout_quality_hold_3d,2018Q1,0.021594196864946458,-0.012334072876321267,0.033928269741267725,51079.70984324732,49383.296356183935
breakout_quality_hold_3d,2018Q2,-0.029577895495081608,0.032667047401485405,-0.06224494289656701,49568.87952358466,50996.502839093
breakout_quality_hold_3d,2018Q3,-0.002920641889106901,0.07289016701692264,-0.07581080890602954,49424.10657765199,54713.646448313455
breakout_quality_hold_3d,2018Q4,-0.18389045473685905,-0.14089347079037806,-0.04299698394648099,40335.48514412458,47004.85090061293
breakout_quality_hold_3d,2019Q1,0.05989897450831294,0.1298800000000011,-0.06998102549168816,42751.53934055293,53109.840935584594
breakout_quality_hold_3d,2019Q2,0.038203023557120686,0.04205756363507662,-0.003854540077955937,44384.777405083245,55343.51145038174
breakout_quality_hold_3d,2019Q3,-0.006151418986216184,0.01029386784440356,-0.016445286830619743,44111.74804265464,55913.2102432972
breakout_quality_hold_3d,2019Q4,0.04670738602890445,0.08386576097921972,-0.037158374950315265,46172.09248689268,60602.41416914243
breakout_quality_hold_3d,2020Q1,-0.16579030108873094,-0.11757169413138979,-0.04821860695734115,38517.20737159401,53477.28566682422
breakout_quality_hold_3d,2020Q2,-0.040761110099483466,0.2122213047068533,-0.25298241480633676,36947.203241195835,64826.30500321876
breakout_quality_hold_3d,2020Q3,-0.2070006337016047,0.09024263656416354,-0.29724327026576824,29299.108756766313,70676.40168542185
breakout_quality_hold_3d,2020Q4,0.1318854480877627,0.11395418030348048,0.017931267784282223,33163.23484372453,78730.27310628362
breakout_quality_hold_3d,2021Q1,-0.005117714407943952,0.0594017094017083,-0.06451942380965225,32993.51487895077,83406.98591046022
breakout_quality_hold_3d,2021Q2,0.019429400224244775,0.08120713997579676,-0.061777739751551985,33634.559084338485,90180.22869025028
breakout_quality_hold_3d,2021Q3,0.1698651301323968,0.0027981811822321845,0.1670669489501646,39347.89784014543,90432.56930918073
breakout_quality_hold_3d,2021Q4,0.12449679278841441,0.10487152656667686,0.019625266221737547,44246.58492420971,99916.37090398133
breakout_quality_hold_3d,2022Q1,-0.0512065113196708,-0.04619593812480294,-0.005010573194867862,41980.87167243139,95300.64041604614
breakout_quality_hold_3d,2022Q2,-0.17007055366383017,-0.16732127096204708,-0.0027492827017830956,34841.16158381078,79354.81613813627
breakout_quality_hold_3d,2022Q3,-0.12785856067982748,-0.05111694093330155,-0.07674161974652594,30386.42081129144,75298.44068883016
breakout_quality_hold_3d,2022Q4,0.1693929448034448,0.06987265415549593,0.09952029064794887,35533.666114552776,80559.7425935289
breakout_quality_hold_3d,2023Q1,-0.06695737608092844,0.06880709997389656,-0.135764476054825,33154.42506898652,86102.82485603323
breakout_quality_hold_3d,2023Q2,0.07890531459333094,0.08144873736140301,-0.002543422768072068,35770.48540921592,93115.79122380716
breakout_quality_hold_3d,2023Q3,-0.0024896765684984112,-0.0347327296131521,0.03224305304465369,35681.42846984878,89881.62562451595
breakout_quality_hold_3d,2023Q4,0.060381231452312445,0.11145684673513867,-0.051075615282826226,37835.917060835854,99899.54819605272
breakout_quality_hold_3d,2024Q1,-0.019313370298456478,0.10078514745195433,-0.1200985177504108,37105.177984058246,109967.93889137552
breakout_quality_hold_3d,2024Q2,-0.06514229527595128,0.04239716990151954,-0.10753946517747082,34688.061523553995,114630.2682802731
breakout_quality_hold_3d,2024Q3,0.20588655261166977,0.05158188558296062,0.15430466702870915,41829.86692742003,120543.11366305022
breakout_quality_hold_3d,2024Q4,-0.043825055348194364,0.023131672597864084,-0.06695672794605845,39996.67069411824,123331.477502231
breakout_quality_hold_3d,2025Q1,-0.0365726035982229,-0.05029667519181591,0.013724071593593012,38533.888311573595,117128.31423737454
breakout_quality_hold_3d,2025Q2,0.08131254867128623,-0.003417055160764293,0.08472960383205053,41667.176980402335,116728.0803267381
breakout_quality_hold_3d,2025Q3,0.016803547129809138,0.07603891793883788,-0.05923537080902874,42367.33335255862,125603.95724786102
breakout_quality_hold_3d,2025Q4,0.03895335354218976,0.027065655653849108,0.011887697888340654,44017.683067280646,129003.51070349241
breakout_quality_hold_3d,2026Q1,-0.04392249081930766,-0.044516384197343384,0.0005938933780357258,42084.31678687082,123260.74085820965
breakout_quality_hold_3d,2026Q2,0.07557186601911758,0.1402005273808795,-0.06462866136176193,45264.70713659432,140541.96173188856
defensive_trend_hold_5d,2018Q1,0.12283299875605769,-0.012334072876321267,0.13516707163237895,56141.64993780288,49383.296356183935
defensive_trend_hold_5d,2018Q2,0.06264516458841562,0.032667047401485405,0.02997811718693022,59658.65283842176,50996.502839093
defensive_trend_hold_5d,2018Q3,0.04534954743666075,0.07289016701692264,-0.027540619580261883,62364.14574532505,54713.646448313455
defensive_trend_hold_5d,2018Q4,-0.1614037848742641,-0.14089347079037806,-0.02051031408388604,52298.33658157935,47004.85090061293
defensive_trend_hold_5d,2019Q1,0.10327544398299171,0.1298800000000011,-0.026604556017009395,57699.470511613894,53109.840935584594
defensive_trend_hold_5d,2019Q2,0.0687413540295323,0.04205756363507662,0.026683790394455675,61665.810241369305,55343.51145038174
defensive_trend_hold_5d,2019Q3,0.08204555695026872,0.01029386784440356,0.07175168910586516,66725.21598741204,55913.2102432972
defensive_trend_hold_5d,2019Q4,0.030870712385734134,0.08386576097921972,-0.05299504859348558,68785.07093903543,60602.41416914243
defensive_trend_hold_5d,2020Q1,-0.10357624902793638,-0.11757169413138979,0.013995445103453408,61660.571302049626,53477.28566682422
defensive_trend_hold_5d,2020Q2,0.12158285063979135,0.2122213047068533,-0.09063845406706195,69157.43933303092,64826.30500321876
defensive_trend_hold_5d,2020Q3,-0.11101966565529209,0.09024263656416354,-0.20126230221945562,61479.60354070168,70676.40168542185
defensive_trend_hold_5d,2020Q4,0.19884535974691264,0.11395418030348048,0.08489117944343216,73704.53742385007,78730.27310628362
defensive_trend_hold_5d,2021Q1,0.00045442070658840983,0.0594017094017083,-0.05894728869511989,73738.03029182498,83406.98591046022
defensive_trend_hold_5d,2021Q2,-0.02142468781733331,0.08120713997579676,-0.10263182779313007,72158.21601255756,90180.22869025028
defensive_trend_hold_5d,2021Q3,-0.055158767351459304,0.0027981811822321845,-0.05795694853369149,68178.05776302455,90432.56930918073
defensive_trend_hold_5d,2021Q4,0.17553588310413537,0.10487152656667686,0.0706643565374585,80145.75334078183,99916.37090398133
defensive_trend_hold_5d,2022Q1,-0.12622361227992251,-0.04619593812480294,-0.08002767415511958,70029.46684521268,95300.64041604614
defensive_trend_hold_5d,2022Q2,-0.15667148780162754,-0.16732127096204708,0.010649783160419535,59057.84608461846,79354.81613813627
defensive_trend_hold_5d,2022Q3,-0.1328890327368718,-0.05111694093330155,-0.08177209180357026,51209.70604291046,75298.44068883016
defensive_trend_hold_5d,2022Q4,0.01580550020586613,0.06987265415549593,-0.0540671539496298,52019.101062314025,80559.7425935289
defensive_trend_hold_5d,2023Q1,0.06855837044651869,0.06880709997389656,-0.0002487295273778667,55585.44586323904,86102.82485603323
defensive_trend_hold_5d,2023Q2,0.20311134786315388,0.08144873736140301,0.12166261050175087,66875.4806940959,93115.79122380716
defensive_trend_hold_5d,2023Q3,-0.10295964401296753,-0.0347327296131521,-0.06822691439981543,59990.0050086357,89881.62562451595
defensive_trend_hold_5d,2023Q4,0.04373379489510687,0.11145684673513867,-0.0677230518400318,62613.595583439805,99899.54819605272
defensive_trend_hold_5d,2024Q1,-0.052688718750370844,0.10078514745195433,-0.15347386620232517,59314.56545579448,109967.93889137552
defensive_trend_hold_5d,2024Q2,0.035434699869982156,0.04239716990151954,-0.006962470031537382,61416.35928063897,114630.2682802731
defensive_trend_hold_5d,2024Q3,0.0003032352122875892,0.05158188558296062,-0.05127865037067303,61434.98288338337,120543.11366305022
defensive_trend_hold_5d,2024Q4,0.17589069223072573,0.023131672597864084,0.15275901963286165,72240.82454992445,123331.477502231
defensive_trend_hold_5d,2025Q1,-0.05763740095729397,-0.05029667519181591,-0.007340725765478062,68077.05117985493,117128.31423737454
defensive_trend_hold_5d,2025Q2,0.07415299002614173,-0.003417055160764293,0.07757004518690602,73125.16807700385,116728.0803267381
defensive_trend_hold_5d,2025Q3,0.15099721681188827,0.07603891793883788,0.07495829887305039,84166.86493553297,125603.95724786102
defensive_trend_hold_5d,2025Q4,-0.005108155401549297,0.027065655653849108,-0.032173811055398405,83736.92750978106,129003.51070349241
defensive_trend_hold_5d,2026Q1,-0.07089088186864312,-0.044516384197343384,-0.026374497671299735,77800.74287364204,123260.74085820965
defensive_trend_hold_5d,2026Q2,0.04932532749950069,0.1402005273808795,-0.09087519988137882,81638.28999558889,140541.96173188856
hybrid_markov_trend_hold_3d,2018Q1,0.05726444829449617,-0.012334072876321267,0.06959852117081744,52863.22241472481,49383.296356183935
hybrid_markov_trend_hold_3d,2018Q2,0.1015486154853833,0.032667047401485405,0.06888156808389789,58231.409461036,50996.502839093
hybrid_markov_trend_hold_3d,2018Q3,-0.05538469208889385,0.07289016701692264,-0.12827485910581649,55006.28077813422,54713.646448313455
hybrid_markov_trend_hold_3d,2018Q4,-0.11794462201273648,-0.14089347079037806,0.022948848777641584,48518.585783430724,47004.85090061293
hybrid_markov_trend_hold_3d,2019Q1,-0.007224956946598193,0.1298800000000011,-0.1371049569465993,48168.04109003561,53109.840935584594
hybrid_markov_trend_hold_3d,2019Q2,-0.026510988463054663,0.04205756363507662,-0.06856855209813129,46891.05870840973,55343.51145038174
hybrid_markov_trend_hold_3d,2019Q3,-0.03926053976570165,0.01029386784440356,-0.04955440761010521,45050.090433332356,55913.2102432972
hybrid_markov_trend_hold_3d,2019Q4,0.10315925532017878,0.08386576097921972,0.01929349434095906,49697.42421454163,60602.41416914243
hybrid_markov_trend_hold_3d,2020Q1,-0.2374668732228098,-0.11757169413138979,-0.11989517909142,37895.932279086875,53477.28566682422
hybrid_markov_trend_hold_3d,2020Q2,-0.1461096762167391,0.2122213047068533,-0.3583309809235924,32358.96988385802,64826.30500321876
hybrid_markov_trend_hold_3d,2020Q3,0.028149689104242537,0.09024263656416354,-0.062092947459921,33269.86482582217,70676.40168542185
hybrid_markov_trend_hold_3d,2020Q4,0.1592815470213298,0.11395418030348048,0.045327366717849316,38569.140364469655,78730.27310628362
hybrid_markov_trend_hold_3d,2021Q1,-0.09182779214725778,0.0594017094017083,-0.15122950154896608,35027.421359782726,83406.98591046022
hybrid_markov_trend_hold_3d,2021Q2,0.07719135305755853,0.08120713997579676,-0.004015786918238229,37731.23540866158,90180.22869025028
hybrid_markov_trend_hold_3d,2021Q3,-0.042064117866179584,0.0027981811822321845,-0.04486229904841177,36144.10427519507,90432.56930918073
hybrid_markov_trend_hold_3d,2021Q4,0.1914809531388164,0.10487152656667686,0.08660942657213955,43065.0118121582,99916.37090398133
hybrid_markov_trend_hold_3d,2022Q1,0.007400620753031495,-0.04619593812480294,0.05359655887783443,43383.719632304805,95300.64041604614
hybrid_markov_trend_hold_3d,2022Q2,-0.11844455944363586,-0.16732127096204708,0.04887671151841122,38245.15407343025,79354.81613813627
hybrid_markov_trend_hold_3d,2022Q3,-0.21234275425761162,-0.05111694093330155,-0.16122581332431007,30124.072720471355,75298.44068883016
hybrid_markov_trend_hold_3d,2022Q4,0.0459301231840612,0.06987265415549593,-0.023942530971434728,31507.675091328223,80559.7425935289
hybrid_markov_trend_hold_3d,2023Q1,0.02122904985320684,0.06880709997389656,-0.04757805012068972,32176.55309660067,86102.82485603323
hybrid_markov_trend_hold_3d,2023Q2,0.07925583633452726,0.08144873736140301,-0.0021929010268757487,34726.73272263408,93115.79122380716
hybrid_markov_trend_hold_3d,2023Q3,-0.09570331335900051,-0.0347327296131521,-0.060970583745848406,31403.26933894557,89881.62562451595
hybrid_markov_trend_hold_3d,2023Q4,0.04404498702115345,0.11145684673513867,-0.06741185971398522,32786.425929401215,99899.54819605272
hybrid_markov_trend_hold_3d,2024Q1,-0.021427082238138384,0.10078514745195433,-0.12221222969009271,32083.908484717304,109967.93889137552
hybrid_markov_trend_hold_3d,2024Q2,-0.028317319879852643,0.04239716990151954,-0.07071448978137218,31175.378185159647,114630.2682802731
hybrid_markov_trend_hold_3d,2024Q3,0.11715878608159458,0.05158188558296062,0.06557690049863396,34827.847648967574,120543.11366305022
hybrid_markov_trend_hold_3d,2024Q4,-0.12464138600490404,0.023131672597864084,-0.14777305860276813,30486.856446432615,123331.477502231
hybrid_markov_trend_hold_3d,2025Q1,-0.11209640877274352,-0.05029667519181591,-0.06179973358092761,27069.389324017353,117128.31423737454
hybrid_markov_trend_hold_3d,2025Q2,-0.07669401462670833,-0.003417055160764293,-0.07327695946594404,24993.329183265105,116728.0803267381
hybrid_markov_trend_hold_3d,2025Q3,0.18696222923517292,0.07603891793883788,0.11092331129633504,29666.13772337685,125603.95724786102
hybrid_markov_trend_hold_3d,2025Q4,0.052932932001679145,0.027065655653849108,0.025867276347830037,31236.45337424081,129003.51070349241
hybrid_markov_trend_hold_3d,2026Q1,0.013897841688460977,-0.044516384197343384,0.05841422588580436,31670.572658145,123260.74085820965
hybrid_markov_trend_hold_3d,2026Q2,0.22337031978819621,0.1402005273808795,0.0831697924073167,38744.838600670155,140541.96173188856
hybrid_markov_trend_hold_5d,2018Q1,0.08481405640430806,-0.012334072876321267,0.09714812928062933,54240.7028202154,49383.296356183935
hybrid_markov_trend_hold_5d,2018Q2,-0.06115460992630162,0.032667047401485405,-0.09382165732778702,50923.63379711668,50996.502839093
hybrid_markov_trend_hold_5d,2018Q3,-0.028680188030348996,0.07289016701692264,-0.10157035504727163,49463.13440462674,54713.646448313455
hybrid_markov_trend_hold_5d,2018Q4,-0.0453710606304637,-0.14089347079037806,0.09552241015991436,47218.939534581645,47004.85090061293
hybrid_markov_trend_hold_5d,2019Q1,-0.007453889333161157,0.1298800000000011,-0.13733388933316226,46866.974784861646,53109.840935584594
hybrid_markov_trend_hold_5d,2019Q2,-0.03008719093439627,0.04205756363507662,-0.07214475456947289,45456.87916599198,55343.51145038174
hybrid_markov_trend_hold_5d,2019Q3,-0.04082083169038109,0.01029386784440356,-0.05111469953478465,43601.29155238703,55913.2102432972
hybrid_markov_trend_hold_5d,2019Q4,0.05985280469627252,0.08386576097921972,-0.024012956282947195,46210.95114017729,60602.41416914243
hybrid_markov_trend_hold_5d,2020Q1,-0.04324190549172813,-0.11757169413138979,0.07432978863966166,44212.70155829088,53477.28566682422
hybrid_markov_trend_hold_5d,2020Q2,-0.019963181198786373,0.2122213047068533,-0.23218448590563967,43330.07538579485,64826.30500321876
hybrid_markov_trend_hold_5d,2020Q3,0.07553481421099906,0.09024263656416354,-0.01470782235316448,46603.00457980945,70676.40168542185
hybrid_markov_trend_hold_5d,2020Q4,0.1086370914596928,0.11395418030348048,-0.005317088843787676,51665.81945064269,78730.27310628362
hybrid_markov_trend_hold_5d,2021Q1,-0.042061486129278514,0.0594017094017083,-0.10146319553098682,49492.678302461674,83406.98591046022
hybrid_markov_trend_hold_5d,2021Q2,0.03399207645784341,0.08120713997579676,-0.04721506351795335,51175.0372074224,90180.22869025028
hybrid_markov_trend_hold_5d,2021Q3,-0.0013373474864420976,0.0027981811822321845,-0.004135528668674282,51106.59840004447,90432.56930918073
hybrid_markov_trend_hold_5d,2021Q4,-0.0905309934738493,0.10487152656667686,-0.19540252004052616,46479.86727381941,99916.37090398133
hybrid_markov_trend_hold_5d,2022Q1,0.011745555607779679,-0.04619593812480294,0.057941493732582616,47025.79913952627,95300.64041604614
hybrid_markov_trend_hold_5d,2022Q2,0.0,-0.16732127096204708,0.16732127096204708,47025.79913952627,79354.81613813627
hybrid_markov_trend_hold_5d,2022Q3,-0.07670064251119102,-0.05111694093330155,-0.025583701577889473,43418.890130922395,75298.44068883016
hybrid_markov_trend_hold_5d,2022Q4,-0.007976173855906987,0.06987265415549593,-0.07784882801140292,43072.57351460763,80559.7425935289
hybrid_markov_trend_hold_5d,2023Q1,0.02893060733923236,0.06880709997389656,-0.039876492634664196,44318.68922604896,86102.82485603323
hybrid_markov_trend_hold_5d,2023Q2,0.04342768384217899,0.08144873736140301,-0.038021053519224024,46243.3472500576,93115.79122380716
hybrid_markov_trend_hold_5d,2023Q3,-0.07450335736772329,-0.0347327296131521,-0.039770627754571186,42798.06262400684,89881.62562451595
hybrid_markov_trend_hold_5d,2023Q4,0.03688049770233581,0.11145684673513867,-0.07457634903280286,44376.47647427594,99899.54819605272
hybrid_markov_trend_hold_5d,2024Q1,0.022172902038840592,0.10078514745195433,-0.07861224541311373,45360.43173996898,109967.93889137552
hybrid_markov_trend_hold_5d,2024Q2,-0.10269173028815182,0.04239716990151954,-0.14508890018967135,40702.29051797397,114630.2682802731
hybrid_markov_trend_hold_5d,2024Q3,0.10479869394998942,0.05158188558296062,0.0532168083670288,44967.83740503068,120543.11366305022
hybrid_markov_trend_hold_5d,2024Q4,-0.06591966356108958,0.023131672597864084,-0.08905133615895366,42003.57269222128,123331.477502231
hybrid_markov_trend_hold_5d,2025Q1,-0.011879301193174374,-0.05029667519181591,0.038417373998641535,41504.599601020986,117128.31423737454
hybrid_markov_trend_hold_5d,2025Q2,0.09177457648984189,-0.003417055160764293,0.09519163165060618,45313.66665178515,116728.0803267381
hybrid_markov_trend_hold_5d,2025Q3,0.20298199397141814,0.07603891793883788,0.12694307603258026,54511.52506292065,125603.95724786102
hybrid_markov_trend_hold_5d,2025Q4,-0.04301336573035741,0.027065655653849108,-0.07007902138420652,52166.8008988697,129003.51070349241
hybrid_markov_trend_hold_5d,2026Q1,0.005197294297060395,-0.044516384197343384,0.04971367849440378,52437.92711567728,123260.74085820965
hybrid_markov_trend_hold_5d,2026Q2,0.025190643764765097,0.1402005273808795,-0.11500988361611442,53758.87225741102,140541.96173188856
hybrid_markov_trend_exit_max10,2018Q1,-0.0726909130157436,-0.012334072876321267,-0.06035684013942233,46365.45434921282,49383.296356183935
hybrid_markov_trend_exit_max10,2018Q2,-0.03774886364294827,0.032667047401485405,-0.07041591104443368,44615.21113524104,50996.502839093
hybrid_markov_trend_exit_max10,2018Q3,-0.0666703951511548,0.07289016701692264,-0.13956056216807744,41640.69737910232,54713.646448313455
hybrid_markov_trend_exit_max10,2018Q4,-0.06227962770457518,-0.14089347079037806,0.07861384308580288,39047.33024897295,47004.85090061293
hybrid_markov_trend_exit_max10,2019Q1,-0.025313711261595317,0.1298800000000011,-0.15519371126159642,38058.89740551429,53109.840935584594
hybrid_markov_trend_exit_max10,2019Q2,0.030523278019019884,0.04205756363507662,-0.011534285616056739,39220.57971212016,55343.51145038174
hybrid_markov_trend_exit_max10,2019Q3,-0.026012613986530875,0.01029386784440356,-0.036306481830934434,38200.349911740814,55913.2102432972
hybrid_markov_trend_exit_max10,2019Q4,0.040740388274539185,0.08386576097921972,-0.04312537270468053,39756.64699936839,60602.41416914243
hybrid_markov_trend_exit_max10,2020Q1,0.017529674150827512,-0.11757169413138979,0.1351013682822173,40453.568066596796,53477.28566682422
hybrid_markov_trend_exit_max10,2020Q2,-0.06907463672375369,0.2122213047068533,-0.281295941430607,37659.25254821698,64826.30500321876
hybrid_markov_trend_exit_max10,2020Q3,-0.026575874795957133,0.09024263656416354,-0.11681851136012067,36658.42496758624,70676.40168542185
hybrid_markov_trend_exit_max10,2020Q4,0.14126803970460688,0.11395418030348048,0.027313859401126406,41837.088801415564,78730.27310628362
hybrid_markov_trend_exit_max10,2021Q1,-0.18967379808529927,0.0594017094017083,-0.24907550748700757,33901.689267619135,83406.98591046022
hybrid_markov_trend_exit_max10,2021Q2,0.09440255022330923,0.08120713997579676,0.013195410247512473,37102.095191360575,90180.22869025028
hybrid_markov_trend_exit_max10,2021Q3,-0.0010687997207606825,0.0027981811822321845,-0.003866980902992867,37062.440482380414,90432.56930918073
hybrid_markov_trend_exit_max10,2021Q4,-0.10508206752629534,0.10487152656667686,-0.2099535940929722,33167.842608921615,99916.37090398133
hybrid_markov_trend_exit_max10,2022Q1,-0.013997700867942608,-0.04619593812480294,0.03219823725686033,32703.56906964693,95300.64041604614
hybrid_markov_trend_exit_max10,2022Q2,0.0,-0.16732127096204708,0.16732127096204708,32703.56906964693,79354.81613813627
hybrid_markov_trend_exit_max10,2022Q3,-0.04507885847248272,-0.05111694093330155,0.006038082460818828,31229.32950801125,75298.44068883016
hybrid_markov_trend_exit_max10,2022Q4,-0.03741537990351207,0.06987265415549593,-0.107288034059008,30060.87228033705,80559.7425935289
hybrid_markov_trend_exit_max10,2023Q1,0.028061621945195014,0.06880709997389656,-0.04074547802870154,30904.429113610662,86102.82485603323
hybrid_markov_trend_exit_max10,2023Q2,-0.031018406343643612,0.08144873736140301,-0.11246714370504662,29945.822973546357,93115.79122380716
hybrid_markov_trend_exit_max10,2023Q3,-0.08542381847414526,-0.0347327296131521,-0.05069108886099316,27387.736427795244,89881.62562451595
hybrid_markov_trend_exit_max10,2023Q4,0.04075908708962617,0.11145684673513867,-0.0706977596455125,28504.03556204348,99899.54819605272
hybrid_markov_trend_exit_max10,2024Q1,0.09989002319181961,0.10078514745195433,-0.0008951242601347165,31351.30433539645,109967.93889137552
hybrid_markov_trend_exit_max10,2024Q2,-0.09037623236473546,0.04239716990151954,-0.132773402266255,28517.891569843123,114630.2682802731
hybrid_markov_trend_exit_max10,2024Q3,0.15842215170288476,0.05158188558296062,0.10684026611992414,33035.75731436723,120543.11366305022
hybrid_markov_trend_exit_max10,2024Q4,-0.059376415720824305,0.023131672597864084,-0.08250808831868839,31074.212454417095,123331.477502231
hybrid_markov_trend_exit_max10,2025Q1,-0.008005813044526078,-0.05029667519181591,0.04229086214728983,30825.438119001148,117128.31423737454
hybrid_markov_trend_exit_max10,2025Q2,0.10142363319285508,-0.003417055160764293,0.10484068835361937,33951.86604779177,116728.0803267381
hybrid_markov_trend_exit_max10,2025Q3,0.12305293292457797,0.07603891793883788,0.047014014985740094,38129.74274323495,125603.95724786102
hybrid_markov_trend_exit_max10,2025Q4,-0.04924917593475675,0.027065655653849108,-0.07631483158860586,36251.88433452636,129003.51070349241
hybrid_markov_trend_exit_max10,2026Q1,-0.01340052971110639,-0.044516384197343384,0.031115854486236993,35766.089881417945,123260.74085820965
hybrid_markov_trend_exit_max10,2026Q2,0.05310526994374509,0.1402005273808795,-0.08709525743713442,37665.4577394029,140541.96173188856
markov_daily_manual,2018Q1,-0.023850488243014945,-0.012334072876321267,-0.011516415366693677,48807.47558784925,49383.296356183935
markov_daily_manual,2018Q2,0.03018771001025833,0.032667047401485405,-0.0024793373912270766,50280.86150722801,50996.502839093
markov_daily_manual,2018Q3,0.1521619151607163,0.07289016701692264,0.07927174814379367,57931.69369009857,54713.646448313455
markov_daily_manual,2018Q4,-0.118908454709993,-0.14089347079037806,0.021985016080385056,51043.12551467629,47004.85090061293
markov_daily_manual,2019Q1,-0.031020477207903907,0.1298800000000011,-0.160900477207905,49459.7434030281,53109.840935584594
markov_daily_manual,2019Q2,-0.019089372821986306,0.04205756363507662,-0.06114693645706293,48515.58792152792,55343.51145038174
markov_daily_manual,2019Q3,-0.050299731847781914,0.01029386784440356,-0.060593599692185474,46075.26685863758,55913.2102432972
markov_daily_manual,2019Q4,0.013288378877933216,0.08386576097921972,-0.0705773821012865,46687.532461557035,60602.41416914243
markov_daily_manual,2020Q1,-0.3731142251830545,-0.11757169413138979,-0.2555425310516647,29267.749961454476,53477.28566682422
markov_daily_manual,2020Q2,-0.048173555087662745,0.2122213047068533,-0.26039485979451604,27857.81839639441,64826.30500321876
markov_daily_manual,2020Q3,0.04187049053304781,0.09024263656416354,-0.048372146031115726,29024.238917832008,70676.40168542185
markov_daily_manual,2020Q4,-0.018556394878869287,0.11395418030348048,-0.13251057518234977,28485.65367941407,78730.27310628362
markov_daily_manual,2021Q1,0.10458339673088157,0.0594017094017083,0.04518168732917327,31464.78009930673,83406.98591046022
markov_daily_manual,2021Q2,-0.024679395138006988,0.08120713997579676,-0.10588653511380375,30688.248358305438,90180.22869025028
markov_daily_manual,2021Q3,-0.13134967047816726,0.0027981811822321845,-0.13414785166039944,26657.357048889862,90432.56930918073
markov_daily_manual,2021Q4,0.06632219164436393,0.10487152656667686,-0.03854933492231294,28425.33139181857,99916.37090398133
markov_daily_manual,2022Q1,0.014686472901293213,-0.04619593812480294,0.06088241102609615,28842.799251014792,95300.64041604614
markov_daily_manual,2022Q2,-0.04403092785964413,-0.16732127096204708,0.12329034310240294,27572.82403792316,79354.81613813627
markov_daily_manual,2022Q3,-0.15121218030905192,-0.05111694093330155,-0.10009523937575038,23403.47719787096,75298.44068883016
markov_daily_manual,2022Q4,-0.01245050261988534,0.06987265415549593,-0.08232315677538127,23112.09214370444,80559.7425935289
markov_daily_manual,2023Q1,0.07525565773244525,0.06880709997389656,0.00644855775854869,24851.4078395518,86102.82485603323
markov_daily_manual,2023Q2,0.1989479972566206,0.08144873736140301,0.11749925989521759,29795.545658238112,93115.79122380716
markov_daily_manual,2023Q3,0.023687783038697452,-0.0347327296131521,0.058420512651849554,30501.33607931006,89881.62562451595
markov_daily_manual,2023Q4,-0.022580536661950146,0.11145684673513867,-0.13403738339708882,29812.599541732736,99899.54819605272
markov_daily_manual,2024Q1,0.16592004842076813,0.10078514745195433,0.0651349009688138,34759.107501246,109967.93889137552
markov_daily_manual,2024Q2,-0.015312461309453407,0.04239716990151954,-0.057709631210972945,34226.86001248204,114630.2682802731
markov_daily_manual,2024Q3,0.1292895884573968,0.05158188558296062,0.07770770287443618,38652.036657684774,120543.11366305022
markov_daily_manual,2024Q4,-0.0646888561679142,0.023131672597864084,-0.08782052876577828,36151.68061773886,123331.477502231
markov_daily_manual,2025Q1,-0.031058196215433265,-0.05029667519181591,0.019238478976382645,35028.87462759545,117128.31423737454
markov_daily_manual,2025Q2,-0.06624837075310797,-0.003417055160764293,-0.06283131559234367,32708.268754202367,116728.0803267381
markov_daily_manual,2025Q3,0.29841394231868823,0.07603891793883788,0.22237502437985035,42468.87217956306,125603.95724786102
markov_daily_manual,2025Q4,0.02507943871711449,0.027065655653849108,-0.0019862169367346194,43533.967656775385,129003.51070349241
markov_daily_manual,2026Q1,0.03653385750492966,-0.044516384197343384,0.08105024170227304,45124.43142777224,123260.74085820965
markov_daily_manual,2026Q2,0.11600229305723175,0.1402005273808795,-0.02419823432364776,50358.96894629763,140541.96173188856
markov_daily_confirmed,2018Q1,-0.030906192884017636,-0.012334072876321267,-0.01857212000769637,48454.69035579912,49383.296356183935
markov_daily_confirmed,2018Q2,0.03236351019694639,0.032667047401485405,-0.0003035372045390172,50022.8542212189,50996.502839093
markov_daily_confirmed,2018Q3,0.16304568540128828,0.07289016701692264,0.09015551838436564,58178.86477344626,54713.646448313455
markov_daily_confirmed,2018Q4,-0.12184388045793104,-0.14089347079037806,0.01904959033244702,51090.126128812335,47004.85090061293
markov_daily_confirmed,2019Q1,-0.01917144232387602,0.1298800000000011,-0.14905144232387713,50110.654722414256,53109.840935584594
markov_daily_confirmed,2019Q2,-0.09412770060954823,0.04205756363507662,-0.13618526424462485,45393.8540173544,55343.51145038174
markov_daily_confirmed,2019Q3,-0.044612621771691896,0.01029386784440356,-0.054906489616095455,43368.71517731877,55913.2102432972
markov_daily_confirmed,2019Q4,0.011983540834271666,0.08386576097921972,-0.07188222014494805,43888.42594657607,60602.41416914243
markov_daily_confirmed,2020Q1,-0.35596160815719735,-0.11757169413138979,-0.23838991402580756,28265.831267144786,53477.28566682422
markov_daily_confirmed,2020Q2,-0.07030301192037303,0.2122213047068533,-0.2825243166272263,26278.658194631455,64826.30500321876
markov_daily_confirmed,2020Q3,0.04978956967047443,0.09024263656416354,-0.040453066893689105,27587.06127765964,70676.40168542185
markov_daily_confirmed,2020Q4,-0.01855639487886951,0.11395418030348048,-0.13251057518235,27075.144875043818,78730.27310628362
markov_daily_confirmed,2021Q1,0.10799847542228513,0.0594017094017083,0.04859676602057683,29999.219243386044,83406.98591046022
markov_daily_confirmed,2021Q2,-0.0030434210399571393,0.08120713997579676,-0.0842505610157539,29907.918988358437,90180.22869025028
markov_daily_confirmed,2021Q3,-0.13134967047816737,0.0027981811822321845,-0.13414785166039955,25979.523684549833,90432.56930918073
markov_daily_confirmed,2021Q4,0.06728534396491503,0.10487152656667686,-0.03758618260176183,27727.564871709426,99916.37090398133
markov_daily_confirmed,2022Q1,0.014686472901293879,-0.04619593812480294,0.06088241102609682,28134.785001816657,95300.64041604614
markov_daily_confirmed,2022Q2,-0.049730385529118015,-0.16732127096204708,0.11759088543292906,26735.631296897467,79354.81613813627
markov_daily_confirmed,2022Q3,-0.1557613310278786,-0.05111694093330155,-0.10464439009457704,22571.25378022211,75298.44068883016
markov_daily_confirmed,2022Q4,-0.012450502619884896,0.06987265415549593,-0.08232315677538082,22290.230325897366,80559.7425935289
markov_daily_confirmed,2023Q1,0.05472369658568077,0.06880709997389656,-0.014083403388215787,23510.034127076713,86102.82485603323
markov_daily_confirmed,2023Q2,0.1917652407421917,0.08144873736140301,0.11031650338078869,28018.441481312722,93115.79122380716
markov_daily_confirmed,2023Q3,0.023687783038697674,-0.0347327296131521,0.058420512651849776,28682.136244204503,89881.62562451595
markov_daily_confirmed,2023Q4,-0.004486056238040881,0.11145684673513867,-0.11594290297317955,28553.46656798585,99899.54819605272
markov_daily_confirmed,2024Q1,0.1765591550574297,0.10078514745195433,0.07577400760547537,33594.84249919,109967.93889137552
markov_daily_confirmed,2024Q2,-0.01531246130945274,0.04239716990151954,-0.05770963121097228,33080.422773223996,114630.2682802731
markov_daily_confirmed,2024Q3,0.1292895884573968,0.05158188558296062,0.07770770287443618,37357.37701957082,120543.11366305022
markov_daily_confirmed,2024Q4,-0.06430593399711082,0.023131672597864084,-0.0874376065949749,34955.075998645116,123331.477502231
markov_daily_confirmed,2025Q1,-0.031058196215433598,-0.05029667519181591,0.01923847897638231,33869.434389553804,117128.31423737454
markov_daily_confirmed,2025Q2,-0.06324269487192569,-0.003417055160764293,-0.059825639711161394,31727.440084970545,116728.0803267381
markov_daily_confirmed,2025Q3,0.2984139423186878,0.07603891793883788,0.2223750243798499,41195.350560406565,125603.95724786102
markov_daily_confirmed,2025Q4,0.02492733077411824,0.027065655653849108,-0.0021383248797308685,42222.24069018158,129003.51070349241
markov_daily_confirmed,2026Q1,0.03751911472520986,-0.044516384197343384,0.08203549892255324,43806.381782591925,123260.74085820965
markov_daily_confirmed,2026Q2,0.11600229305723153,0.1402005273808795,-0.024198234323647982,48888.022519913124,140541.96173188856
markov_daily_spy_gated,2018Q1,-0.08273338564504618,-0.012334072876321267,-0.07039931276872491,45863.33071774769,49383.296356183935
markov_daily_spy_gated,2018Q2,-0.02093248443593143,0.032667047401485405,-0.053599531837416836,44903.29726131846,50996.502839093
markov_daily_spy_gated,2018Q3,0.1521412604543091,0.07289016701692264,0.07925109343738646,51734.94150520998,54713.646448313455
markov_daily_spy_gated,2018Q4,-0.05538820677424805,-0.14089347079037806,0.08550526401613001,48869.43586766578,47004.85090061293
markov_daily_spy_gated,2019Q1,-0.023258688960937968,0.1298800000000011,-0.15313868896093907,47732.796859123235,53109.840935584594
markov_daily_spy_gated,2019Q2,-0.024324251311082068,0.04205756363507662,-0.06638181494615869,46571.73231254109,55343.51145038174
markov_daily_spy_gated,2019Q3,-0.015786266554731365,0.01029386784440356,-0.026080134399134924,45836.53853233972,55913.2102432972
markov_daily_spy_gated,2019Q4,-0.03207688916183804,0.08386576097921972,-0.11594265014105776,44366.24496627554,60602.41416914243
markov_daily_spy_gated,2020Q1,-0.1871520414387653,-0.11757169413138979,-0.0695803473073755,36063.011649864726,53477.28566682422
markov_daily_spy_gated,2020Q2,-0.008112474202984554,0.2122213047068533,-0.22033377890983785,35770.45139817327,64826.30500321876
markov_daily_spy_gated,2020Q3,0.02217665613115738,0.09024263656416354,-0.06806598043300616,36563.72039848683,70676.40168542185
markov_daily_spy_gated,2020Q4,-0.06320191791757246,0.11395418030348048,-0.17715609822105294,34252.8231431006,78730.27310628362
markov_daily_spy_gated,2021Q1,0.06668202783115218,0.0594017094017083,0.007280318429443877,36536.87084922437,83406.98591046022
markov_daily_spy_gated,2021Q2,-0.024679395138007543,0.08120713997579676,-0.1058865351138043,35635.16297643001,90180.22869025028
markov_daily_spy_gated,2021Q3,-0.09971709125776584,0.0027981811822321845,-0.10251527243999803,32081.72817792398,90432.56930918073
markov_daily_spy_gated,2021Q4,0.005918792999328293,0.10487152656667686,-0.09895273356734857,32271.613286069827,99916.37090398133
markov_daily_spy_gated,2022Q1,-0.023449587640108294,-0.04619593812480294,0.022746350484694644,31514.85726203045,95300.64041604614
markov_daily_spy_gated,2022Q2,0.0,-0.16732127096204708,0.16732127096204708,31514.85726203045,79354.81613813627
markov_daily_spy_gated,2022Q3,-0.04704700109373261,-0.05111694093330155,0.004069939839568937,30032.177737954877,75298.44068883016
markov_daily_spy_gated,2022Q4,-0.04399278260660211,0.06987265415549593,-0.11386543676209804,28710.97867152619,80559.7425935289
markov_daily_spy_gated,2023Q1,-0.05824912597939713,0.06880709997389656,-0.1270562259532937,27038.589257896678,86102.82485603323
markov_daily_spy_gated,2023Q2,0.09441268521495272,0.08144873736140301,0.012963947853549707,29591.375074158877,93115.79122380716
markov_daily_spy_gated,2023Q3,0.0695802942649677,-0.0347327296131521,0.1043130238781198,31650.35165952388,89881.62562451595
markov_daily_spy_gated,2023Q4,-0.025474065406762003,0.11145684673513867,-0.13693091214190067,30844.08853120215,99899.54819605272
markov_daily_spy_gated,2024Q1,0.16592004842076746,0.10078514745195433,0.06513490096881314,35961.74119379365,109967.93889137552
markov_daily_spy_gated,2024Q2,-0.04300135192232479,0.04239716990151954,-0.08539852182384433,34415.337704979764,114630.2682802731
markov_daily_spy_gated,2024Q3,0.09117631890458,0.05158188558296062,0.03959443332161938,37553.20151077781,120543.11366305022
markov_daily_spy_gated,2024Q4,-0.022187552750688844,0.023131672597864084,-0.04531922534855293,36719.98787130018,123331.477502231
markov_daily_spy_gated,2025Q1,-0.030246377786560363,-0.05029667519181591,0.020050297405255546,35609.34124582692,117128.31423737454
markov_daily_spy_gated,2025Q2,0.019779035428540315,-0.003417055160764293,0.023196090589304608,36313.65966791512,116728.0803267381
markov_daily_spy_gated,2025Q3,0.2984139423186869,0.07603891793883788,0.22237502437984902,47150.16200943677,125603.95724786102
markov_daily_spy_gated,2025Q4,0.024299028669019895,0.027065655653849108,-0.0027666269848292124,48295.865147853,129003.51070349241
markov_daily_spy_gated,2026Q1,0.017096945138737274,-0.044516384197343384,0.06161332933608066,49121.5769047137,123260.74085820965
markov_daily_spy_gated,2026Q2,-0.022966857528911366,0.1402005273808795,-0.16316738490979088,47993.40864634768,140541.96173188856
markov_daily_confirmed_spy_gated,2018Q1,-0.08936347891456198,-0.012334072876321267,-0.07702940603824071,45531.8260542719,49383.296356183935
markov_daily_confirmed_spy_gated,2018Q2,-0.02093248443593132,0.032667047401485405,-0.053599531837416725,44578.73181405132,50996.502839093
markov_daily_confirmed_spy_gated,2018Q3,0.16302483558247793,0.07289016701692264,0.0901346685655553,51846.17223851242,54713.646448313455
markov_daily_confirmed_spy_gated,2018Q4,-0.05538820677424816,-0.14089347079037806,0.0855052640161299,48974.50573011241,47004.85090061293
markov_daily_confirmed_spy_gated,2019Q1,-0.023258688960937968,0.1298800000000011,-0.15313868896093907,47835.42293432005,53109.840935584594
markov_daily_confirmed_spy_gated,2019Q2,-0.06469109472612855,0.04205756363507662,-0.10674865836120517,44740.89705801153,55343.51145038174
markov_daily_confirmed_spy_gated,2019Q3,-0.015786266554731032,0.01029386784440356,-0.02608013439913459,44034.60533115597,55913.2102432972
markov_daily_confirmed_spy_gated,2019Q4,-0.03332330915903425,0.08386576097921972,-0.11718907013825397,42567.226564009805,60602.41416914243
markov_daily_confirmed_spy_gated,2020Q1,-0.18715204143876552,-0.11757169413138979,-0.06958034730737572,34600.68321416892,53477.28566682422
markov_daily_confirmed_spy_gated,2020Q2,-0.008112474202984221,0.2122213047068533,-0.22033377890983752,34319.98606418835,64826.30500321876
markov_daily_confirmed_spy_gated,2020Q3,0.02994604580663518,0.09024263656416354,-0.06029659075752836,35347.73393894961,70676.40168542185
markov_daily_confirmed_spy_gated,2020Q4,-0.06320191791757301,0.11395418030348048,-0.1771560982210535,33113.68935996791,78730.27310628362
markov_daily_confirmed_spy_gated,2021Q1,0.0699799255494522,0.0594017094017083,0.010578216147743902,35430.98287604615,83406.98591046022
markov_daily_confirmed_spy_gated,2021Q2,-0.0030434210399576944,0.08120713997579676,-0.08425056101575445,35323.151477294814,90180.22869025028
markov_daily_confirmed_spy_gated,2021Q3,-0.09971709125776518,0.0027981811822321845,-0.10251527243999736,31800.829557921545,90432.56930918073
markov_daily_confirmed_spy_gated,2021Q4,0.006827386131268431,0.10487152656667686,-0.09804414043540843,32017.946100608133,99916.37090398133
markov_daily_confirmed_spy_gated,2022Q1,-0.02344958764010807,-0.04619593812480294,0.022746350484694866,31267.138467465666,95300.64041604614
markov_daily_confirmed_spy_gated,2022Q2,0.0,-0.16732127096204708,0.16732127096204708,31267.138467465666,79354.81613813627
markov_daily_confirmed_spy_gated,2022Q3,-0.04840139289710055,-0.05111694093330155,0.0027155480362009987,29753.765413733814,75298.44068883016
markov_daily_confirmed_spy_gated,2022Q4,-0.04399278260660211,0.06987265415549593,-0.11386543676209804,28444.814480159584,80559.7425935289
markov_daily_confirmed_spy_gated,2023Q1,-0.07623181894759701,0.06880709997389656,-0.14503891892149356,26276.414532710074,86102.82485603323
markov_daily_confirmed_spy_gated,2023Q2,0.09441268521495272,0.08144873736140301,0.012963947853549707,28757.24138656444,93115.79122380716
markov_daily_confirmed_spy_gated,2023Q3,0.06958029426496748,-0.0347327296131521,0.10431302387811958,30758.1787044903,89881.62562451595
markov_daily_confirmed_spy_gated,2023Q4,-0.025474065406761892,0.11145684673513867,-0.13693091214190056,29974.642848379244,99899.54819605272
markov_daily_confirmed_spy_gated,2024Q1,0.17655915505742814,0.10078514745195433,0.07577400760547381,35266.940462837265,109967.93889137552
markov_daily_confirmed_spy_gated,2024Q2,-0.04300135192232435,0.04239716990151954,-0.08539852182384389,33750.41434477114,114630.2682802731
markov_daily_confirmed_spy_gated,2024Q3,0.09117631890458022,0.05158188558296062,0.039594433321619604,36827.65288623171,120543.11366305022
markov_daily_confirmed_spy_gated,2024Q4,-0.021787230283230374,0.023131672597864084,-0.04491890288109446,36025.28033200851,123331.477502231
markov_daily_confirmed_spy_gated,2025Q1,-0.030246377786560252,-0.05029667519181591,0.020050297405255657,34935.64609321984,117128.31423737454
markov_daily_confirmed_spy_gated,2025Q2,0.019779035428540537,-0.003417055160764293,0.02319609058930483,35626.639475016585,116728.0803267381
markov_daily_confirmed_spy_gated,2025Q3,0.2984139423186867,0.07603891793883788,0.2223750243798488,46258.12541232283,125603.95724786102
markov_daily_confirmed_spy_gated,2025Q4,0.024299028669019895,0.027065655653849108,-0.0027666269848292124,47382.15292789198,129003.51070349241
markov_daily_confirmed_spy_gated,2026Q1,0.017096945138737274,-0.044516384197343384,0.06161332933608066,48192.24299705541,123260.74085820965
markov_daily_confirmed_spy_gated,2026Q2,-0.022966857528911477,0.1402005273808795,-0.163167384909791,47085.418618143354,140541.96173188856
markov_daily_algo_fused_spy_gated,2018Q1,-0.09149234433263775,-0.012334072876321267,-0.07915827145631649,45425.38278336811,49383.296356183935
markov_daily_algo_fused_spy_gated,2018Q2,-0.02093248443593121,0.032667047401485405,-0.053599531837416614,44474.51666525904,50996.502839093
markov_daily_algo_fused_spy_gated,2018Q3,0.15214126045430953,0.07289016701692264,0.0792510934373869,51240.92568880774,54713.646448313455
markov_daily_algo_fused_spy_gated,2018Q4,-0.05538820677424816,-0.14089347079037806,0.0855052640161299,48402.782701452175,47004.85090061293
markov_daily_algo_fused_spy_gated,2019Q1,-0.03520731287254686,0.1298800000000011,-0.16508731287254796,46698.65078698025,53109.840935584594
markov_daily_algo_fused_spy_gated,2019Q2,-0.01948578002414514,0.04205756363507662,-0.06154334365922176,45788.69115032078,55343.51145038174
markov_daily_algo_fused_spy_gated,2019Q3,-0.015786266554731254,0.01029386784440356,-0.026080134399134813,45065.85866662955,55913.2102432972
markov_daily_algo_fused_spy_gated,2019Q4,-0.0444525295571877,0.08386576097921972,-0.12831829053640742,43062.56725223116,60602.41416914243
markov_daily_algo_fused_spy_gated,2020Q1,-0.17670377026251993,-0.11757169413138979,-0.05913207613113014,35453.24926157859,53477.28566682422
markov_daily_algo_fused_spy_gated,2020Q2,-0.006463937582581347,0.2122213047068533,-0.21868524228943464,35224.08167125205,64826.30500321876
markov_daily_algo_fused_spy_gated,2020Q3,0.02217665613115627,0.09024263656416354,-0.06806598043300727,36005.234018011164,70676.40168542185
markov_daily_algo_fused_spy_gated,2020Q4,-0.0413771749706624,0.11395418030348048,-0.15533135527414288,34515.43915018827,78730.27310628362
markov_daily_algo_fused_spy_gated,2021Q1,0.06824359673400404,0.0594017094017083,0.00884188733229574,36870.89686065078,83406.98591046022
markov_daily_algo_fused_spy_gated,2021Q2,-0.02687226323799008,0.08120713997579676,-0.10807940321378684,35880.09241439059,90180.22869025028
markov_daily_algo_fused_spy_gated,2021Q3,-0.11698694869751725,0.0027981811822321845,-0.11978512987974943,31682.589883846096,90432.56930918073
markov_daily_algo_fused_spy_gated,2021Q4,0.005918792999328071,0.10487152656667686,-0.0989527335673488,31870.112575051186,99916.37090398133
markov_daily_algo_fused_spy_gated,2022Q1,-0.023449587640108294,-0.04619593812480294,0.022746350484694644,31122.771577122407,95300.64041604614
markov_daily_algo_fused_spy_gated,2022Q2,0.0,-0.16732127096204708,0.16732127096204708,31122.771577122407,79354.81613813627
markov_daily_algo_fused_spy_gated,2022Q3,-0.04704700109373261,-0.05111694093330155,0.004069939839568937,29658.53850869354,75298.44068883016
markov_daily_algo_fused_spy_gated,2022Q4,-0.04677087043283723,0.06987265415549593,-0.11664352458833316,28271.38284687612,80559.7425935289
markov_daily_algo_fused_spy_gated,2023Q1,-0.06250667892630057,0.06880709997389656,-0.13131377890019713,26504.232596463913,86102.82485603323
markov_daily_algo_fused_spy_gated,2023Q2,0.09441268521495272,0.08144873736140301,0.012963947853549707,29006.56836545775,93115.79122380716
markov_daily_algo_fused_spy_gated,2023Q3,0.06958029426496748,-0.0347327296131521,0.10431302387811958,31024.853927943197,89881.62562451595
markov_daily_algo_fused_spy_gated,2023Q4,-0.025474065406761892,0.11145684673513867,-0.13693091214190056,30234.52476974754,99899.54819605272
markov_daily_algo_fused_spy_gated,2024Q1,0.17708541448981885,0.10078514745195433,0.07630026703786452,35588.61812050098,109967.93889137552
markov_daily_algo_fused_spy_gated,2024Q2,-0.04300135192232424,0.04239716990151954,-0.08539852182384378,34058.25942827211,114630.2682802731
markov_daily_algo_fused_spy_gated,2024Q3,0.09117631890458044,0.05158188558296062,0.039594433321619826,37163.56615123918,120543.11366305022
markov_daily_algo_fused_spy_gated,2024Q4,-0.028077982014431235,0.023131672597864084,-0.05120965461229532,36120.088209252564,123331.477502231
markov_daily_algo_fused_spy_gated,2025Q1,-0.03024637778656014,-0.05029667519181591,0.020050297405255768,35027.586375591636,117128.31423737454
markov_daily_algo_fused_spy_gated,2025Q2,0.019779035428540537,-0.003417055160764293,0.02319609058930483,35720.398247490724,116728.0803267381
markov_daily_algo_fused_spy_gated,2025Q3,0.29841394231868734,0.07603891793883788,0.22237502437984946,46379.86310971796,125603.95724786102
markov_daily_algo_fused_spy_gated,2025Q4,0.02429902866902034,0.027065655653849108,-0.0027666269848287683,47506.84873308623,129003.51070349241
markov_daily_algo_fused_spy_gated,2026Q1,0.017096945138737274,-0.044516384197343384,0.06161332933608066,48319.0707195901,123260.74085820965
markov_daily_algo_fused_spy_gated,2026Q2,-0.022966857528911255,0.1402005273808795,-0.16316738490979077,47209.33350644389,140541.96173188856
