strategy,selector,max_hold_days,min_hold_days,decision_days,active_days,entry_events,exit_events,total_turnover,avg_daily_turnover,final_equity,spy_final_equity,total_return,spy_total_return,alpha_return,max_drawdown,sharpe,spy_sharpe,avg_closed_hold_days,open_positions_end,quarter,train_end,eval_start,eval_end,family,trades
confirmed_rebalance_daily,confirmed,1.0,1.0,61,61,183.0,180.0,12.33333333333333,0.20218579234972672,50627.6173581816,49383.296356183935,0.01255234716363196,-0.012334072876321267,0.024886420039953228,-0.12343744054732297,0.32615458181848167,-0.14413362845793537,1.0,3.0,2018Q1,2017-12-31,2018-01-01,2018-03-31,holding,
confirmed_hold_2d,confirmed,2.0,1.0,61,61,93.0,90.0,10.999999999999998,0.180327868852459,50961.355241404985,49383.296356183935,0.01922710482809964,-0.012334072876321267,0.031561177704420906,-0.12206971257294441,0.43382237193858675,-0.14413362845793537,2.0,3.0,2018Q1,2017-12-31,2018-01-01,2018-03-31,holding,
confirmed_hold_3d,confirmed,3.0,1.0,61,61,63.0,60.0,8.333333333333332,0.13661202185792348,51255.218281683454,49383.296356183935,0.025104365633669135,-0.012334072876321267,0.0374384385099904,-0.11691647671781791,0.5132429556774791,-0.14413362845793537,3.0,3.0,2018Q1,2017-12-31,2018-01-01,2018-03-31,holding,
confirmed_hold_5d,confirmed,5.0,1.0,61,61,39.0,36.0,6.333333333333333,0.10382513661202185,51963.18128904814,49383.296356183935,0.03926362578096265,-0.012334072876321267,0.05159769865728392,-0.09984252087482326,0.73894207596554,-0.14413362845793537,5.0,3.0,2018Q1,2017-12-31,2018-01-01,2018-03-31,holding,
confirmed_hold_10d,confirmed,10.0,1.0,61,61,21.0,18.0,5.666666666666667,0.09289617486338798,49076.43079720794,49383.296356183935,-0.018471384055841145,-0.012334072876321267,-0.006137311179519878,-0.11289554079312836,-0.16782890441492823,-0.14413362845793537,10.0,3.0,2018Q1,2017-12-31,2018-01-01,2018-03-31,holding,
confirmed_signal_exit_max10,confirmed,10.0,2.0,61,61,22.0,19.0,5.666666666666667,0.09289617486338798,50497.32676630753,49383.296356183935,0.00994653532615053,-0.012334072876321267,0.022280608202471797,-0.11026899987154715,0.2880040429144437,-0.14413362845793537,8.947368421052632,3.0,2018Q1,2017-12-31,2018-01-01,2018-03-31,holding,
confirmed_market_exposure_hold_5d,confirmed,5.0,1.0,61,61,39.0,36.0,11.066666666666665,0.18142076502732238,49275.37025684204,49383.296356183935,-0.014492594863159125,-0.012334072876321267,-0.002158521986837858,-0.09810185780743641,-0.2614825104887443,-0.14413362845793537,5.0,3.0,2018Q1,2017-12-31,2018-01-01,2018-03-31,holding,
confirmed_market_exposure_hold_10d,confirmed,10.0,1.0,61,61,21.0,18.0,11.433333333333332,0.187431693989071,46914.32618619025,49383.296356183935,-0.061713476276194945,-0.012334072876321267,-0.04937940339987368,-0.11451908472536065,-1.4393215004025355,-0.14413362845793537,10.0,3.0,2018Q1,2017-12-31,2018-01-01,2018-03-31,holding,
confirmed_rel_rank_hold_5d,confirmed_rel_rank,5.0,1.0,61,61,39.0,36.0,10.999999999999998,0.180327868852459,53801.93357850728,49383.296356183935,0.07603867157014577,-0.012334072876321267,0.08837274444646703,-0.12201965401589054,1.2578918351676116,-0.14413362845793537,5.0,3.0,2018Q1,2017-12-31,2018-01-01,2018-03-31,holding,
confirmed_rel_rank_market_hold_5d,confirmed_rel_rank,5.0,1.0,61,61,39.0,36.0,15.266666666666664,0.2502732240437158,52390.38931645582,49383.296356183935,0.04780778632911642,-0.012334072876321267,0.06014185920543769,-0.11108112201425602,1.0087467485054329,-0.14413362845793537,5.0,3.0,2018Q1,2017-12-31,2018-01-01,2018-03-31,holding,
confirmed_relative_guard_hold_5d,confirmed_relative_guard,5.0,1.0,61,61,40.0,37.0,23.93333333333333,0.39234972677595625,49417.34653211165,49383.296356183935,-0.011653069357766999,-0.012334072876321267,0.0006810035185542684,-0.10430340112957304,-0.10557000587936365,-0.14413362845793537,4.54054054054054,3.0,2018Q1,2017-12-31,2018-01-01,2018-03-31,holding,
confirmed_relative_guard_exit_max10,confirmed_relative_guard,10.0,2.0,61,61,47.0,46.0,30.233333333333327,0.49562841530054635,48287.26123429953,49383.296356183935,-0.034254775314009445,-0.012334072876321267,-0.021920702437688178,-0.12954666183818964,-0.5248547585445842,-0.14413362845793537,3.6956521739130435,1.0,2018Q1,2017-12-31,2018-01-01,2018-03-31,holding,
confirmed_strong_relative_guard_hold_5d,confirmed_strong_relative_guard,5.0,1.0,61,61,39.0,37.0,24.23333333333333,0.3972677595628415,49224.24822036353,49383.296356183935,-0.015515035592729376,-0.012334072876321267,-0.003180962716408109,-0.10792987047501323,-0.17934333800698987,-0.14413362845793537,4.594594594594595,2.0,2018Q1,2017-12-31,2018-01-01,2018-03-31,holding,
spy_fused_rebalance_daily,algo_fused_spy_gated,1.0,1.0,61,35,105.0,105.0,15.333333333333332,0.25136612021857924,46432.14082145912,49383.296356183935,-0.07135718357081755,-0.012334072876321267,-0.059023110694496284,-0.11702207865384406,-1.9020120418350632,-0.14413362845793537,1.0,0.0,2018Q1,2017-12-31,2018-01-01,2018-03-31,holding,
spy_fused_hold_3d,algo_fused_spy_gated,3.0,1.0,61,42,42.0,42.0,11.333333333333332,0.18579234972677594,47820.72396033884,49383.296356183935,-0.04358552079322331,-0.012334072876321267,-0.03125144791690204,-0.15710578215022042,-0.8386530219013266,-0.14413362845793537,3.0,0.0,2018Q1,2017-12-31,2018-01-01,2018-03-31,holding,
spy_fused_hold_5d,algo_fused_spy_gated,5.0,1.0,61,50,30.0,30.0,11.333333333333332,0.18579234972677594,48845.16922710052,49383.296356183935,-0.023096615457989578,-0.012334072876321267,-0.01076254258166831,-0.12365932101830679,-0.36446729756408974,-0.14413362845793537,5.0,0.0,2018Q1,2017-12-31,2018-01-01,2018-03-31,holding,
spy_fused_rank_exit_max10,algo_fused_spy_gated,10.0,2.0,61,37,25.0,25.0,13.333333333333332,0.2185792349726776,45166.34546517421,49383.296356183935,-0.09667309069651586,-0.012334072876321267,-0.0843390178201946,-0.16460415648570492,-2.2090110640968965,-0.14413362845793537,4.44,0.0,2018Q1,2017-12-31,2018-01-01,2018-03-31,holding,
relative_momentum_hold_3d,relative_momentum,3.0,1.0,61,61,64.0,61.0,25.666666666666668,0.4207650273224044,53881.51541997334,49383.296356183935,0.07763030839946672,-0.012334072876321267,0.08996438127578799,-0.14807022527743063,1.1649907190971873,-0.14413362845793537,2.9344262295081966,3.0,2018Q1,2017-12-31,2018-01-01,2018-03-31,holding,
relative_momentum_hold_5d,relative_momentum,5.0,1.0,61,61,39.0,36.0,19.000000000000004,0.31147540983606564,57681.49628071807,49383.296356183935,0.1536299256143614,-0.012334072876321267,0.16596399849068266,-0.10254326530651148,2.0196836262171933,-0.14413362845793537,4.805555555555555,3.0,2018Q1,2017-12-31,2018-01-01,2018-03-31,holding,
relative_momentum_exit_max10,relative_momentum_spy_gated,10.0,2.0,61,39,26.0,26.0,20.666666666666664,0.33879781420765026,54869.07258432153,49383.296356183935,0.09738145168643064,-0.012334072876321267,0.10971552456275191,-0.10077438523595128,1.6430388628872499,-0.14413362845793537,4.3076923076923075,0.0,2018Q1,2017-12-31,2018-01-01,2018-03-31,holding,
relative_momentum_volume_shape_exit_max10,relative_momentum_volume_shape_spy_gated,10.0,2.0,61,38,26.0,26.0,19.333333333333332,0.3169398907103825,53859.318711697386,49383.296356183935,0.07718637423394781,-0.012334072876321267,0.08952044711026907,-0.10095237258652878,1.3557794058302846,-0.14413362845793537,4.269230769230769,0.0,2018Q1,2017-12-31,2018-01-01,2018-03-31,holding,
trend_quality_hold_3d,trend_quality,3.0,1.0,61,61,64.0,61.0,29.666666666666668,0.4863387978142077,54848.3211900503,49383.296356183935,0.09696642380100595,-0.012334072876321267,0.10930049667732722,-0.14296997561776092,1.4297401878816232,-0.14413362845793537,2.918032786885246,3.0,2018Q1,2017-12-31,2018-01-01,2018-03-31,holding,
trend_quality_hold_5d,trend_quality,5.0,1.0,61,61,40.0,37.0,21.666666666666664,0.35519125683060104,54715.23633692719,49383.296356183935,0.09430472673854373,-0.012334072876321267,0.106638799614865,-0.1104232763845131,1.4382186960024197,-0.14413362845793537,4.783783783783784,3.0,2018Q1,2017-12-31,2018-01-01,2018-03-31,holding,
trend_quality_volume_shape_hold_3d,trend_quality_volume_shape,3.0,1.0,61,61,64.0,61.0,28.33333333333333,0.4644808743169398,53180.5826084243,49383.296356183935,0.06361165216848597,-0.012334072876321267,0.07594572504480723,-0.1522894872361673,1.060485381012699,-0.14413362845793537,2.9344262295081966,3.0,2018Q1,2017-12-31,2018-01-01,2018-03-31,holding,
trend_quality_avoid_failed_gap_hold_3d,trend_quality_avoid_failed_gap,3.0,1.0,61,61,64.0,61.0,29.666666666666668,0.4863387978142077,54848.3211900503,49383.296356183935,0.09696642380100595,-0.012334072876321267,0.10930049667732722,-0.14296997561776092,1.4297401878816232,-0.14413362845793537,2.918032786885246,3.0,2018Q1,2017-12-31,2018-01-01,2018-03-31,holding,
trend_quality_avoid_failed_gap_volume_shape_hold_3d,trend_quality_avoid_failed_gap_volume_shape,3.0,1.0,61,61,64.0,61.0,28.33333333333333,0.4644808743169398,53180.5826084243,49383.296356183935,0.06361165216848597,-0.012334072876321267,0.07594572504480723,-0.1522894872361673,1.060485381012699,-0.14413362845793537,2.9344262295081966,3.0,2018Q1,2017-12-31,2018-01-01,2018-03-31,holding,
gap_resistance_hold_1d,gap_resistance,1.0,1.0,61,26,41.0,41.0,50.666666666666664,0.8306010928961748,34862.59101548586,49383.296356183935,-0.3027481796902829,-0.012334072876321267,-0.2904141068139616,-0.3257662403079047,-4.209664024367576,-0.14413362845793537,1.0,0.0,2018Q1,2017-12-31,2018-01-01,2018-03-31,holding,
gap_resistance_hold_3d,gap_resistance,3.0,1.0,61,49,28.0,27.0,36.0,0.5901639344262295,44859.78461181155,49383.296356183935,-0.10280430776376903,-0.012334072876321267,-0.09047023488744776,-0.20613643098899437,-1.142956607487497,-0.14413362845793537,3.0,1.0,2018Q1,2017-12-31,2018-01-01,2018-03-31,holding,
gap_resistance_50_hold_3d,gap_resistance_50,3.0,1.0,61,47,26.0,25.0,35.33333333333333,0.5792349726775956,43720.87184836216,49383.296356183935,-0.12558256303275672,-0.012334072876321267,-0.11324849015643546,-0.20613643098899415,-1.5491048948725559,-0.14413362845793537,3.0,1.0,2018Q1,2017-12-31,2018-01-01,2018-03-31,holding,
trend_quality_gap_resistance_hold_3d,trend_quality_gap_resistance,3.0,1.0,61,48,25.0,24.0,35.66666666666667,0.5846994535519127,45235.572124169026,49383.296356183935,-0.09528855751661947,-0.012334072876321267,-0.0829544846402982,-0.1968284823009887,-1.1962548961526118,-0.14413362845793537,3.0,1.0,2018Q1,2017-12-31,2018-01-01,2018-03-31,holding,
breakout_quality_hold_3d,breakout_quality,3.0,1.0,61,61,63.0,60.0,32.99999999999999,0.540983606557377,51079.70984324732,49383.296356183935,0.021594196864946458,-0.012334072876321267,0.033928269741267725,-0.13411629972343575,0.5005636429601518,-0.14413362845793537,2.966666666666667,3.0,2018Q1,2017-12-31,2018-01-01,2018-03-31,holding,
defensive_trend_hold_5d,defensive_trend,5.0,1.0,61,61,39.0,36.0,20.333333333333336,0.33333333333333337,56141.64993780288,49383.296356183935,0.12283299875605769,-0.012334072876321267,0.13516707163237895,-0.10305702306291009,1.923179772087996,-0.14413362845793537,4.805555555555555,3.0,2018Q1,2017-12-31,2018-01-01,2018-03-31,holding,
hybrid_markov_trend_hold_3d,hybrid_markov_trend,3.0,1.0,61,61,64.0,61.0,27.666666666666664,0.45355191256830596,52863.22241472481,49383.296356183935,0.05726444829449617,-0.012334072876321267,0.06959852117081744,-0.13272106318750754,0.9262920296040552,-0.14413362845793537,2.9344262295081966,3.0,2018Q1,2017-12-31,2018-01-01,2018-03-31,holding,
hybrid_markov_trend_hold_5d,hybrid_markov_trend_spy_gated,5.0,1.0,61,50,30.0,30.0,16.666666666666664,0.27322404371584696,54240.7028202154,49383.296356183935,0.08481405640430806,-0.012334072876321267,0.09714812928062933,-0.10328077431024751,1.5410024484830935,-0.14413362845793537,4.966666666666667,0.0,2018Q1,2017-12-31,2018-01-01,2018-03-31,holding,
hybrid_markov_trend_exit_max10,hybrid_markov_trend_spy_gated,10.0,2.0,61,39,31.0,31.0,24.0,0.39344262295081966,46365.45434921282,49383.296356183935,-0.0726909130157436,-0.012334072876321267,-0.06035684013942233,-0.18557027242672197,-1.1710584951625367,-0.14413362845793537,3.6129032258064515,0.0,2018Q1,2017-12-31,2018-01-01,2018-03-31,holding,
markov_daily_manual,,,,61,61,,,,,,,-0.023850488243014945,-0.012334072876321267,-0.011516415366693677,-0.12323795380197822,-0.24907566169501258,-0.14413362845793537,,,2018Q1,2017-12-31,2018-01-01,2018-03-31,markov_daily,183.0
markov_daily_confirmed,,,,61,61,,,,,,,-0.030906192884017636,-0.012334072876321267,-0.01857212000769637,-0.1295752760706541,-0.36398462347792443,-0.14413362845793537,,,2018Q1,2017-12-31,2018-01-01,2018-03-31,markov_daily,183.0
markov_daily_spy_gated,,,,61,35,,,,,,,-0.08273338564504618,-0.012334072876321267,-0.07039931276872491,-0.1164781522007351,-2.237524746243688,-0.14413362845793537,,,2018Q1,2017-12-31,2018-01-01,2018-03-31,markov_daily,105.0
markov_daily_confirmed_spy_gated,,,,61,35,,,,,,,-0.08936347891456198,-0.012334072876321267,-0.07702940603824071,-0.12286433497997362,-2.447255214630848,-0.14413362845793537,,,2018Q1,2017-12-31,2018-01-01,2018-03-31,markov_daily,105.0
markov_daily_algo_fused_spy_gated,,,,61,35,,,,,,,-0.09149234433263775,-0.012334072876321267,-0.07915827145631649,-0.12491488285608587,-2.477801503319356,-0.14413362845793537,,,2018Q1,2017-12-31,2018-01-01,2018-03-31,markov_daily,105.0
confirmed_rebalance_daily,confirmed,1.0,1.0,64,64,192.0,189.0,16.333333333333332,0.2552083333333333,54012.40878019839,51633.35237007429,0.08024817560396791,0.03266704740148585,0.04758112820248206,-0.04154477280414859,2.039418752332387,1.1616426475586301,1.0,3.0,2018Q2,2018-03-31,2018-04-01,2018-06-30,holding,
confirmed_hold_2d,confirmed,2.0,1.0,64,64,96.0,93.0,9.666666666666664,0.15104166666666663,54976.29481963223,51633.35237007429,0.09952589639264464,0.03266704740148585,0.06685884899115879,-0.03655041418332705,2.6553813111125115,1.1616426475586301,2.0,3.0,2018Q2,2018-03-31,2018-04-01,2018-06-30,holding,
confirmed_hold_3d,confirmed,3.0,1.0,64,64,66.0,63.0,9.666666666666666,0.15104166666666666,54502.078657614205,51633.35237007429,0.09004157315228412,0.03266704740148585,0.057374525750798266,-0.04487762436906817,2.344128263128449,1.1616426475586301,3.0,3.0,2018Q2,2018-03-31,2018-04-01,2018-06-30,holding,
confirmed_hold_5d,confirmed,5.0,1.0,64,64,39.0,36.0,7.666666666666666,0.11979166666666666,54867.989674446864,51633.35237007429,0.0973597934889372,0.03266704740148585,0.06469274608745135,-0.04487762436906817,2.4973162765563908,1.1616426475586301,5.0,3.0,2018Q2,2018-03-31,2018-04-01,2018-06-30,holding,
confirmed_hold_10d,confirmed,10.0,1.0,64,64,21.0,18.0,6.333333333333333,0.09895833333333333,54971.9661365983,51633.35237007429,0.09943932273196587,0.03266704740148585,0.06677227533048002,-0.031605746457004535,2.5534315085679555,1.1616426475586301,10.0,3.0,2018Q2,2018-03-31,2018-04-01,2018-06-30,holding,
confirmed_signal_exit_max10,confirmed,10.0,2.0,64,64,21.0,18.0,7.0,0.109375,53987.76813182605,51633.35237007429,0.07975536263652105,0.03266704740148585,0.047088315235035205,-0.031605746457004535,2.021400366641112,1.1616426475586301,9.61111111111111,3.0,2018Q2,2018-03-31,2018-04-01,2018-06-30,holding,
confirmed_market_exposure_hold_5d,confirmed,5.0,1.0,64,64,39.0,36.0,11.816666666666666,0.18463541666666666,51075.141707589355,51633.35237007429,0.02150283415178711,0.03266704740148585,-0.01116421324969874,-0.03727564668413985,0.8531429791941605,1.1616426475586301,5.0,3.0,2018Q2,2018-03-31,2018-04-01,2018-06-30,holding,
confirmed_market_exposure_hold_10d,confirmed,10.0,1.0,64,64,21.0,18.0,11.616666666666665,0.18151041666666665,51198.09108518849,51633.35237007429,0.023961821703769814,0.03266704740148585,-0.008705225697716035,-0.031221641063090666,0.9829074834942414,1.1616426475586301,10.0,3.0,2018Q2,2018-03-31,2018-04-01,2018-06-30,holding,
confirmed_rel_rank_hold_5d,confirmed_rel_rank,5.0,1.0,64,64,39.0,36.0,11.666666666666666,0.18229166666666666,54769.80909410143,51633.35237007429,0.09539618188202859,0.03266704740148585,0.06272913448054274,-0.06146613958661129,2.1196204678941934,1.1616426475586301,5.0,3.0,2018Q2,2018-03-31,2018-04-01,2018-06-30,holding,
confirmed_rel_rank_market_hold_5d,confirmed_rel_rank,5.0,1.0,64,64,39.0,36.0,15.649999999999999,0.24453124999999998,51963.9943341866,51633.35237007429,0.03927988668373206,0.03266704740148585,0.006612839282246208,-0.06146613958661118,1.1486272076482125,1.1616426475586301,5.0,3.0,2018Q2,2018-03-31,2018-04-01,2018-06-30,holding,
confirmed_relative_guard_hold_5d,confirmed_relative_guard,5.0,1.0,64,64,42.0,39.0,22.383333333333333,0.3497395833333333,49992.65494096469,51633.35237007429,-0.00014690118070614933,0.03266704740148585,-0.032813948582192,-0.08969944407229746,0.07447804872525352,1.1616426475586301,4.641025641025641,3.0,2018Q2,2018-03-31,2018-04-01,2018-06-30,holding,
confirmed_relative_guard_exit_max10,confirmed_relative_guard,10.0,2.0,64,64,43.0,40.0,26.616666666666667,0.4158854166666667,49364.16880999477,51633.35237007429,-0.01271662380010452,0.03266704740148585,-0.04538367120159037,-0.08075000170966617,-0.22228455507682632,1.1616426475586301,4.425,3.0,2018Q2,2018-03-31,2018-04-01,2018-06-30,holding,
confirmed_strong_relative_guard_hold_5d,confirmed_strong_relative_guard,5.0,1.0,64,64,39.0,36.0,20.716666666666665,0.32369791666666664,52617.18672305127,51633.35237007429,0.05234373446102536,0.03266704740148585,0.01967668705953951,-0.06732618555352654,1.3363010267131135,1.1616426475586301,4.888888888888889,3.0,2018Q2,2018-03-31,2018-04-01,2018-06-30,holding,
spy_fused_rebalance_daily,algo_fused_spy_gated,1.0,1.0,64,6,18.0,18.0,5.333333333333333,0.08333333333333333,49084.51478504732,51633.35237007429,-0.018309704299053542,0.03266704740148585,-0.05097675170053939,-0.029965541047757283,-1.5274767752904015,1.1616426475586301,1.0,0.0,2018Q2,2018-03-31,2018-04-01,2018-06-30,holding,
spy_fused_hold_3d,algo_fused_spy_gated,3.0,1.0,64,9,9.0,6.0,1.6666666666666665,0.026041666666666664,50147.01800194255,51633.35237007429,0.0029403600388511197,0.03266704740148585,-0.02972668736263473,-0.015617008126697196,0.34291887504910123,1.1616426475586301,3.0,3.0,2018Q2,2018-03-31,2018-04-01,2018-06-30,holding,
spy_fused_hold_5d,algo_fused_spy_gated,5.0,1.0,64,8,6.0,3.0,3.0,0.046875,49897.61842542693,51633.35237007429,-0.002047631491461366,0.03266704740148585,-0.034714678892947215,-0.016779446611466686,-0.20757487069307326,1.1616426475586301,5.0,3.0,2018Q2,2018-03-31,2018-04-01,2018-06-30,holding,
spy_fused_rank_exit_max10,algo_fused_spy_gated,10.0,2.0,64,8,7.0,7.0,6.666666666666667,0.10416666666666667,49031.86295943278,51633.35237007429,-0.01936274081134437,0.03266704740148585,-0.05202978821283022,-0.021850573042679344,-1.6157346125177166,1.1616426475586301,3.0,0.0,2018Q2,2018-03-31,2018-04-01,2018-06-30,holding,
relative_momentum_hold_3d,relative_momentum,3.0,1.0,64,64,66.0,63.0,28.333333333333332,0.4427083333333333,54206.37818591797,51633.35237007429,0.08412756371835939,0.03266704740148585,0.05146051631687354,-0.09532694998849556,1.472075764420149,1.1616426475586301,3.0,3.0,2018Q2,2018-03-31,2018-04-01,2018-06-30,holding,
relative_momentum_hold_5d,relative_momentum,5.0,1.0,64,64,39.0,36.0,19.666666666666664,0.30729166666666663,49770.76606221075,51633.35237007429,-0.004584678755784943,0.03266704740148585,-0.03725172615727079,-0.11817392102309099,0.021748681349293513,1.1616426475586301,5.0,3.0,2018Q2,2018-03-31,2018-04-01,2018-06-30,holding,
relative_momentum_exit_max10,relative_momentum_spy_gated,10.0,2.0,64,8,7.0,7.0,6.666666666666667,0.10416666666666667,47932.92687135559,51633.35237007429,-0.04134146257288829,0.03266704740148585,-0.07400850997437414,-0.07956192792414751,-1.3586175854161524,1.1616426475586301,3.0,0.0,2018Q2,2018-03-31,2018-04-01,2018-06-30,holding,
relative_momentum_volume_shape_exit_max10,relative_momentum_volume_shape_spy_gated,10.0,2.0,64,8,6.0,6.0,6.000000000000001,0.09375000000000001,47414.803050298506,51633.35237007429,-0.05170393899402992,0.03266704740148585,-0.08437098639551577,-0.09173331245099747,-1.5159574549882617,1.1616426475586301,3.5,0.0,2018Q2,2018-03-31,2018-04-01,2018-06-30,holding,
trend_quality_hold_3d,trend_quality,3.0,1.0,64,64,66.0,63.0,30.33333333333333,0.47395833333333326,50529.04735299078,51633.35237007429,0.010580947059815715,0.03266704740148585,-0.022086100341670134,-0.09036390049794929,0.30484592012727285,1.1616426475586301,3.0,3.0,2018Q2,2018-03-31,2018-04-01,2018-06-30,holding,
trend_quality_hold_5d,trend_quality,5.0,1.0,64,64,39.0,36.0,20.333333333333332,0.3177083333333333,48598.159279987005,51633.35237007429,-0.028036814400259846,0.03266704740148585,-0.060703861801745695,-0.08785755708845744,-0.4273075781198141,1.1616426475586301,5.0,3.0,2018Q2,2018-03-31,2018-04-01,2018-06-30,holding,
trend_quality_volume_shape_hold_3d,trend_quality_volume_shape,3.0,1.0,64,64,66.0,63.0,32.33333333333333,0.5052083333333333,48376.081354934584,51633.35237007429,-0.03247837290130828,0.03266704740148585,-0.06514542030279413,-0.11506734166702937,-0.5260158863656308,1.1616426475586301,3.0,3.0,2018Q2,2018-03-31,2018-04-01,2018-06-30,holding,
trend_quality_avoid_failed_gap_hold_3d,trend_quality_avoid_failed_gap,3.0,1.0,64,64,66.0,63.0,30.33333333333333,0.47395833333333326,50529.04735299078,51633.35237007429,0.010580947059815715,0.03266704740148585,-0.022086100341670134,-0.09036390049794929,0.30484592012727285,1.1616426475586301,3.0,3.0,2018Q2,2018-03-31,2018-04-01,2018-06-30,holding,
trend_quality_avoid_failed_gap_volume_shape_hold_3d,trend_quality_avoid_failed_gap_volume_shape,3.0,1.0,64,64,66.0,63.0,32.33333333333333,0.5052083333333333,48376.081354934584,51633.35237007429,-0.03247837290130828,0.03266704740148585,-0.06514542030279413,-0.11506734166702937,-0.5260158863656308,1.1616426475586301,3.0,3.0,2018Q2,2018-03-31,2018-04-01,2018-06-30,holding,
gap_resistance_hold_1d,gap_resistance,1.0,1.0,64,20,25.0,25.0,40.0,0.625,42420.897034363916,51633.35237007429,-0.15158205931272173,0.03266704740148585,-0.18424910671420758,-0.1694980749699072,-3.8508229955906104,1.1616426475586301,1.0,0.0,2018Q2,2018-03-31,2018-04-01,2018-06-30,holding,
gap_resistance_hold_3d,gap_resistance,3.0,1.0,64,36,22.0,22.0,33.66666666666667,0.5260416666666667,44096.99660353249,51633.35237007429,-0.1180600679293502,0.03266704740148585,-0.15072711533083605,-0.1357362345723886,-3.173568471172686,1.1616426475586301,3.0,0.0,2018Q2,2018-03-31,2018-04-01,2018-06-30,holding,
gap_resistance_50_hold_3d,gap_resistance_50,3.0,1.0,64,31,16.0,16.0,27.333333333333336,0.42708333333333337,43234.728928412136,51633.35237007429,-0.13530542143175728,0.03266704740148585,-0.16797246883324313,-0.1459895944533538,-3.9959589213920514,1.1616426475586301,3.0,0.0,2018Q2,2018-03-31,2018-04-01,2018-06-30,holding,
trend_quality_gap_resistance_hold_3d,trend_quality_gap_resistance,3.0,1.0,64,36,22.0,22.0,33.66666666666667,0.5260416666666667,44414.13785578888,51633.35237007429,-0.11171724288422236,0.03266704740148585,-0.1443842902857082,-0.12269287162569109,-3.439499508028506,1.1616426475586301,3.0,0.0,2018Q2,2018-03-31,2018-04-01,2018-06-30,holding,
breakout_quality_hold_3d,breakout_quality,3.0,1.0,64,64,66.0,63.0,42.33333333333333,0.6614583333333333,44101.434925022746,51633.35237007429,-0.11797130149954504,0.03266704740148585,-0.1506383489010309,-0.153157267392808,-2.9074043116636448,1.1616426475586301,2.9682539682539684,3.0,2018Q2,2018-03-31,2018-04-01,2018-06-30,holding,
defensive_trend_hold_5d,defensive_trend,5.0,1.0,64,64,39.0,36.0,16.333333333333332,0.2552083333333333,48560.20213291058,51633.35237007429,-0.028795957341788414,0.03266704740148585,-0.06146300474327426,-0.07712276656138461,-0.4985888240640995,1.1616426475586301,5.0,3.0,2018Q2,2018-03-31,2018-04-01,2018-06-30,holding,
hybrid_markov_trend_hold_3d,hybrid_markov_trend,3.0,1.0,64,64,66.0,63.0,21.666666666666664,0.33854166666666663,57168.4931578967,51633.35237007429,0.1433698631579341,0.03266704740148585,0.11070281575644825,-0.07474093163366802,2.8233231825086498,1.1616426475586301,3.0,3.0,2018Q2,2018-03-31,2018-04-01,2018-06-30,holding,
hybrid_markov_trend_hold_5d,hybrid_markov_trend_spy_gated,5.0,1.0,64,8,6.0,3.0,3.0,0.046875,46942.2695036849,51633.35237007429,-0.06115460992630195,0.03266704740148585,-0.0938216573277878,-0.08357131994478106,-2.103333687283774,1.1616426475586301,5.0,3.0,2018Q2,2018-03-31,2018-04-01,2018-06-30,holding,
hybrid_markov_trend_exit_max10,hybrid_markov_trend_spy_gated,10.0,2.0,64,8,8.0,8.0,7.333333333333334,0.11458333333333334,48112.556817852594,51633.35237007429,-0.03774886364294816,0.03266704740148585,-0.07041591104443401,-0.07611256122712651,-1.3163344258803413,1.1616426475586301,2.625,0.0,2018Q2,2018-03-31,2018-04-01,2018-06-30,holding,
markov_daily_manual,,,,64,64,,,,,,,0.030187710010258773,0.03266704740148585,-0.0024793373912270766,-0.047940592068796195,0.8336321184602292,1.1616426475586301,,,2018Q2,2018-03-31,2018-04-01,2018-06-30,markov_daily,192.0
markov_daily_confirmed,,,,64,64,,,,,,,0.032363510196945944,0.03266704740148585,-0.0003035372045399054,-0.047940592068796306,0.8871573032723418,1.1616426475586301,,,2018Q2,2018-03-31,2018-04-01,2018-06-30,markov_daily,192.0
markov_daily_spy_gated,,,,64,6,,,,,,,-0.02093248443593121,0.03266704740148585,-0.05359953183741706,-0.032176915618420954,-1.727928508552837,1.1616426475586301,,,2018Q2,2018-03-31,2018-04-01,2018-06-30,markov_daily,18.0
markov_daily_confirmed_spy_gated,,,,64,6,,,,,,,-0.02093248443593121,0.03266704740148585,-0.05359953183741706,-0.032176915618420954,-1.727928508552837,1.1616426475586301,,,2018Q2,2018-03-31,2018-04-01,2018-06-30,markov_daily,18.0
markov_daily_algo_fused_spy_gated,,,,64,6,,,,,,,-0.02093248443593121,0.03266704740148585,-0.05359953183741706,-0.032176915618420954,-1.727928508552837,1.1616426475586301,,,2018Q2,2018-03-31,2018-04-01,2018-06-30,markov_daily,18.0
confirmed_rebalance_daily,confirmed,1.0,1.0,63,63,189.0,186.0,10.333333333333332,0.164021164021164,60898.21917130855,53644.50835084612,0.21796438342617086,0.07289016701692241,0.14507421640924845,-0.02598594645662322,5.512173470039475,3.656192469567322,1.0,3.0,2018Q3,2018-06-30,2018-07-01,2018-09-30,holding,
confirmed_hold_2d,confirmed,2.0,1.0,63,63,96.0,93.0,9.666666666666666,0.15343915343915343,62756.49884782765,53644.50835084612,0.25512997695655293,0.07289016701692241,0.18223980993963051,-0.01595535476458343,6.560584314960805,3.656192469567322,1.989247311827957,3.0,2018Q3,2018-06-30,2018-07-01,2018-09-30,holding,
confirmed_hold_3d,confirmed,3.0,1.0,63,63,65.0,62.0,9.666666666666664,0.1534391534391534,59181.999573916226,53644.50835084612,0.18363999147832444,0.07289016701692241,0.11074982446140202,-0.01859730497900447,4.89533395808092,3.656192469567322,2.9193548387096775,3.0,2018Q3,2018-06-30,2018-07-01,2018-09-30,holding,
confirmed_hold_5d,confirmed,5.0,1.0,63,63,42.0,39.0,9.0,0.14285714285714285,61639.31736972338,53644.50835084612,0.23278634739446757,0.07289016701692241,0.15989618037754516,-0.015860458883639184,6.635299827623912,3.656192469567322,4.666666666666667,3.0,2018Q3,2018-06-30,2018-07-01,2018-09-30,holding,
confirmed_hold_10d,confirmed,10.0,1.0,63,63,21.0,18.0,5.666666666666666,0.08994708994708994,58822.513510078104,53644.50835084612,0.176450270201562,0.07289016701692241,0.1035601031846396,-0.015860458883639184,5.4400927378548545,3.656192469567322,9.5,3.0,2018Q3,2018-06-30,2018-07-01,2018-09-30,holding,
confirmed_signal_exit_max10,confirmed,10.0,2.0,63,63,21.0,18.0,5.666666666666666,0.08994708994708994,58822.513510078104,53644.50835084612,0.176450270201562,0.07289016701692241,0.1035601031846396,-0.015860458883639184,5.4400927378548545,3.656192469567322,9.5,3.0,2018Q3,2018-06-30,2018-07-01,2018-09-30,holding,
confirmed_market_exposure_hold_5d,confirmed,5.0,1.0,63,63,42.0,39.0,9.7,0.15396825396825395,61696.60712870513,53644.50835084612,0.23393214257410255,0.07289016701692241,0.16104197555718014,-0.015860458883639184,6.675548462602837,3.656192469567322,4.666666666666667,3.0,2018Q3,2018-06-30,2018-07-01,2018-09-30,holding,
confirmed_market_exposure_hold_10d,confirmed,10.0,1.0,63,63,21.0,18.0,6.366666666666666,0.10105820105820106,58877.18523204864,53644.50835084612,0.1775437046409729,0.07289016701692241,0.1046535376240505,-0.015860458883639184,5.479896938303141,3.656192469567322,9.5,3.0,2018Q3,2018-06-30,2018-07-01,2018-09-30,holding,
confirmed_rel_rank_hold_5d,confirmed_rel_rank,5.0,1.0,63,63,41.0,38.0,19.666666666666668,0.3121693121693122,48822.68714804894,53644.50835084612,-0.023546257039021135,0.07289016701692241,-0.09643642405594355,-0.0477912080830849,-0.672763538060948,3.656192469567322,4.7105263157894735,3.0,2018Q3,2018-06-30,2018-07-01,2018-09-30,holding,
confirmed_rel_rank_market_hold_5d,confirmed_rel_rank,5.0,1.0,63,63,41.0,38.0,20.366666666666667,0.3232804232804233,48887.4660114117,53644.50835084612,-0.02225067977176598,0.07289016701692241,-0.0951408467886884,-0.047791208083085235,-0.6367904242806017,3.656192469567322,4.7105263157894735,3.0,2018Q3,2018-06-30,2018-07-01,2018-09-30,holding,
confirmed_relative_guard_hold_5d,confirmed_relative_guard,5.0,1.0,63,63,41.0,38.0,25.033333333333335,0.3973544973544974,49967.01518225158,53644.50835084612,-0.0006596963549683199,0.07289016701692241,-0.07354986337189073,-0.05232279860002487,0.05174015632646414,3.656192469567322,4.7105263157894735,3.0,2018Q3,2018-06-30,2018-07-01,2018-09-30,holding,
confirmed_relative_guard_exit_max10,confirmed_relative_guard,10.0,2.0,63,63,44.0,41.0,27.233333333333338,0.43227513227513237,54853.10360156009,53644.50835084612,0.09706207203120187,0.07289016701692241,0.02417190501427946,-0.029936744076600963,2.4560569562970924,3.656192469567322,4.414634146341464,3.0,2018Q3,2018-06-30,2018-07-01,2018-09-30,holding,
confirmed_strong_relative_guard_hold_5d,confirmed_strong_relative_guard,5.0,1.0,63,63,41.0,38.0,25.033333333333335,0.3973544973544974,50421.04648523698,53644.50835084612,0.00842092970473951,0.07289016701692241,-0.0644692373121829,-0.052322798600024756,0.29483697472547155,3.656192469567322,4.7105263157894735,3.0,2018Q3,2018-06-30,2018-07-01,2018-09-30,holding,
spy_fused_rebalance_daily,algo_fused_spy_gated,1.0,1.0,63,60,180.0,177.0,12.333333333333332,0.19576719576719576,60135.055550224424,53644.50835084612,0.2027011110044885,0.07289016701692241,0.1298109439875661,-0.02598594645662311,5.238613707430197,3.656192469567322,1.0,3.0,2018Q3,2018-06-30,2018-07-01,2018-09-30,holding,
spy_fused_hold_3d,algo_fused_spy_gated,3.0,1.0,63,62,65.0,62.0,8.333333333333332,0.13227513227513227,58115.489667089176,53644.50835084612,0.16230979334178341,0.07289016701692241,0.089419626324861,-0.01859730497900458,4.574090999881094,3.656192469567322,2.8870967741935485,3.0,2018Q3,2018-06-30,2018-07-01,2018-09-30,holding,
spy_fused_hold_5d,algo_fused_spy_gated,5.0,1.0,63,62,42.0,39.0,9.0,0.14285714285714285,61788.899937629154,53644.50835084612,0.23577799875258298,0.07289016701692241,0.16288783173566057,-0.015860458883639184,6.526010231929456,3.656192469567322,4.615384615384615,3.0,2018Q3,2018-06-30,2018-07-01,2018-09-30,holding,
spy_fused_rank_exit_max10,algo_fused_spy_gated,10.0,2.0,63,61,22.0,19.0,6.333333333333332,0.10052910052910051,58277.201600710505,53644.50835084612,0.16554403201421009,0.07289016701692241,0.09265386499728767,-0.015860458883639184,5.464365949365865,3.656192469567322,8.368421052631579,3.0,2018Q3,2018-06-30,2018-07-01,2018-09-30,holding,
relative_momentum_hold_3d,relative_momentum,3.0,1.0,63,63,67.0,64.0,32.333333333333336,0.5132275132275133,44253.89780388447,53644.50835084612,-0.11492204392231054,0.07289016701692241,-0.18781221093923295,-0.12542058063698314,-3.066270841883839,3.656192469567322,2.875,3.0,2018Q3,2018-06-30,2018-07-01,2018-09-30,holding,
relative_momentum_hold_5d,relative_momentum,5.0,1.0,63,63,41.0,38.0,25.66666666666667,0.4074074074074075,46926.286874818754,53644.50835084612,-0.06147426250362498,0.07289016701692241,-0.1343644295205474,-0.08993368214722186,-1.6425949347908564,3.656192469567322,4.7105263157894735,3.0,2018Q3,2018-06-30,2018-07-01,2018-09-30,holding,
relative_momentum_exit_max10,relative_momentum_spy_gated,10.0,2.0,63,61,29.0,26.0,18.333333333333332,0.291005291005291,48844.77408882573,53644.50835084612,-0.02310451822348536,0.07289016701692241,-0.09599468524040777,-0.0738973101467113,-0.6152434208888848,3.656192469567322,6.3076923076923075,3.0,2018Q3,2018-06-30,2018-07-01,2018-09-30,holding,
relative_momentum_volume_shape_exit_max10,relative_momentum_volume_shape_spy_gated,10.0,2.0,63,61,31.0,28.0,19.66666666666667,0.31216931216931226,49673.41555576724,53644.50835084612,-0.006531688884655162,0.07289016701692241,-0.07942185590157758,-0.09120511221014393,-0.11403942895655539,3.656192469567322,6.214285714285714,3.0,2018Q3,2018-06-30,2018-07-01,2018-09-30,holding,
trend_quality_hold_3d,trend_quality,3.0,1.0,63,63,66.0,63.0,37.666666666666664,0.5978835978835978,48847.94443743135,53644.50835084612,-0.02304111125137298,0.07289016701692241,-0.0959312782682954,-0.07040689951109813,-0.528074289971598,3.656192469567322,2.9206349206349205,3.0,2018Q3,2018-06-30,2018-07-01,2018-09-30,holding,
trend_quality_hold_5d,trend_quality,5.0,1.0,63,63,40.0,37.0,25.0,0.3968253968253968,48402.20396410897,53644.50835084612,-0.03195592071782061,0.07289016701692241,-0.10484608773474302,-0.06620002555727245,-0.7712854915579304,3.656192469567322,4.8108108108108105,3.0,2018Q3,2018-06-30,2018-07-01,2018-09-30,holding,
trend_quality_volume_shape_hold_3d,trend_quality_volume_shape,3.0,1.0,63,63,66.0,63.0,35.666666666666664,0.566137566137566,48289.13747330377,53644.50835084612,-0.03421725053392466,0.07289016701692241,-0.10710741755084707,-0.07747503766806407,-0.9007687912425963,3.656192469567322,2.9206349206349205,3.0,2018Q3,2018-06-30,2018-07-01,2018-09-30,holding,
trend_quality_avoid_failed_gap_hold_3d,trend_quality_avoid_failed_gap,3.0,1.0,63,63,66.0,63.0,37.666666666666664,0.5978835978835978,48847.94443743135,53644.50835084612,-0.02304111125137298,0.07289016701692241,-0.0959312782682954,-0.07040689951109813,-0.528074289971598,3.656192469567322,2.9206349206349205,3.0,2018Q3,2018-06-30,2018-07-01,2018-09-30,holding,
trend_quality_avoid_failed_gap_volume_shape_hold_3d,trend_quality_avoid_failed_gap_volume_shape,3.0,1.0,63,63,66.0,63.0,35.666666666666664,0.566137566137566,48015.2442222359,53644.50835084612,-0.039695115555281935,0.07289016701692241,-0.11258528257220435,-0.0827075469723364,-0.9962515721153321,3.656192469567322,2.9206349206349205,3.0,2018Q3,2018-06-30,2018-07-01,2018-09-30,holding,
gap_resistance_hold_1d,gap_resistance,1.0,1.0,63,26,37.0,37.0,49.0,0.7777777777777778,46188.52793868483,53644.50835084612,-0.07622944122630348,0.07289016701692241,-0.1491196082432259,-0.12077922738190972,-1.6860318400607432,3.656192469567322,1.0,0.0,2018Q3,2018-06-30,2018-07-01,2018-09-30,holding,
gap_resistance_hold_3d,gap_resistance,3.0,1.0,63,42,29.0,27.0,33.66666666666667,0.5343915343915344,55666.97017007859,53644.50835084612,0.11333940340157178,0.07289016701692241,0.04044923638464937,-0.050453983252156775,2.2848720549739694,3.656192469567322,3.0,2.0,2018Q3,2018-06-30,2018-07-01,2018-09-30,holding,
gap_resistance_50_hold_3d,gap_resistance_50,3.0,1.0,63,38,25.0,25.0,32.33333333333333,0.5132275132275131,52746.83591978353,53644.50835084612,0.0549367183956706,0.07289016701692241,-0.01795344862125181,-0.020952377160430524,1.8881284333024348,3.656192469567322,3.0,0.0,2018Q3,2018-06-30,2018-07-01,2018-09-30,holding,
trend_quality_gap_resistance_hold_3d,trend_quality_gap_resistance,3.0,1.0,63,37,25.0,23.0,30.666666666666668,0.4867724867724868,50841.21654981854,53644.50835084612,0.01682433099637093,0.07289016701692241,-0.056065836020551485,-0.05045398325215655,0.616851476459356,3.656192469567322,3.0,2.0,2018Q3,2018-06-30,2018-07-01,2018-09-30,holding,
breakout_quality_hold_3d,breakout_quality,3.0,1.0,63,63,63.0,60.0,37.666666666666664,0.5978835978835978,53006.75914209327,53644.50835084612,0.060135182841865475,0.07289016701692241,-0.012754984175056938,-0.031550358172124704,1.8647283597937683,3.656192469567322,3.0,3.0,2018Q3,2018-06-30,2018-07-01,2018-09-30,holding,
defensive_trend_hold_5d,defensive_trend,5.0,1.0,63,63,40.0,37.0,19.666666666666664,0.31216931216931215,49023.233208450074,53644.50835084612,-0.019535335830998535,0.07289016701692241,-0.09242550284792095,-0.0645065759684047,-0.43326870888909574,3.656192469567322,4.8108108108108105,3.0,2018Q3,2018-06-30,2018-07-01,2018-09-30,holding,
hybrid_markov_trend_hold_3d,hybrid_markov_trend,3.0,1.0,63,63,67.0,64.0,32.33333333333333,0.5132275132275131,48948.27686907018,53644.50835084612,-0.021034462618596428,0.07289016701692241,-0.09392462963551884,-0.06761398564273058,-0.49416152230537946,3.656192469567322,2.875,3.0,2018Q3,2018-06-30,2018-07-01,2018-09-30,holding,
hybrid_markov_trend_hold_5d,hybrid_markov_trend_spy_gated,5.0,1.0,63,62,40.0,37.0,21.000000000000004,0.33333333333333337,49571.44147954,53644.50835084612,-0.008571170409199969,0.07289016701692241,-0.08146133742612238,-0.06435724178148816,-0.18217091131739457,3.656192469567322,4.756756756756757,3.0,2018Q3,2018-06-30,2018-07-01,2018-09-30,holding,
hybrid_markov_trend_exit_max10,hybrid_markov_trend_spy_gated,10.0,2.0,63,61,44.0,41.0,28.333333333333336,0.44973544973544977,46666.480242442245,53644.50835084612,-0.06667039515115514,0.07289016701692241,-0.13956056216807755,-0.07167309001447097,-2.034035794508787,3.656192469567322,4.2682926829268295,3.0,2018Q3,2018-06-30,2018-07-01,2018-09-30,holding,
markov_daily_manual,,,,63,63,,,,,,,0.1521619151607163,0.07289016701692241,0.0792717481437939,-0.03176317998876399,4.027709703373737,3.656192469567322,,,2018Q3,2018-06-30,2018-07-01,2018-09-30,markov_daily,189.0
markov_daily_confirmed,,,,63,63,,,,,,,0.16304568540128872,0.07289016701692241,0.0901555183843663,-0.03176317998876399,4.239192140487341,3.656192469567322,,,2018Q3,2018-06-30,2018-07-01,2018-09-30,markov_daily,189.0
markov_daily_spy_gated,,,,63,60,,,,,,,0.15214126045430953,0.07289016701692241,0.07925109343738712,-0.03176317998876388,4.042046236597422,3.656192469567322,,,2018Q3,2018-06-30,2018-07-01,2018-09-30,markov_daily,180.0
markov_daily_confirmed_spy_gated,,,,63,60,,,,,,,0.1630248355824786,0.07289016701692241,0.09013466856555619,-0.03176317998876388,4.253942777011017,3.656192469567322,,,2018Q3,2018-06-30,2018-07-01,2018-09-30,markov_daily,180.0
markov_daily_algo_fused_spy_gated,,,,63,60,,,,,,,0.15214126045430953,0.07289016701692241,0.07925109343738712,-0.03176317998876388,4.042046236597422,3.656192469567322,,,2018Q3,2018-06-30,2018-07-01,2018-09-30,markov_daily,180.0
confirmed_rebalance_daily,confirmed,1.0,1.0,65,65,194.0,191.0,21.666666666666664,0.3333333333333333,46149.373790190286,42955.32646048112,-0.07701252419619431,-0.14089347079037762,0.06388094659418331,-0.13749907364904657,-1.3383367901041494,-2.4091652791430462,1.0,3.0,2018Q4,2018-09-30,2018-10-01,2018-12-31,holding,
confirmed_hold_2d,confirmed,2.0,1.0,65,65,101.0,98.0,22.33333333333333,0.34358974358974353,48048.862092096155,42955.32646048112,-0.039022758158076876,-0.14089347079037762,0.10187071263230074,-0.13045928801404494,-0.6306040404451548,-2.4091652791430462,1.9387755102040816,3.0,2018Q4,2018-09-30,2018-10-01,2018-12-31,holding,
confirmed_hold_3d,confirmed,3.0,1.0,65,65,68.0,65.0,17.666666666666664,0.2717948717948718,47247.18660458442,42955.32646048112,-0.05505626790831153,-0.14089347079037762,0.08583720288206609,-0.13534049598244013,-0.9198579263682712,-2.4091652791430462,2.8461538461538463,3.0,2018Q4,2018-09-30,2018-10-01,2018-12-31,holding,
confirmed_hold_5d,confirmed,5.0,1.0,65,65,46.0,43.0,16.333333333333332,0.2512820512820513,47141.71178939586,42955.32646048112,-0.05716576421208286,-0.14089347079037762,0.08372770657829476,-0.13906690170235148,-0.9788032448126268,-2.4091652791430462,4.348837209302325,3.0,2018Q4,2018-09-30,2018-10-01,2018-12-31,holding,
confirmed_hold_10d,confirmed,10.0,1.0,65,65,23.0,20.0,9.666666666666668,0.14871794871794874,51344.01446429007,42955.32646048112,0.02688028928580133,-0.14089347079037762,0.16777376007617895,-0.10022789715510161,0.6101158839203226,-2.4091652791430462,8.55,3.0,2018Q4,2018-09-30,2018-10-01,2018-12-31,holding,
confirmed_signal_exit_max10,confirmed,10.0,2.0,65,65,25.0,22.0,11.0,0.16923076923076924,50076.7699657515,42955.32646048112,0.001535399315029995,-0.14089347079037762,0.1424288701054076,-0.09720802668356932,0.1284772816869592,-2.4091652791430462,7.909090909090909,3.0,2018Q4,2018-09-30,2018-10-01,2018-12-31,holding,
confirmed_market_exposure_hold_5d,confirmed,5.0,1.0,65,65,46.0,43.0,14.799999999999999,0.22769230769230767,48136.465355214204,42955.32646048112,-0.03727069289571594,-0.14089347079037762,0.10362277789466168,-0.07562436941815132,-1.2503293239643944,-2.4091652791430462,4.348837209302325,3.0,2018Q4,2018-09-30,2018-10-01,2018-12-31,holding,
confirmed_market_exposure_hold_10d,confirmed,10.0,1.0,65,65,23.0,20.0,11.966666666666665,0.18410256410256406,51271.27975652714,42955.32646048112,0.025425595130542877,-0.14089347079037762,0.1663190659209205,-0.03601659115564426,1.0073322223509544,-2.4091652791430462,8.55,3.0,2018Q4,2018-09-30,2018-10-01,2018-12-31,holding,
confirmed_rel_rank_hold_5d,confirmed_rel_rank,5.0,1.0,65,65,42.0,39.0,12.333333333333332,0.18974358974358974,48007.06348218293,42955.32646048112,-0.039858730356341354,-0.14089347079037762,0.10103474043403626,-0.11505988039271553,-0.7126760075079206,-2.4091652791430462,4.794871794871795,3.0,2018Q4,2018-09-30,2018-10-01,2018-12-31,holding,
confirmed_rel_rank_market_hold_5d,confirmed_rel_rank,5.0,1.0,65,65,42.0,39.0,13.8,0.2123076923076923,48844.474296240165,42955.32646048112,-0.02311051407519671,-0.14089347079037762,0.11778295671518091,-0.05253302907327406,-0.851776674425868,-2.4091652791430462,4.794871794871795,3.0,2018Q4,2018-09-30,2018-10-01,2018-12-31,holding,
confirmed_relative_guard_hold_5d,confirmed_relative_guard,5.0,1.0,65,65,42.0,39.0,17.0,0.26153846153846155,47605.30352051148,42955.32646048112,-0.047893929589770456,-0.14089347079037762,0.09299954120060716,-0.0731471436943083,-1.8958105405437682,-2.4091652791430462,4.615384615384615,3.0,2018Q4,2018-09-30,2018-10-01,2018-12-31,holding,
confirmed_relative_guard_exit_max10,confirmed_relative_guard,10.0,2.0,65,63,47.0,44.0,23.5,0.36153846153846153,46970.719963580435,42955.32646048112,-0.06058560072839125,-0.14089347079037762,0.08030787006198636,-0.08887264881981627,-2.046830979785341,-2.4091652791430462,3.772727272727273,3.0,2018Q4,2018-09-30,2018-10-01,2018-12-31,holding,
confirmed_strong_relative_guard_hold_5d,confirmed_strong_relative_guard,5.0,1.0,65,64,41.0,38.0,16.833333333333332,0.25897435897435894,49136.38723460357,42955.32646048112,-0.01727225530792853,-0.14089347079037762,0.12362121548244909,-0.054039328804710074,-0.5781573243099035,-2.4091652791430462,4.5,3.0,2018Q4,2018-09-30,2018-10-01,2018-12-31,holding,
spy_fused_rebalance_daily,algo_fused_spy_gated,1.0,1.0,65,7,21.0,21.0,5.333333333333333,0.08205128205128205,47396.129484370176,42955.32646048112,-0.052077410312596495,-0.14089347079037762,0.08881606047778112,-0.06002599654062324,-3.038537376731044,-2.4091652791430462,1.0,0.0,2018Q4,2018-09-30,2018-10-01,2018-12-31,holding,
spy_fused_hold_3d,algo_fused_spy_gated,3.0,1.0,65,10,10.0,10.0,6.666666666666666,0.10256410256410256,48538.77353431802,42955.32646048112,-0.029224529313639613,-0.14089347079037762,0.111668941476738,-0.054908201054532424,-1.2346813624340862,-2.4091652791430462,2.8,0.0,2018Q4,2018-09-30,2018-10-01,2018-12-31,holding,
spy_fused_hold_5d,algo_fused_spy_gated,5.0,1.0,65,12,8.0,8.0,6.0,0.09230769230769231,51041.94412076016,42955.32646048112,0.020838882415203264,-0.14089347079037762,0.16173235320558088,-0.05123310089487121,0.8062765936459666,-2.4091652791430462,4.125,0.0,2018Q4,2018-09-30,2018-10-01,2018-12-31,holding,
spy_fused_rank_exit_max10,algo_fused_spy_gated,10.0,2.0,65,8,7.0,7.0,4.666666666666666,0.07179487179487179,48805.964619064966,42955.32646048112,-0.023880707618700647,-0.14089347079037762,0.11701276317167697,-0.05186154169932444,-1.0894645898908308,-2.4091652791430462,3.4285714285714284,0.0,2018Q4,2018-09-30,2018-10-01,2018-12-31,holding,
relative_momentum_hold_3d,relative_momentum,3.0,1.0,65,65,67.0,64.0,33.666666666666664,0.5179487179487179,35593.93032304641,42955.32646048112,-0.28812139353907185,-0.14089347079037762,-0.14722792274869423,-0.31881042442416907,-5.837252276743493,-2.4091652791430462,2.921875,3.0,2018Q4,2018-09-30,2018-10-01,2018-12-31,holding,
relative_momentum_hold_5d,relative_momentum,5.0,1.0,65,65,42.0,39.0,23.666666666666664,0.3641025641025641,40807.38302214172,42955.32646048112,-0.1838523395571655,-0.14089347079037762,-0.042958868766787894,-0.2246177084521671,-3.0084899920830916,-2.4091652791430462,4.6923076923076925,3.0,2018Q4,2018-09-30,2018-10-01,2018-12-31,holding,
relative_momentum_exit_max10,relative_momentum_spy_gated,10.0,2.0,65,8,6.0,6.0,4.0,0.06153846153846154,46143.319826624014,42955.32646048112,-0.07713360346751974,-0.14089347079037762,0.06375986732285788,-0.0786483607693117,-3.7428760167630646,-2.4091652791430462,4.0,0.0,2018Q4,2018-09-30,2018-10-01,2018-12-31,holding,
relative_momentum_volume_shape_exit_max10,relative_momentum_volume_shape_spy_gated,10.0,2.0,65,8,6.0,6.0,4.0,0.06153846153846154,46223.93376815528,42955.32646048112,-0.07552132463689443,-0.14089347079037762,0.06537214615348319,-0.07703872827096192,-3.7313652123158345,-2.4091652791430462,4.0,0.0,2018Q4,2018-09-30,2018-10-01,2018-12-31,holding,
trend_quality_hold_3d,trend_quality,3.0,1.0,65,65,66.0,63.0,33.66666666666666,0.5179487179487178,37924.497948687465,42955.32646048112,-0.24151004102625073,-0.14089347079037762,-0.10061657023587312,-0.27781508532857435,-5.37729155165096,-2.4091652791430462,2.9523809523809526,3.0,2018Q4,2018-09-30,2018-10-01,2018-12-31,holding,
trend_quality_hold_5d,trend_quality,5.0,1.0,65,65,42.0,39.0,24.333333333333332,0.37435897435897436,39934.675327868885,42955.32646048112,-0.2013064934426223,-0.14089347079037762,-0.060413022652244686,-0.22286748781535393,-4.030014608299032,-2.4091652791430462,4.717948717948718,3.0,2018Q4,2018-09-30,2018-10-01,2018-12-31,holding,
trend_quality_volume_shape_hold_3d,trend_quality_volume_shape,3.0,1.0,65,65,66.0,63.0,34.33333333333333,0.5282051282051281,39808.993773430324,42955.32646048112,-0.20382012453139353,-0.14089347079037762,-0.06292665374101591,-0.25720288492677845,-4.043697978009567,-2.4091652791430462,2.9682539682539684,3.0,2018Q4,2018-09-30,2018-10-01,2018-12-31,holding,
trend_quality_avoid_failed_gap_hold_3d,trend_quality_avoid_failed_gap,3.0,1.0,65,65,66.0,63.0,33.66666666666666,0.5179487179487178,37924.497948687465,42955.32646048112,-0.24151004102625073,-0.14089347079037762,-0.10061657023587312,-0.27781508532857435,-5.37729155165096,-2.4091652791430462,2.9523809523809526,3.0,2018Q4,2018-09-30,2018-10-01,2018-12-31,holding,
trend_quality_avoid_failed_gap_volume_shape_hold_3d,trend_quality_avoid_failed_gap_volume_shape,3.0,1.0,65,65,66.0,63.0,34.33333333333333,0.5282051282051281,39808.993773430324,42955.32646048112,-0.20382012453139353,-0.14089347079037762,-0.06292665374101591,-0.25720288492677845,-4.043697978009567,-2.4091652791430462,2.9682539682539684,3.0,2018Q4,2018-09-30,2018-10-01,2018-12-31,holding,
gap_resistance_hold_1d,gap_resistance,1.0,1.0,65,16,25.0,25.0,31.333333333333336,0.4820512820512821,39794.10187890466,42955.32646048112,-0.20411796242190683,-0.14089347079037762,-0.06322449163152921,-0.19656970697035847,-5.080020528388811,-2.4091652791430462,1.0,0.0,2018Q4,2018-09-30,2018-10-01,2018-12-31,holding,
gap_resistance_hold_3d,gap_resistance,3.0,1.0,65,35,21.0,21.0,28.333333333333336,0.43589743589743596,38704.402468528344,42955.32646048112,-0.22591195062943314,-0.14089347079037762,-0.08501847983905553,-0.21863848108351236,-5.047528449857654,-2.4091652791430462,2.8095238095238093,0.0,2018Q4,2018-09-30,2018-10-01,2018-12-31,holding,
gap_resistance_50_hold_3d,gap_resistance_50,3.0,1.0,65,25,14.0,14.0,19.0,0.2923076923076923,43670.833949507905,42955.32646048112,-0.12658332100984193,-0.14089347079037762,0.014310149780535686,-0.15259112024312882,-2.9663354318528987,-2.4091652791430462,2.642857142857143,0.0,2018Q4,2018-09-30,2018-10-01,2018-12-31,holding,
trend_quality_gap_resistance_hold_3d,trend_quality_gap_resistance,3.0,1.0,65,35,21.0,21.0,28.333333333333336,0.43589743589743596,39482.83998022384,42955.32646048112,-0.21034320039552312,-0.14089347079037762,-0.0694497296051455,-0.20292344409218965,-4.729467292785265,-2.4091652791430462,2.8095238095238093,0.0,2018Q4,2018-09-30,2018-10-01,2018-12-31,holding,
breakout_quality_hold_3d,breakout_quality,3.0,1.0,65,65,66.0,63.0,35.0,0.5384615384615384,43227.90278001814,42955.32646048112,-0.1354419443996372,-0.14089347079037762,0.005451526390740424,-0.1767932497368333,-2.6481429325565657,-2.4091652791430462,2.9682539682539684,3.0,2018Q4,2018-09-30,2018-10-01,2018-12-31,holding,
defensive_trend_hold_5d,defensive_trend,5.0,1.0,65,65,42.0,39.0,21.666666666666664,0.3333333333333333,42476.35379040197,42955.32646048112,-0.15047292419196068,-0.14089347079037762,-0.00957945340158306,-0.17481856029386156,-2.445310425931353,-2.4091652791430462,4.743589743589744,3.0,2018Q4,2018-09-30,2018-10-01,2018-12-31,holding,
hybrid_markov_trend_hold_3d,hybrid_markov_trend,3.0,1.0,65,65,66.0,63.0,27.666666666666664,0.4256410256410256,43712.98764145191,42955.32646048112,-0.12574024717096177,-0.14089347079037762,0.015153223619415845,-0.158406795061099,-2.773226144863072,-2.4091652791430462,2.9523809523809526,3.0,2018Q4,2018-09-30,2018-10-01,2018-12-31,holding,
hybrid_markov_trend_hold_5d,hybrid_markov_trend_spy_gated,5.0,1.0,65,10,6.0,6.0,4.0,0.06153846153846154,46787.63426434781,42955.32646048112,-0.06424731471304379,-0.14089347079037762,0.07664615607733383,-0.06471372535612485,-2.7935778855045315,-2.4091652791430462,5.0,0.0,2018Q4,2018-09-30,2018-10-01,2018-12-31,holding,
hybrid_markov_trend_exit_max10,hybrid_markov_trend_spy_gated,10.0,2.0,65,9,8.0,8.0,7.333333333333334,0.11282051282051284,46907.98348978152,42955.32646048112,-0.06184033020436952,-0.14089347079037762,0.0790531405860081,-0.0631355820955698,-2.7520634663077588,-2.4091652791430462,3.0,0.0,2018Q4,2018-09-30,2018-10-01,2018-12-31,holding,
markov_daily_manual,,,,65,65,,,,,,,-0.11890845470999256,-0.14089347079037762,0.021985016080385056,-0.15304637673940702,-2.178835294632388,-2.4091652791430462,,,2018Q4,2018-09-30,2018-10-01,2018-12-31,markov_daily,194.0
markov_daily_confirmed,,,,65,65,,,,,,,-0.12184388045793104,-0.14089347079037762,0.019049590332446575,-0.15586806931643726,-2.264127480879605,-2.4091652791430462,,,2018Q4,2018-09-30,2018-10-01,2018-12-31,markov_daily,194.0
markov_daily_spy_gated,,,,65,7,,,,,,,-0.05538820677424805,-0.14089347079037762,0.08550526401612957,-0.06293734903091308,-3.16038221369996,-2.4091652791430462,,,2018Q4,2018-09-30,2018-10-01,2018-12-31,markov_daily,21.0
markov_daily_confirmed_spy_gated,,,,65,7,,,,,,,-0.05538820677424805,-0.14089347079037762,0.08550526401612957,-0.06293734903091308,-3.16038221369996,-2.4091652791430462,,,2018Q4,2018-09-30,2018-10-01,2018-12-31,markov_daily,21.0
markov_daily_algo_fused_spy_gated,,,,65,7,,,,,,,-0.05538820677424805,-0.14089347079037762,0.08550526401612957,-0.06293734903091308,-3.16038221369996,-2.4091652791430462,,,2018Q4,2018-09-30,2018-10-01,2018-12-31,markov_daily,21.0
confirmed_rebalance_daily,confirmed,1.0,1.0,62,62,186.0,183.0,22.33333333333333,0.36021505376344076,51076.941109386964,56494.000000000065,0.02153882218773928,0.12988000000000133,-0.10834117781226205,-0.05296725626943277,0.6889265088120538,3.732046695148622,1.0,3.0,2019Q1,2018-12-31,2019-01-01,2019-03-31,holding,
confirmed_hold_2d,confirmed,2.0,1.0,62,62,95.0,92.0,18.333333333333332,0.29569892473118276,50379.03602824486,56494.000000000065,0.007580720564897225,0.12988000000000133,-0.1222992794351041,-0.04902669045689356,0.2827591525394298,3.732046695148622,1.9782608695652173,3.0,2019Q1,2018-12-31,2019-01-01,2019-03-31,holding,
confirmed_hold_3d,confirmed,3.0,1.0,62,62,64.0,61.0,13.0,0.20967741935483872,51406.93768231891,56494.000000000065,0.02813875364637819,0.12988000000000133,-0.10174124635362314,-0.04262106262924614,0.8409074190061214,3.732046695148622,2.9672131147540983,3.0,2019Q1,2018-12-31,2019-01-01,2019-03-31,holding,
confirmed_hold_5d,confirmed,5.0,1.0,62,62,40.0,37.0,9.666666666666666,0.15591397849462366,51931.07152694666,56494.000000000065,0.03862143053893319,0.12988000000000133,-0.09125856946106814,-0.03843471716939584,1.1391552922903558,3.732046695148622,4.891891891891892,3.0,2019Q1,2018-12-31,2019-01-01,2019-03-31,holding,
confirmed_hold_10d,confirmed,10.0,1.0,62,62,22.0,19.0,6.333333333333333,0.1021505376344086,51885.66454016181,56494.000000000065,0.037713290803236266,0.12988000000000133,-0.09216670919676506,-0.05658727756392157,1.0602569792805598,3.732046695148622,9.526315789473685,3.0,2019Q1,2018-12-31,2019-01-01,2019-03-31,holding,
confirmed_signal_exit_max10,confirmed,10.0,2.0,62,62,22.0,19.0,6.333333333333333,0.1021505376344086,52458.30580121191,56494.000000000065,0.04916611602423804,0.12988000000000133,-0.08071388397576329,-0.047640643738040334,1.3904604411947217,3.732046695148622,9.105263157894736,3.0,2019Q1,2018-12-31,2019-01-01,2019-03-31,holding,
confirmed_market_exposure_hold_5d,confirmed,5.0,1.0,62,62,40.0,37.0,10.466666666666665,0.16881720430107525,52927.1261401895,56494.000000000065,0.05854252280379013,0.12988000000000133,-0.0713374771962112,-0.03811659045969218,1.8991887431069054,3.732046695148622,4.891891891891892,3.0,2019Q1,2018-12-31,2019-01-01,2019-03-31,holding,
confirmed_market_exposure_hold_10d,confirmed,10.0,1.0,62,62,22.0,19.0,7.7333333333333325,0.1247311827956989,52625.02171962465,56494.000000000065,0.05250043439249308,0.12988000000000133,-0.07737956560750825,-0.04765059369810831,1.618019645665497,3.732046695148622,9.526315789473685,3.0,2019Q1,2018-12-31,2019-01-01,2019-03-31,holding,
confirmed_rel_rank_hold_5d,confirmed_rel_rank,5.0,1.0,62,62,40.0,37.0,15.666666666666664,0.2526881720430107,50744.014410226635,56494.000000000065,0.014880288204532688,0.12988000000000133,-0.11499971179546864,-0.06667911431006113,0.4795611763651627,3.732046695148622,4.891891891891892,3.0,2019Q1,2018-12-31,2019-01-01,2019-03-31,holding,
confirmed_rel_rank_market_hold_5d,confirmed_rel_rank,5.0,1.0,62,62,40.0,37.0,15.999999999999998,0.25806451612903225,51674.38849245885,56494.000000000065,0.033487769849176896,0.12988000000000133,-0.09639223015082443,-0.06119835044331712,1.0830179781794524,3.732046695148622,4.891891891891892,3.0,2019Q1,2018-12-31,2019-01-01,2019-03-31,holding,
confirmed_relative_guard_hold_5d,confirmed_relative_guard,5.0,1.0,62,61,39.0,36.0,23.733333333333334,0.3827956989247312,47890.852124165685,56494.000000000065,-0.042182957516686326,0.12988000000000133,-0.17206295751668765,-0.08598437400079106,-1.1835219584034886,3.732046695148622,4.583333333333333,3.0,2019Q1,2018-12-31,2019-01-01,2019-03-31,holding,
confirmed_relative_guard_exit_max10,confirmed_relative_guard,10.0,2.0,62,59,51.0,48.0,34.300000000000004,0.553225806451613,47731.73600850279,56494.000000000065,-0.045365279829944205,0.12988000000000133,-0.17524527982994553,-0.06229636657313553,-1.2901426797283055,3.732046695148622,3.2916666666666665,3.0,2019Q1,2018-12-31,2019-01-01,2019-03-31,holding,
confirmed_strong_relative_guard_hold_5d,confirmed_strong_relative_guard,5.0,1.0,62,60,39.0,36.0,25.133333333333333,0.4053763440860215,45642.368264534976,56494.000000000065,-0.08715263470930046,0.12988000000000133,-0.21703263470930179,-0.11272018575924636,-2.3382840275557384,3.732046695148622,4.611111111111111,3.0,2019Q1,2018-12-31,2019-01-01,2019-03-31,holding,
spy_fused_rebalance_daily,algo_fused_spy_gated,1.0,1.0,62,25,75.0,72.0,7.666666666666666,0.12365591397849461,49064.01666485762,56494.000000000065,-0.018719666702847637,0.12988000000000133,-0.14859966670284896,-0.04815708675504804,-0.6777497970503676,3.732046695148622,1.0,3.0,2019Q1,2018-12-31,2019-01-01,2019-03-31,holding,
spy_fused_hold_3d,algo_fused_spy_gated,3.0,1.0,62,26,27.0,24.0,5.666666666666667,0.0913978494623656,50633.76830524885,56494.000000000065,0.012675366104976993,0.12988000000000133,-0.11720463389502433,-0.03573164591911471,0.5613546040116741,3.732046695148622,3.0,3.0,2019Q1,2018-12-31,2019-01-01,2019-03-31,holding,
spy_fused_hold_5d,algo_fused_spy_gated,5.0,1.0,62,27,18.0,15.0,5.0,0.08064516129032258,50367.48086798995,56494.000000000065,0.00734961735979911,0.12988000000000133,-0.12253038264020222,-0.03573164591911471,0.3402237787267985,3.732046695148622,5.0,3.0,2019Q1,2018-12-31,2019-01-01,2019-03-31,holding,
spy_fused_rank_exit_max10,algo_fused_spy_gated,10.0,2.0,62,25,11.0,8.0,4.333333333333333,0.06989247311827956,49865.661562599285,56494.000000000065,-0.002686768748014323,0.12988000000000133,-0.13256676874801565,-0.03811659045969218,-0.058476038761366096,3.732046695148622,6.75,3.0,2019Q1,2018-12-31,2019-01-01,2019-03-31,holding,
relative_momentum_hold_3d,relative_momentum,3.0,1.0,62,62,64.0,61.0,29.0,0.46774193548387094,51296.90108369127,56494.000000000065,0.025938021673825418,0.12988000000000133,-0.10394197832617591,-0.05850359463612187,0.5647590968120766,3.732046695148622,2.9672131147540983,3.0,2019Q1,2018-12-31,2019-01-01,2019-03-31,holding,
relative_momentum_hold_5d,relative_momentum,5.0,1.0,62,62,39.0,36.0,21.666666666666664,0.3494623655913978,51899.555568150834,56494.000000000065,0.037991111363016694,0.12988000000000133,-0.09188888863698463,-0.08134249621885403,0.7268382420359477,3.732046695148622,5.0,3.0,2019Q1,2018-12-31,2019-01-01,2019-03-31,holding,
relative_momentum_exit_max10,relative_momentum_spy_gated,10.0,2.0,62,25,13.0,10.0,7.666666666666666,0.12365591397849461,50833.4899696477,56494.000000000065,0.0166697993929541,0.12988000000000133,-0.11321020060704723,-0.0730840659356804,0.5363755115606335,3.732046695148622,6.4,3.0,2019Q1,2018-12-31,2019-01-01,2019-03-31,holding,
relative_momentum_volume_shape_exit_max10,relative_momentum_volume_shape_spy_gated,10.0,2.0,62,25,10.0,7.0,5.666666666666667,0.0913978494623656,52851.55424278388,56494.000000000065,0.05703108485567765,0.12988000000000133,-0.07284891514432368,-0.01777582522896992,2.5848127125082603,3.732046695148622,8.428571428571429,3.0,2019Q1,2018-12-31,2019-01-01,2019-03-31,holding,
trend_quality_hold_3d,trend_quality,3.0,1.0,62,62,63.0,60.0,31.666666666666664,0.510752688172043,53930.22999431469,56494.000000000065,0.07860459988629387,0.12988000000000133,-0.05127540011370746,-0.07838844534794653,1.4719309011794794,3.732046695148622,3.0,3.0,2019Q1,2018-12-31,2019-01-01,2019-03-31,holding,
trend_quality_hold_5d,trend_quality,5.0,1.0,62,62,39.0,36.0,22.333333333333332,0.3602150537634408,53952.725738718764,56494.000000000065,0.0790545147743753,0.12988000000000133,-0.05082548522562602,-0.07838844534794653,1.4223485173331387,3.732046695148622,5.0,3.0,2019Q1,2018-12-31,2019-01-01,2019-03-31,holding,
trend_quality_volume_shape_hold_3d,trend_quality_volume_shape,3.0,1.0,62,62,64.0,61.0,31.666666666666664,0.510752688172043,53801.66012917879,56494.000000000065,0.07603320258357571,0.12988000000000133,-0.05384679741642562,-0.06823983764386421,1.4137653592941422,3.732046695148622,2.9672131147540983,3.0,2019Q1,2018-12-31,2019-01-01,2019-03-31,holding,
trend_quality_avoid_failed_gap_hold_3d,trend_quality_avoid_failed_gap,3.0,1.0,62,62,63.0,60.0,31.666666666666664,0.510752688172043,54989.054159607,56494.000000000065,0.09978108319213996,0.12988000000000133,-0.030098916807861364,-0.05850359463612187,1.9304819370902637,3.732046695148622,3.0,3.0,2019Q1,2018-12-31,2019-01-01,2019-03-31,holding,
trend_quality_avoid_failed_gap_volume_shape_hold_3d,trend_quality_avoid_failed_gap_volume_shape,3.0,1.0,62,62,64.0,61.0,30.999999999999996,0.49999999999999994,53051.05760193617,56494.000000000065,0.06102115203872338,0.12988000000000133,-0.06885884796127795,-0.06823983764386421,1.1562744149758934,3.732046695148622,2.9672131147540983,3.0,2019Q1,2018-12-31,2019-01-01,2019-03-31,holding,
gap_resistance_hold_1d,gap_resistance,1.0,1.0,62,32,57.0,56.0,60.0,0.967741935483871,44148.06866008579,56494.000000000065,-0.11703862679828425,0.12988000000000133,-0.24691862679828558,-0.14586543259093587,-2.580670029471438,3.732046695148622,1.0,1.0,2019Q1,2018-12-31,2019-01-01,2019-03-31,holding,
gap_resistance_hold_3d,gap_resistance,3.0,1.0,62,50,38.0,35.0,42.99999999999999,0.6935483870967741,52825.39022577125,56494.000000000065,0.05650780451542503,0.12988000000000133,-0.0733721954845763,-0.07588320166871221,1.231214295980859,3.732046695148622,3.0,3.0,2019Q1,2018-12-31,2019-01-01,2019-03-31,holding,
gap_resistance_50_hold_3d,gap_resistance_50,3.0,1.0,62,45,29.0,26.0,36.666666666666664,0.5913978494623655,51126.52831014223,56494.000000000065,0.02253056620284455,0.12988000000000133,-0.10734943379715678,-0.07588320166871243,0.561546820039145,3.732046695148622,3.0,3.0,2019Q1,2018-12-31,2019-01-01,2019-03-31,holding,
trend_quality_gap_resistance_hold_3d,trend_quality_gap_resistance,3.0,1.0,62,50,35.0,32.0,43.99999999999999,0.7096774193548386,52936.06651755887,56494.000000000065,0.05872133035117755,0.12988000000000133,-0.07115866964882378,-0.0586284603641225,1.3416291816672807,3.732046695148622,3.0,3.0,2019Q1,2018-12-31,2019-01-01,2019-03-31,holding,
breakout_quality_hold_3d,breakout_quality,3.0,1.0,62,62,63.0,60.0,31.666666666666668,0.510752688172043,53016.13467880527,56494.000000000065,0.060322693576105424,0.12988000000000133,-0.0695573064238959,-0.043174860743305565,1.413631526613005,3.732046695148622,3.0,3.0,2019Q1,2018-12-31,2019-01-01,2019-03-31,holding,
defensive_trend_hold_5d,defensive_trend,5.0,1.0,62,62,39.0,36.0,17.666666666666664,0.28494623655913975,55185.80018182281,56494.000000000065,0.10371600363645617,0.12988000000000133,-0.02616399636354516,-0.04878007940099449,1.9631467068404274,3.732046695148622,5.0,3.0,2019Q1,2018-12-31,2019-01-01,2019-03-31,holding,
hybrid_markov_trend_hold_3d,hybrid_markov_trend,3.0,1.0,62,62,64.0,61.0,31.0,0.5,49645.374118384214,56494.000000000065,-0.007092517632315776,0.12988000000000133,-0.1369725176323171,-0.05123825148892436,-0.09851471414809809,3.732046695148622,2.9672131147540983,3.0,2019Q1,2018-12-31,2019-01-01,2019-03-31,holding,
hybrid_markov_trend_hold_5d,hybrid_markov_trend_spy_gated,5.0,1.0,62,27,18.0,15.0,10.333333333333332,0.16666666666666666,49627.30553334192,56494.000000000065,-0.007453889333161601,0.12988000000000133,-0.13733388933316293,-0.03564054604731648,-0.25760446062024994,3.732046695148622,5.0,3.0,2019Q1,2018-12-31,2019-01-01,2019-03-31,holding,
hybrid_markov_trend_exit_max10,hybrid_markov_trend_spy_gated,10.0,2.0,62,25,23.0,20.0,14.333333333333332,0.23118279569892472,48734.31443692022,56494.000000000065,-0.02531371126159565,0.12988000000000133,-0.15519371126159698,-0.04309796901196239,-0.9392508597798548,3.732046695148622,3.55,3.0,2019Q1,2018-12-31,2019-01-01,2019-03-31,holding,
markov_daily_manual,,,,62,62,,,,,,,-0.031020477207903907,0.12988000000000133,-0.16090047720790523,-0.06130567810056131,-0.8527292366076583,3.732046695148622,,,2019Q1,2018-12-31,2019-01-01,2019-03-31,markov_daily,186.0
markov_daily_confirmed,,,,62,62,,,,,,,-0.019171442323876242,0.12988000000000133,-0.14905144232387757,-0.06130567810056142,-0.4942708504578394,3.732046695148622,,,2019Q1,2018-12-31,2019-01-01,2019-03-31,markov_daily,186.0
markov_daily_spy_gated,,,,62,25,,,,,,,-0.023258688960937968,0.12988000000000133,-0.1531386889609393,-0.04198816798534877,-0.8939313749740829,3.732046695148622,,,2019Q1,2018-12-31,2019-01-01,2019-03-31,markov_daily,75.0
markov_daily_confirmed_spy_gated,,,,62,25,,,,,,,-0.023258688960937968,0.12988000000000133,-0.1531386889609393,-0.04198816798534877,-0.8939313749740829,3.732046695148622,,,2019Q1,2018-12-31,2019-01-01,2019-03-31,markov_daily,75.0
markov_daily_algo_fused_spy_gated,,,,62,25,,,,,,,-0.035207312872546415,0.12988000000000133,-0.16508731287254774,-0.05274209524860729,-1.3303207611769132,3.732046695148622,,,2019Q1,2018-12-31,2019-01-01,2019-03-31,markov_daily,75.0
confirmed_rebalance_daily,confirmed,1.0,1.0,63,63,189.0,186.0,18.333333333333336,0.29100529100529104,47290.73199641968,52102.87818175384,-0.05418536007160646,0.042057563635076844,-0.0962429237066833,-0.12401679558822154,-1.180711564756576,1.4094038980400447,1.0,3.0,2019Q2,2019-03-31,2019-04-01,2019-06-30,holding,
confirmed_hold_2d,confirmed,2.0,1.0,63,63,96.0,93.0,14.999999999999996,0.23809523809523803,47352.69610655265,52102.87818175384,-0.052946077868947006,0.042057563635076844,-0.09500364150402385,-0.11794004655433865,-1.14800582847225,1.4094038980400447,2.0,3.0,2019Q2,2019-03-31,2019-04-01,2019-06-30,holding,
confirmed_hold_3d,confirmed,3.0,1.0,63,63,63.0,60.0,10.999999999999998,0.17460317460317457,47414.71039975532,52102.87818175384,-0.05170579200489356,0.042057563635076844,-0.0937633556399704,-0.12374115223704729,-1.0748063648659316,1.4094038980400447,3.0,3.0,2019Q2,2019-03-31,2019-04-01,2019-06-30,holding,
confirmed_hold_5d,confirmed,5.0,1.0,63,63,39.0,36.0,8.999999999999998,0.14285714285714282,47497.078906218434,52102.87818175384,-0.050058421875631365,0.042057563635076844,-0.09211598551070821,-0.14885056459244161,-0.912985400738533,1.4094038980400447,5.0,3.0,2019Q2,2019-03-31,2019-04-01,2019-06-30,holding,
confirmed_hold_10d,confirmed,10.0,1.0,63,63,21.0,18.0,8.333333333333332,0.13227513227513227,50037.04530179889,52102.87818175384,0.0007409060359777619,0.042057563635076844,-0.04131665759909908,-0.1488505645924414,0.11807240623441559,1.4094038980400447,10.0,3.0,2019Q2,2019-03-31,2019-04-01,2019-06-30,holding,
confirmed_signal_exit_max10,confirmed,10.0,2.0,63,63,22.0,19.0,8.333333333333332,0.13227513227513227,48439.07480282347,52102.87818175384,-0.03121850394353065,0.042057563635076844,-0.0732760675786075,-0.12614617422362473,-0.601589787589245,1.4094038980400447,9.157894736842104,3.0,2019Q2,2019-03-31,2019-04-01,2019-06-30,holding,
confirmed_market_exposure_hold_5d,confirmed,5.0,1.0,63,63,39.0,36.0,8.049999999999999,0.12777777777777777,48510.56365197966,52102.87818175384,-0.029788726960406797,0.042057563635076844,-0.07184629059548364,-0.11227043730777131,-0.5918447361367507,1.4094038980400447,5.0,3.0,2019Q2,2019-03-31,2019-04-01,2019-06-30,holding,
confirmed_market_exposure_hold_10d,confirmed,10.0,1.0,63,63,21.0,18.0,8.983333333333333,0.14259259259259258,51258.21305594451,52102.87818175384,0.02516426111889003,0.042057563635076844,-0.016893302516186814,-0.11227043730777142,0.6275809579824563,1.4094038980400447,10.0,3.0,2019Q2,2019-03-31,2019-04-01,2019-06-30,holding,
confirmed_rel_rank_hold_5d,confirmed_rel_rank,5.0,1.0,63,63,39.0,36.0,19.0,0.30158730158730157,47851.14279765897,52102.87818175384,-0.042977144046820626,0.042057563635076844,-0.08503470768189747,-0.11446588734826524,-1.0987972097616434,1.4094038980400447,5.0,3.0,2019Q2,2019-03-31,2019-04-01,2019-06-30,holding,
confirmed_rel_rank_market_hold_5d,confirmed_rel_rank,5.0,1.0,63,63,39.0,36.0,17.583333333333332,0.27910052910052907,48717.24595828578,52102.87818175384,-0.02565508083428447,0.042057563635076844,-0.06771264446936132,-0.08413401115541119,-0.706504344331627,1.4094038980400447,5.0,3.0,2019Q2,2019-03-31,2019-04-01,2019-06-30,holding,
confirmed_relative_guard_hold_5d,confirmed_relative_guard,5.0,1.0,63,63,40.0,37.0,20.883333333333336,0.33148148148148154,46913.72373617467,52102.87818175384,-0.061725525276506654,0.042057563635076844,-0.1037830889115835,-0.08448151560199346,-1.448853595042978,1.4094038980400447,4.837837837837838,3.0,2019Q2,2019-03-31,2019-04-01,2019-06-30,holding,
confirmed_relative_guard_exit_max10,confirmed_relative_guard,10.0,2.0,63,63,52.0,49.0,30.616666666666664,0.48597883597883595,44333.87335888475,52102.87818175384,-0.11332253282230498,0.042057563635076844,-0.15538009645738182,-0.11915913396031175,-2.8500866420795186,1.4094038980400447,3.6530612244897958,3.0,2019Q2,2019-03-31,2019-04-01,2019-06-30,holding,
confirmed_strong_relative_guard_hold_5d,confirmed_strong_relative_guard,5.0,1.0,63,63,39.0,36.0,21.849999999999998,0.3468253968253968,48354.74827406234,52102.87818175384,-0.03290503451875326,0.042057563635076844,-0.0749625981538301,-0.0778081124630231,-0.6705706852584362,1.4094038980400447,5.0,3.0,2019Q2,2019-03-31,2019-04-01,2019-06-30,holding,
spy_fused_rebalance_daily,algo_fused_spy_gated,1.0,1.0,63,42,126.0,126.0,8.0,0.12698412698412698,50539.030591505834,52102.87818175384,0.010780611830116582,0.042057563635076844,-0.03127695180496026,-0.07223147130948593,0.37560273591087284,1.4094038980400447,1.0,0.0,2019Q2,2019-03-31,2019-04-01,2019-06-30,holding,
spy_fused_hold_3d,algo_fused_spy_gated,3.0,1.0,63,45,45.0,45.0,7.333333333333332,0.11640211640211638,49563.970492840584,52102.87818175384,-0.008720590143188267,0.042057563635076844,-0.05077815377826511,-0.09057578741012418,-0.15221568611284678,1.4094038980400447,3.0,0.0,2019Q2,2019-03-31,2019-04-01,2019-06-30,holding,
spy_fused_hold_5d,algo_fused_spy_gated,5.0,1.0,63,45,27.0,27.0,6.0,0.09523809523809523,50073.20352617022,52102.87818175384,0.0014640705234043594,0.042057563635076844,-0.040593493111672485,-0.08353001021164996,0.11400961653018533,1.4094038980400447,5.0,0.0,2019Q2,2019-03-31,2019-04-01,2019-06-30,holding,
spy_fused_rank_exit_max10,algo_fused_spy_gated,10.0,2.0,63,42,19.0,19.0,7.333333333333332,0.11640211640211638,50662.67275819691,52102.87818175384,0.013253455163938277,0.042057563635076844,-0.028804108471138568,-0.06996171445557509,0.44776133562852066,1.4094038980400447,6.631578947368421,0.0,2019Q2,2019-03-31,2019-04-01,2019-06-30,holding,
relative_momentum_hold_3d,relative_momentum,3.0,1.0,63,63,63.0,60.0,23.666666666666668,0.3756613756613757,54188.50104517511,52102.87818175384,0.08377002090350216,0.042057563635076844,0.04171245726842532,-0.07056718669824746,1.6852241523152132,1.4094038980400447,3.0,3.0,2019Q2,2019-03-31,2019-04-01,2019-06-30,holding,
relative_momentum_hold_5d,relative_momentum,5.0,1.0,63,63,39.0,36.0,22.333333333333332,0.3544973544973545,48087.38753593789,52102.87818175384,-0.03825224928124227,0.042057563635076844,-0.08030981291631911,-0.1464101974644627,-0.5767809936300892,1.4094038980400447,5.0,3.0,2019Q2,2019-03-31,2019-04-01,2019-06-30,holding,
relative_momentum_exit_max10,relative_momentum_spy_gated,10.0,2.0,63,42,19.0,19.0,11.333333333333332,0.17989417989417988,50456.63179226329,52102.87818175384,0.00913263584526569,0.042057563635076844,-0.032924927789811154,-0.05614519335758961,0.30811168861549787,1.4094038980400447,6.631578947368421,0.0,2019Q2,2019-03-31,2019-04-01,2019-06-30,holding,
relative_momentum_volume_shape_exit_max10,relative_momentum_volume_shape_spy_gated,10.0,2.0,63,42,21.0,21.0,13.333333333333332,0.21164021164021163,50116.62757223411,52102.87818175384,0.0023325514446821405,0.042057563635076844,-0.039725012190394704,-0.056145193357589385,0.13774192072432617,1.4094038980400447,6.0,0.0,2019Q2,2019-03-31,2019-04-01,2019-06-30,holding,
trend_quality_hold_3d,trend_quality,3.0,1.0,63,63,63.0,60.0,29.0,0.4603174603174603,54418.195425273676,52102.87818175384,0.08836390850547349,0.042057563635076844,0.04630634487039664,-0.07394315480669411,2.206447877411669,1.4094038980400447,3.0,3.0,2019Q2,2019-03-31,2019-04-01,2019-06-30,holding,
trend_quality_hold_5d,trend_quality,5.0,1.0,63,63,39.0,36.0,23.0,0.36507936507936506,50358.09788905974,52102.87818175384,0.007161957781194772,0.042057563635076844,-0.03489560585388207,-0.08872771978890925,0.25325687909500616,1.4094038980400447,5.0,3.0,2019Q2,2019-03-31,2019-04-01,2019-06-30,holding,
trend_quality_volume_shape_hold_3d,trend_quality_volume_shape,3.0,1.0,63,63,63.0,60.0,28.333333333333332,0.4497354497354497,50983.49161123921,52102.87818175384,0.019669832224784134,0.042057563635076844,-0.02238773141029271,-0.05693587361053054,0.5397019598854511,1.4094038980400447,3.0,3.0,2019Q2,2019-03-31,2019-04-01,2019-06-30,holding,
trend_quality_avoid_failed_gap_hold_3d,trend_quality_avoid_failed_gap,3.0,1.0,63,63,63.0,60.0,29.666666666666668,0.47089947089947093,54204.93327047767,52102.87818175384,0.08409866540955346,0.042057563635076844,0.04204110177447662,-0.07757232473278441,2.0911548800971307,1.4094038980400447,3.0,3.0,2019Q2,2019-03-31,2019-04-01,2019-06-30,holding,
trend_quality_avoid_failed_gap_volume_shape_hold_3d,trend_quality_avoid_failed_gap_volume_shape,3.0,1.0,63,63,63.0,60.0,28.333333333333332,0.4497354497354497,50895.35171175841,52102.87818175384,0.01790703423516815,0.042057563635076844,-0.024150529399908693,-0.058566236198046906,0.49901272429038757,1.4094038980400447,3.0,3.0,2019Q2,2019-03-31,2019-04-01,2019-06-30,holding,
gap_resistance_hold_1d,gap_resistance,1.0,1.0,63,28,50.0,50.0,55.333333333333336,0.8783068783068784,44401.017881453605,52102.87818175384,-0.11197964237092795,0.042057563635076844,-0.1540372060060048,-0.1455592863779449,-2.135559754313028,1.4094038980400447,1.0,0.0,2019Q2,2019-03-31,2019-04-01,2019-06-30,holding,
gap_resistance_hold_3d,gap_resistance,3.0,1.0,63,47,36.0,34.0,37.0,0.5873015873015873,49935.98507465973,52102.87818175384,-0.001280298506805444,0.042057563635076844,-0.04333786214188229,-0.06653991341081955,0.04921344753903893,1.4094038980400447,3.0,2.0,2019Q2,2019-03-31,2019-04-01,2019-06-30,holding,
gap_resistance_50_hold_3d,gap_resistance_50,3.0,1.0,63,42,26.0,25.0,32.0,0.5079365079365079,44538.236426309,52102.87818175384,-0.10923527147382006,0.042057563635076844,-0.1512928351088969,-0.11115438535504796,-2.428718016606129,1.4094038980400447,3.0,1.0,2019Q2,2019-03-31,2019-04-01,2019-06-30,holding,
trend_quality_gap_resistance_hold_3d,trend_quality_gap_resistance,3.0,1.0,63,46,35.0,33.0,35.99999999999999,0.5714285714285713,52343.134664256766,52102.87818175384,0.04686269328513526,0.042057563635076844,0.004805129650058415,-0.06653991341081966,1.2328579695745576,1.4094038980400447,3.0,2.0,2019Q2,2019-03-31,2019-04-01,2019-06-30,holding,
breakout_quality_hold_3d,breakout_quality,3.0,1.0,63,63,63.0,60.0,38.33333333333333,0.6084656084656084,48543.86039185403,52102.87818175384,-0.029122792162919353,0.042057563635076844,-0.0711803557979962,-0.06430995053029187,-0.7775488657660106,1.4094038980400447,3.0,3.0,2019Q2,2019-03-31,2019-04-01,2019-06-30,holding,
defensive_trend_hold_5d,defensive_trend,5.0,1.0,63,63,39.0,36.0,17.0,0.2698412698412698,56201.464035012395,52102.87818175384,0.12402928070024788,0.042057563635076844,0.08197171706517103,-0.0513735609224123,3.0640207935664416,1.4094038980400447,5.0,3.0,2019Q2,2019-03-31,2019-04-01,2019-06-30,holding,
hybrid_markov_trend_hold_3d,hybrid_markov_trend,3.0,1.0,63,63,63.0,60.0,28.333333333333336,0.44973544973544977,48747.81766938298,52102.87818175384,-0.025043646612340376,0.042057563635076844,-0.06710121024741722,-0.10686577702810962,-0.46536793100719404,1.4094038980400447,3.0,3.0,2019Q2,2019-03-31,2019-04-01,2019-06-30,holding,
hybrid_markov_trend_hold_5d,hybrid_markov_trend_spy_gated,5.0,1.0,63,45,27.0,27.0,16.666666666666664,0.26455026455026454,50354.197986213054,52102.87818175384,0.007083959724261124,0.042057563635076844,-0.03497360391081572,-0.053390012689746746,0.26070937477898565,1.4094038980400447,5.0,0.0,2019Q2,2019-03-31,2019-04-01,2019-06-30,holding,
hybrid_markov_trend_exit_max10,hybrid_markov_trend_spy_gated,10.0,2.0,63,43,29.0,29.0,20.666666666666664,0.328042328042328,52108.36734495373,52102.87818175384,0.04216734689907464,0.042057563635076844,0.00010978326399779803,-0.05039997292912057,1.237428399070258,1.4094038980400447,4.379310344827586,0.0,2019Q2,2019-03-31,2019-04-01,2019-06-30,holding,
markov_daily_manual,,,,63,63,,,,,,,-0.019089372821987083,0.042057563635076844,-0.06114693645706393,-0.10415796133431798,-0.40963555902139065,1.4094038980400447,,,2019Q2,2019-03-31,2019-04-01,2019-06-30,markov_daily,189.0
markov_daily_confirmed,,,,63,63,,,,,,,-0.09412770060954734,0.042057563635076844,-0.13618526424462418,-0.14534574145070267,-2.1538313511050466,1.4094038980400447,,,2019Q2,2019-03-31,2019-04-01,2019-06-30,markov_daily,189.0
markov_daily_spy_gated,,,,63,42,,,,,,,-0.024324251311082512,0.042057563635076844,-0.06638181494615936,-0.08102425170272953,-0.6261443777025563,1.4094038980400447,,,2019Q2,2019-03-31,2019-04-01,2019-06-30,markov_daily,126.0
markov_daily_confirmed_spy_gated,,,,63,42,,,,,,,-0.06469109472612833,0.042057563635076844,-0.10674865836120517,-0.11303981153093878,-1.5275219656441135,1.4094038980400447,,,2019Q2,2019-03-31,2019-04-01,2019-06-30,markov_daily,126.0
markov_daily_algo_fused_spy_gated,,,,63,42,,,,,,,-0.019485780024145027,0.042057563635076844,-0.06154334365922187,-0.08102425170272909,-0.4941122432467566,1.4094038980400447,,,2019Q2,2019-03-31,2019-04-01,2019-06-30,markov_daily,126.0
confirmed_rebalance_daily,confirmed,1.0,1.0,64,64,192.0,189.0,12.333333333333332,0.19270833333333331,50032.8465806385,50514.69339222015,0.0006569316127700287,0.010293867844402893,-0.009636936231632864,-0.05052783708517361,0.09818019634415183,0.31069145814559873,1.0,3.0,2019Q3,2019-06-30,2019-07-01,2019-09-30,holding,
confirmed_hold_2d,confirmed,2.0,1.0,64,64,96.0,93.0,10.999999999999998,0.17187499999999997,49063.911142454126,50514.69339222015,-0.018721777150917496,0.010293867844402893,-0.02901564499532039,-0.08044331390708392,-0.3968880925947639,0.31069145814559873,2.0,3.0,2019Q3,2019-06-30,2019-07-01,2019-09-30,holding,
confirmed_hold_3d,confirmed,3.0,1.0,64,64,66.0,63.0,7.666666666666666,0.11979166666666666,52701.78535902201,50514.69339222015,0.05403570718044026,0.010293867844402893,0.04374183933603737,-0.05052783708517383,1.3051356979184856,0.31069145814559873,3.0,3.0,2019Q3,2019-06-30,2019-07-01,2019-09-30,holding,
confirmed_hold_5d,confirmed,5.0,1.0,64,64,39.0,36.0,5.666666666666666,0.08854166666666666,51534.97642317023,50514.69339222015,0.030699528463404624,0.010293867844402893,0.02040566061900173,-0.050783451495508,0.7953825315505799,0.31069145814559873,5.0,3.0,2019Q3,2019-06-30,2019-07-01,2019-09-30,holding,
confirmed_hold_10d,confirmed,10.0,1.0,64,64,21.0,18.0,5.0,0.078125,52690.405282919535,50514.69339222015,0.05380810565839078,0.010293867844402893,0.04351423781398789,-0.051039065905842396,1.4234113882425534,0.31069145814559873,10.0,3.0,2019Q3,2019-06-30,2019-07-01,2019-09-30,holding,
confirmed_signal_exit_max10,confirmed,10.0,2.0,64,64,21.0,18.0,5.666666666666666,0.08854166666666666,51688.73376769641,50514.69339222015,0.033774675353928085,0.010293867844402893,0.023480807509525192,-0.051039065905842396,0.9260195186663569,0.31069145814559873,9.777777777777779,3.0,2019Q3,2019-06-30,2019-07-01,2019-09-30,holding,
confirmed_market_exposure_hold_5d,confirmed,5.0,1.0,64,64,39.0,36.0,11.683333333333334,0.18255208333333334,48743.05084895858,50514.69339222015,-0.02513898302082851,0.010293867844402893,-0.0354328508652314,-0.05275716009340459,-0.7766261703178607,0.31069145814559873,5.0,3.0,2019Q3,2019-06-30,2019-07-01,2019-09-30,holding,
confirmed_market_exposure_hold_10d,confirmed,10.0,1.0,64,64,21.0,18.0,11.016666666666666,0.17213541666666665,49742.89696406268,50514.69339222015,-0.005142060718746344,0.010293867844402893,-0.015435928563149237,-0.04676742517629062,-0.12157062792388539,0.31069145814559873,10.0,3.0,2019Q3,2019-06-30,2019-07-01,2019-09-30,holding,
confirmed_rel_rank_hold_5d,confirmed_rel_rank,5.0,1.0,64,64,39.0,36.0,15.666666666666664,0.24479166666666663,51928.549346779844,50514.69339222015,0.038570986935596796,0.010293867844402893,0.028277119091193903,-0.0552213081909283,0.9244614663130513,0.31069145814559873,5.0,3.0,2019Q3,2019-06-30,2019-07-01,2019-09-30,holding,
confirmed_rel_rank_market_hold_5d,confirmed_rel_rank,5.0,1.0,64,64,39.0,36.0,17.78333333333333,0.2778645833333333,50397.56587741245,50514.69339222015,0.00795131754824907,0.010293867844402893,-0.0023425502961538225,-0.050354011647207986,0.29467040381682785,0.31069145814559873,5.0,3.0,2019Q3,2019-06-30,2019-07-01,2019-09-30,holding,
confirmed_relative_guard_hold_5d,confirmed_relative_guard,5.0,1.0,64,64,40.0,37.0,22.55,0.35234375,48961.40193376592,50514.69339222015,-0.02077196132468162,0.010293867844402893,-0.031065829169084513,-0.07805755298143358,-0.4788019039388174,0.31069145814559873,4.891891891891892,3.0,2019Q3,2019-06-30,2019-07-01,2019-09-30,holding,
confirmed_relative_guard_exit_max10,confirmed_relative_guard,10.0,2.0,64,64,46.0,43.0,27.716666666666665,0.43307291666666664,47697.30147445952,50514.69339222015,-0.046053970510809616,0.010293867844402893,-0.05634783835521251,-0.09807446614013393,-1.0975422282716445,0.31069145814559873,4.372093023255814,3.0,2019Q3,2019-06-30,2019-07-01,2019-09-30,holding,
confirmed_strong_relative_guard_hold_5d,confirmed_strong_relative_guard,5.0,1.0,64,64,40.0,37.0,22.55,0.35234375,48741.67692763695,50514.69339222015,-0.02516646144726098,0.010293867844402893,-0.03546032929166387,-0.07601867466073342,-0.565556720468257,0.31069145814559873,4.891891891891892,3.0,2019Q3,2019-06-30,2019-07-01,2019-09-30,holding,
spy_fused_rebalance_daily,algo_fused_spy_gated,1.0,1.0,64,5,15.0,15.0,6.0,0.09375,49290.00018676384,50514.69339222015,-0.014199996264723125,0.010293867844402893,-0.024493864109126018,-0.01925098200336739,-1.4519509487181872,0.31069145814559873,1.0,0.0,2019Q3,2019-06-30,2019-07-01,2019-09-30,holding,
spy_fused_hold_3d,algo_fused_spy_gated,3.0,1.0,64,9,9.0,9.0,4.0,0.0625,49370.72001283113,50514.69339222015,-0.012585599743377363,0.010293867844402893,-0.022879467587780256,-0.022147050815557123,-0.9190359242819991,0.31069145814559873,3.0,0.0,2019Q3,2019-06-30,2019-07-01,2019-09-30,holding,
spy_fused_hold_5d,algo_fused_spy_gated,5.0,1.0,64,10,6.0,6.0,4.0,0.0625,49300.44361275141,50514.69339222015,-0.013991127744971799,0.010293867844402893,-0.02428499558937469,-0.02175575311680389,-0.9945402998894244,0.31069145814559873,5.0,0.0,2019Q3,2019-06-30,2019-07-01,2019-09-30,holding,
spy_fused_rank_exit_max10,algo_fused_spy_gated,10.0,2.0,64,6,9.0,9.0,6.0,0.09375,48840.355639597175,50514.69339222015,-0.023192887208056456,0.010293867844402893,-0.03348675505245935,-0.02789260964120166,-2.170639494551212,0.31069145814559873,2.0,0.0,2019Q3,2019-06-30,2019-07-01,2019-09-30,holding,
relative_momentum_hold_3d,relative_momentum,3.0,1.0,64,64,66.0,63.0,30.33333333333333,0.47395833333333326,50592.22828468366,50514.69339222015,0.011844565693673204,0.010293867844402893,0.0015506978492703105,-0.12724276858220396,0.3078127382414721,0.31069145814559873,3.0,3.0,2019Q3,2019-06-30,2019-07-01,2019-09-30,holding,
relative_momentum_hold_5d,relative_momentum,5.0,1.0,64,64,39.0,36.0,18.333333333333332,0.2864583333333333,55226.50855405648,50514.69339222015,0.10453017108112972,0.010293867844402893,0.09423630323672683,-0.10491276902476554,1.6269591412442839,0.31069145814559873,4.972222222222222,3.0,2019Q3,2019-06-30,2019-07-01,2019-09-30,holding,
relative_momentum_exit_max10,relative_momentum_spy_gated,10.0,2.0,64,6,9.0,9.0,6.0,0.09375,47783.617872407594,50514.69339222015,-0.04432764255184807,0.010293867844402893,-0.05462151039625096,-0.05345083805303108,-2.0101464076535667,0.31069145814559873,2.0,0.0,2019Q3,2019-06-30,2019-07-01,2019-09-30,holding,
relative_momentum_volume_shape_exit_max10,relative_momentum_volume_shape_spy_gated,10.0,2.0,64,6,9.0,9.0,6.0,0.09375,47512.96640996841,50514.69339222015,-0.0497406718006318,0.010293867844402893,-0.06003453964503469,-0.051525651965057206,-2.8967001768246528,0.31069145814559873,2.0,0.0,2019Q3,2019-06-30,2019-07-01,2019-09-30,holding,
trend_quality_hold_3d,trend_quality,3.0,1.0,64,64,66.0,63.0,31.666666666666664,0.49479166666666663,50469.147353802015,50514.69339222015,0.00938294707604026,0.010293867844402893,-0.000910920768362633,-0.08745361954667952,0.2821227395269876,0.31069145814559873,3.0,3.0,2019Q3,2019-06-30,2019-07-01,2019-09-30,holding,
trend_quality_hold_5d,trend_quality,5.0,1.0,64,64,39.0,36.0,21.666666666666664,0.33854166666666663,53386.67640358441,50514.69339222015,0.0677335280716882,0.010293867844402893,0.057439660227285305,-0.09784956454444216,1.2642361880442137,0.31069145814559873,4.972222222222222,3.0,2019Q3,2019-06-30,2019-07-01,2019-09-30,holding,
trend_quality_volume_shape_hold_3d,trend_quality_volume_shape,3.0,1.0,64,64,66.0,63.0,32.33333333333333,0.5052083333333333,49368.565374067024,50514.69339222015,-0.012628692518659501,0.010293867844402893,-0.022922560363062394,-0.12794923267810732,-0.12695526216213632,0.31069145814559873,3.0,3.0,2019Q3,2019-06-30,2019-07-01,2019-09-30,holding,
trend_quality_avoid_failed_gap_hold_3d,trend_quality_avoid_failed_gap,3.0,1.0,64,64,66.0,63.0,30.33333333333333,0.47395833333333326,50203.88844699236,50514.69339222015,0.004077768939847237,0.010293867844402893,-0.006216098904555656,-0.08747017914397848,0.17829416443622387,0.31069145814559873,3.0,3.0,2019Q3,2019-06-30,2019-07-01,2019-09-30,holding,
trend_quality_avoid_failed_gap_volume_shape_hold_3d,trend_quality_avoid_failed_gap_volume_shape,3.0,1.0,64,64,66.0,63.0,32.33333333333333,0.5052083333333333,50430.29587328467,50514.69339222015,0.008605917465693391,0.010293867844402893,-0.0016879503787095018,-0.11224508339457284,0.2653535370563365,0.31069145814559873,3.0,3.0,2019Q3,2019-06-30,2019-07-01,2019-09-30,holding,
gap_resistance_hold_1d,gap_resistance,1.0,1.0,64,31,50.0,50.0,60.66666666666667,0.9479166666666667,40960.93469023644,50514.69339222015,-0.18078130619527122,0.010293867844402893,-0.1910751740396741,-0.19109703225244257,-3.8245956278105577,0.31069145814559873,1.0,0.0,2019Q3,2019-06-30,2019-07-01,2019-09-30,holding,
gap_resistance_hold_3d,gap_resistance,3.0,1.0,64,52,36.0,36.0,41.0,0.640625,37201.51775054599,50514.69339222015,-0.25596964498908026,0.010293867844402893,-0.26626351283348315,-0.2654688102488143,-4.427049096749566,0.31069145814559873,3.0,0.0,2019Q3,2019-06-30,2019-07-01,2019-09-30,holding,
gap_resistance_50_hold_3d,gap_resistance_50,3.0,1.0,64,46,29.0,29.0,36.0,0.5625,33929.76431504176,50514.69339222015,-0.3214047136991649,0.010293867844402893,-0.3316985815435678,-0.3228848884753771,-5.709164226526486,0.31069145814559873,3.0,0.0,2019Q3,2019-06-30,2019-07-01,2019-09-30,holding,
trend_quality_gap_resistance_hold_3d,trend_quality_gap_resistance,3.0,1.0,64,52,36.0,36.0,41.33333333333333,0.6458333333333333,36858.88572853334,50514.69339222015,-0.26282228542933317,0.010293867844402893,-0.27311615327373606,-0.2722339618338492,-4.63402764173853,0.31069145814559873,3.0,0.0,2019Q3,2019-06-30,2019-07-01,2019-09-30,holding,
breakout_quality_hold_3d,breakout_quality,3.0,1.0,64,64,66.0,63.0,35.666666666666664,0.5572916666666666,47791.37869995981,50514.69339222015,-0.044172426000803844,0.010293867844402893,-0.05446629384520674,-0.12679296632410697,-0.8613713722788652,0.31069145814559873,3.0,3.0,2019Q3,2019-06-30,2019-07-01,2019-09-30,holding,
defensive_trend_hold_5d,defensive_trend,5.0,1.0,64,64,39.0,36.0,17.0,0.265625,54095.15261880069,50514.69339222015,0.08190305237601381,0.010293867844402893,0.07160918453161091,-0.09068851977176462,1.557069591246812,0.31069145814559873,4.972222222222222,3.0,2019Q3,2019-06-30,2019-07-01,2019-09-30,holding,
hybrid_markov_trend_hold_3d,hybrid_markov_trend,3.0,1.0,64,64,66.0,63.0,26.333333333333332,0.4114583333333333,50430.8630876621,50514.69339222015,0.008617261753242067,0.010293867844402893,-0.001676606091160826,-0.06068903049519114,0.27504872633817556,0.31069145814559873,3.0,3.0,2019Q3,2019-06-30,2019-07-01,2019-09-30,holding,
hybrid_markov_trend_hold_5d,hybrid_markov_trend_spy_gated,5.0,1.0,64,10,6.0,6.0,4.0,0.0625,47958.95841548094,50514.69339222015,-0.0408208316903812,0.010293867844402893,-0.05111469953478409,-0.0467882017912844,-2.519812048961728,0.31069145814559873,5.0,0.0,2019Q3,2019-06-30,2019-07-01,2019-09-30,holding,
hybrid_markov_trend_exit_max10,hybrid_markov_trend_spy_gated,10.0,2.0,64,6,9.0,9.0,6.0,0.09375,48699.36930067344,50514.69339222015,-0.026012613986531208,0.010293867844402893,-0.0363064818309341,-0.026012613986531208,-1.9370043933709264,0.31069145814559873,2.0,0.0,2019Q3,2019-06-30,2019-07-01,2019-09-30,holding,
markov_daily_manual,,,,64,64,,,,,,,-0.050299731847781914,0.010293867844402893,-0.06059359969218481,-0.06658805926094202,-1.0955300707055806,0.31069145814559873,,,2019Q3,2019-06-30,2019-07-01,2019-09-30,markov_daily,192.0
markov_daily_confirmed,,,,64,64,,,,,,,-0.04461262177169234,0.010293867844402893,-0.05490648961609523,-0.06436012979677674,-0.9795887274776782,0.31069145814559873,,,2019Q3,2019-06-30,2019-07-01,2019-09-30,markov_daily,192.0
markov_daily_spy_gated,,,,64,5,,,,,,,-0.015786266554731254,0.010293867844402893,-0.026080134399134147,-0.02013156294621099,-1.5751233066140249,0.31069145814559873,,,2019Q3,2019-06-30,2019-07-01,2019-09-30,markov_daily,15.0
markov_daily_confirmed_spy_gated,,,,64,5,,,,,,,-0.015786266554731254,0.010293867844402893,-0.026080134399134147,-0.02013156294621099,-1.5751233066140249,0.31069145814559873,,,2019Q3,2019-06-30,2019-07-01,2019-09-30,markov_daily,15.0
markov_daily_algo_fused_spy_gated,,,,64,5,,,,,,,-0.015786266554731254,0.010293867844402893,-0.026080134399134147,-0.02013156294621099,-1.5751233066140249,0.31069145814559873,,,2019Q3,2019-06-30,2019-07-01,2019-09-30,markov_daily,15.0
confirmed_rebalance_daily,confirmed,1.0,1.0,65,65,195.0,192.0,5.666666666666666,0.08717948717948718,53177.23199310979,54193.28804896095,0.06354463986219572,0.08386576097921905,-0.020321121117023333,-0.05546879144666694,1.453355543835033,3.202918416957071,1.0,3.0,2019Q4,2019-09-30,2019-10-01,2019-12-31,holding,
confirmed_hold_2d,confirmed,2.0,1.0,65,65,99.0,96.0,4.333333333333333,0.06666666666666667,53580.09654856995,54193.28804896095,0.07160193097139889,0.08386576097921905,-0.012263830007820165,-0.05382286211097298,1.5937654928114744,3.202918416957071,2.0,3.0,2019Q4,2019-09-30,2019-10-01,2019-12-31,holding,
confirmed_hold_3d,confirmed,3.0,1.0,65,65,66.0,63.0,5.0,0.07692307692307693,52541.806196922524,54193.28804896095,0.050836123938450495,0.08386576097921905,-0.033029637040768556,-0.06516256834071477,1.1714336123397584,3.202918416957071,3.0,3.0,2019Q4,2019-09-30,2019-10-01,2019-12-31,holding,
confirmed_hold_5d,confirmed,5.0,1.0,65,65,39.0,36.0,4.333333333333333,0.06666666666666667,53905.34594577447,54193.28804896095,0.07810691891548927,0.08386576097921905,-0.0057588420637297855,-0.05450750798264126,1.776038405056607,3.202918416957071,5.0,3.0,2019Q4,2019-09-30,2019-10-01,2019-12-31,holding,
confirmed_hold_10d,confirmed,10.0,1.0,65,65,21.0,18.0,3.6666666666666665,0.05641025641025641,53107.122390694894,54193.28804896095,0.06214244781389788,0.08386576097921905,-0.021723313165321168,-0.055537232891258115,1.3930210863451644,3.202918416957071,10.0,3.0,2019Q4,2019-09-30,2019-10-01,2019-12-31,holding,
confirmed_signal_exit_max10,confirmed,10.0,2.0,65,65,22.0,19.0,4.333333333333333,0.06666666666666667,54323.28417861949,54193.28804896095,0.08646568357238982,0.08386576097921905,0.002599922593170767,-0.05283334283649277,1.998538558376309,3.202918416957071,9.421052631578947,3.0,2019Q4,2019-09-30,2019-10-01,2019-12-31,holding,
confirmed_market_exposure_hold_5d,confirmed,5.0,1.0,65,65,39.0,36.0,6.8999999999999995,0.10615384615384614,52716.903708806036,54193.28804896095,0.0543380741761208,0.08386576097921905,-0.029527686803098252,-0.05450750798264126,1.4202926096697686,3.202918416957071,5.0,3.0,2019Q4,2019-09-30,2019-10-01,2019-12-31,holding,
confirmed_market_exposure_hold_10d,confirmed,10.0,1.0,65,65,21.0,18.0,6.466666666666667,0.09948717948717949,51948.714288587544,54193.28804896095,0.03897428577175077,0.08386576097921905,-0.04489147520746828,-0.057191371543883096,1.0344756324515978,3.202918416957071,10.0,3.0,2019Q4,2019-09-30,2019-10-01,2019-12-31,holding,
confirmed_rel_rank_hold_5d,confirmed_rel_rank,5.0,1.0,65,65,40.0,37.0,14.999999999999998,0.23076923076923075,54375.897098975074,54193.28804896095,0.08751794197950158,0.08386576097921905,0.0036521810002825283,-0.056260582981764506,1.84111927530209,3.202918416957071,4.918918918918919,3.0,2019Q4,2019-09-30,2019-10-01,2019-12-31,holding,
confirmed_rel_rank_market_hold_5d,confirmed_rel_rank,5.0,1.0,65,65,40.0,37.0,17.333333333333332,0.26666666666666666,53739.561355927566,54193.28804896095,0.07479122711855135,0.08386576097921905,-0.0090745338606677,-0.05626058298176473,1.695028420252722,3.202918416957071,4.918918918918919,3.0,2019Q4,2019-09-30,2019-10-01,2019-12-31,holding,
confirmed_relative_guard_hold_5d,confirmed_relative_guard,5.0,1.0,65,65,40.0,37.0,22.666666666666664,0.3487179487179487,53994.3421409925,54193.28804896095,0.07988684281985003,0.08386576097921905,-0.003978918159369016,-0.07965964406601567,1.6314150306130948,3.202918416957071,4.918918918918919,3.0,2019Q4,2019-09-30,2019-10-01,2019-12-31,holding,
confirmed_relative_guard_exit_max10,confirmed_relative_guard,10.0,2.0,65,65,45.0,42.0,26.866666666666667,0.41333333333333333,56228.437718719906,54193.28804896095,0.12456875437439807,0.08386576097921905,0.04070299339517902,-0.04485075503478897,2.6910889238073574,3.202918416957071,4.309523809523809,3.0,2019Q4,2019-09-30,2019-10-01,2019-12-31,holding,
confirmed_strong_relative_guard_hold_5d,confirmed_strong_relative_guard,5.0,1.0,65,65,40.0,37.0,22.866666666666664,0.35179487179487173,55295.91877945783,54193.28804896095,0.10591837558915662,0.08386576097921905,0.02205261460993757,-0.049536089806457295,2.3174481951577337,3.202918416957071,4.918918918918919,3.0,2019Q4,2019-09-30,2019-10-01,2019-12-31,holding,
spy_fused_rebalance_daily,algo_fused_spy_gated,1.0,1.0,65,40,120.0,117.0,7.666666666666666,0.11794871794871795,49181.69987093001,54193.28804896095,-0.016366002581399752,0.08386576097921905,-0.1002317635606188,-0.0871018478776584,-0.46633141359308633,3.202918416957071,1.0,3.0,2019Q4,2019-09-30,2019-10-01,2019-12-31,holding,
spy_fused_hold_3d,algo_fused_spy_gated,3.0,1.0,65,43,45.0,42.0,5.666666666666666,0.08717948717948718,48959.95380109283,54193.28804896095,-0.02080092397814337,0.08386576097921905,-0.10466668495736242,-0.09121784179259018,-0.6173717178271703,3.202918416957071,3.0,3.0,2019Q4,2019-09-30,2019-10-01,2019-12-31,holding,
spy_fused_hold_5d,algo_fused_spy_gated,5.0,1.0,65,41,27.0,24.0,5.0,0.07692307692307693,50067.388648736334,54193.28804896095,0.0013477729747266576,0.08386576097921905,-0.08251798800449239,-0.0726546652262825,0.1024288321229575,3.202918416957071,5.0,3.0,2019Q4,2019-09-30,2019-10-01,2019-12-31,holding,
spy_fused_rank_exit_max10,algo_fused_spy_gated,10.0,2.0,65,40,19.0,16.0,7.0,0.1076923076923077,49455.1995821017,54193.28804896095,-0.010896008357966003,0.08386576097921905,-0.09476176933718505,-0.08433720202411676,-0.2873007543430799,3.202918416957071,6.9375,3.0,2019Q4,2019-09-30,2019-10-01,2019-12-31,holding,
relative_momentum_hold_3d,relative_momentum,3.0,1.0,65,65,66.0,63.0,29.0,0.4461538461538462,54896.42295505335,54193.28804896095,0.09792845910106696,0.08386576097921905,0.014062698121847905,-0.09491069610437386,1.8048369000433098,3.202918416957071,3.0,3.0,2019Q4,2019-09-30,2019-10-01,2019-12-31,holding,
relative_momentum_hold_5d,relative_momentum,5.0,1.0,65,65,42.0,39.0,24.333333333333332,0.37435897435897436,46822.703025945695,54193.28804896095,-0.06354593948108611,0.08386576097921905,-0.14741170046030516,-0.12318088363717317,-1.1088602277188968,3.202918416957071,4.794871794871795,3.0,2019Q4,2019-09-30,2019-10-01,2019-12-31,holding,
relative_momentum_exit_max10,relative_momentum_spy_gated,10.0,2.0,65,40,20.0,17.0,11.666666666666666,0.1794871794871795,54124.371098623495,54193.28804896095,0.08248742197246983,0.08386576097921905,-0.0013783390067492185,-0.03285567488429586,2.47028954996502,3.202918416957071,5.882352941176471,3.0,2019Q4,2019-09-30,2019-10-01,2019-12-31,holding,
relative_momentum_volume_shape_exit_max10,relative_momentum_volume_shape_spy_gated,10.0,2.0,65,41,23.0,20.0,15.666666666666666,0.24102564102564103,48043.31099447767,54193.28804896095,-0.03913378011044655,0.08386576097921905,-0.1229995410896656,-0.10026059741268711,-1.0576102602742723,3.202918416957071,5.25,3.0,2019Q4,2019-09-30,2019-10-01,2019-12-31,holding,
trend_quality_hold_3d,trend_quality,3.0,1.0,65,65,66.0,63.0,32.33333333333333,0.4974358974358974,52787.49291681684,54193.28804896095,0.05574985833633672,0.08386576097921905,-0.02811590264288233,-0.07043961655826869,1.315036343124202,3.202918416957071,3.0,3.0,2019Q4,2019-09-30,2019-10-01,2019-12-31,holding,
trend_quality_hold_5d,trend_quality,5.0,1.0,65,65,41.0,38.0,26.33333333333333,0.4051282051282051,48756.73175656791,54193.28804896095,-0.02486536486864177,0.08386576097921905,-0.10873112584786082,-0.059110910105471426,-0.4679163856543753,3.202918416957071,4.842105263157895,3.0,2019Q4,2019-09-30,2019-10-01,2019-12-31,holding,
trend_quality_volume_shape_hold_3d,trend_quality_volume_shape,3.0,1.0,65,65,66.0,63.0,33.0,0.5076923076923077,51133.24614304349,54193.28804896095,0.02266492286086974,0.08386576097921905,-0.06120083811834931,-0.07580291558939622,0.5586750719661009,3.202918416957071,3.0,3.0,2019Q4,2019-09-30,2019-10-01,2019-12-31,holding,
trend_quality_avoid_failed_gap_hold_3d,trend_quality_avoid_failed_gap,3.0,1.0,65,65,66.0,63.0,32.33333333333333,0.4974358974358974,52892.367877915276,54193.28804896095,0.05784735755830561,0.08386576097921905,-0.02601840342091344,-0.07044802191180921,1.3554660426636944,3.202918416957071,3.0,3.0,2019Q4,2019-09-30,2019-10-01,2019-12-31,holding,
trend_quality_avoid_failed_gap_volume_shape_hold_3d,trend_quality_avoid_failed_gap_volume_shape,3.0,1.0,65,65,66.0,63.0,33.666666666666664,0.5179487179487179,50687.42772683114,54193.28804896095,0.013748554536622937,0.08386576097921905,-0.07011720644259611,-0.08107720398525997,0.3731602860394868,3.202918416957071,3.0,3.0,2019Q4,2019-09-30,2019-10-01,2019-12-31,holding,
gap_resistance_hold_1d,gap_resistance,1.0,1.0,65,33,50.0,50.0,61.0,0.9384615384615385,44954.884250197414,54193.28804896095,-0.10090231499605173,0.08386576097921905,-0.18476807597527078,-0.10379182497571005,-2.819483943705418,3.202918416957071,1.0,0.0,2019Q4,2019-09-30,2019-10-01,2019-12-31,holding,
gap_resistance_hold_3d,gap_resistance,3.0,1.0,65,50,34.0,34.0,38.33333333333333,0.5897435897435896,47798.614054427024,54193.28804896095,-0.04402771891145951,0.08386576097921905,-0.12789347989067856,-0.10391303995976453,-0.8567109536400791,3.202918416957071,3.0,0.0,2019Q4,2019-09-30,2019-10-01,2019-12-31,holding,
gap_resistance_50_hold_3d,gap_resistance_50,3.0,1.0,65,42,26.0,26.0,34.33333333333333,0.5282051282051281,46952.50713116016,54193.28804896095,-0.06094985737679681,0.08386576097921905,-0.14481561835601586,-0.09773118276923032,-1.8762325162003388,3.202918416957071,3.0,0.0,2019Q4,2019-09-30,2019-10-01,2019-12-31,holding,
trend_quality_gap_resistance_hold_3d,trend_quality_gap_resistance,3.0,1.0,65,47,30.0,30.0,36.666666666666664,0.5641025641025641,49004.2103613638,54193.28804896095,-0.019915792772723928,0.08386576097921905,-0.10378155375194298,-0.08382532989779867,-0.3364181661704597,3.202918416957071,3.0,0.0,2019Q4,2019-09-30,2019-10-01,2019-12-31,holding,
breakout_quality_hold_3d,breakout_quality,3.0,1.0,65,65,66.0,63.0,37.0,0.5692307692307692,53339.29281978756,54193.28804896095,0.06678585639575108,0.08386576097921905,-0.017079904583467975,-0.0785278057697455,1.5645163627103236,3.202918416957071,3.0,3.0,2019Q4,2019-09-30,2019-10-01,2019-12-31,holding,
defensive_trend_hold_5d,defensive_trend,5.0,1.0,65,65,41.0,38.0,22.333333333333332,0.3435897435897436,49101.906226488965,54193.28804896095,-0.017961875470220656,0.08386576097921905,-0.1018276364494397,-0.05772686923197856,-0.37336845417532477,3.202918416957071,4.842105263157895,3.0,2019Q4,2019-09-30,2019-10-01,2019-12-31,holding,
hybrid_markov_trend_hold_3d,hybrid_markov_trend,3.0,1.0,65,65,66.0,63.0,27.666666666666664,0.4256410256410256,55653.340896993024,54193.28804896095,0.1130668179398604,0.08386576097921905,0.029201056960641347,-0.04814635737820916,2.5647117745296155,3.202918416957071,3.0,3.0,2019Q4,2019-09-30,2019-10-01,2019-12-31,holding,
hybrid_markov_trend_hold_5d,hybrid_markov_trend_spy_gated,5.0,1.0,65,42,28.0,25.0,17.0,0.26153846153846155,52992.64023481362,54193.28804896095,0.0598528046962723,0.08386576097921905,-0.02401295628294675,-0.05403185417641054,1.6138780608262147,3.202918416957071,4.84,3.0,2019Q4,2019-09-30,2019-10-01,2019-12-31,holding,
hybrid_markov_trend_exit_max10,hybrid_markov_trend_spy_gated,10.0,2.0,65,41,33.0,30.0,22.33333333333333,0.34358974358974353,52037.01941372695,54193.28804896095,0.04074038827453896,0.08386576097921905,-0.04312537270468009,-0.05680099147086248,1.2164431968330753,3.202918416957071,3.6,3.0,2019Q4,2019-09-30,2019-10-01,2019-12-31,holding,
markov_daily_manual,,,,65,65,,,,,,,0.01328837887793366,0.08386576097921905,-0.07057738210128539,-0.06709813956723443,0.3792506834089616,3.202918416957071,,,2019Q4,2019-09-30,2019-10-01,2019-12-31,markov_daily,195.0
markov_daily_confirmed,,,,65,65,,,,,,,0.011983540834272333,0.08386576097921905,-0.07188222014494672,-0.06829946178099855,0.35049486516236533,3.202918416957071,,,2019Q4,2019-09-30,2019-10-01,2019-12-31,markov_daily,195.0
markov_daily_spy_gated,,,,65,40,,,,,,,-0.03207688916183726,0.08386576097921905,-0.11594265014105631,-0.09124722850961031,-1.0098383668067705,3.202918416957071,,,2019Q4,2019-09-30,2019-10-01,2019-12-31,markov_daily,120.0
markov_daily_confirmed_spy_gated,,,,65,40,,,,,,,-0.03332330915903414,0.08386576097921905,-0.11718907013825319,-0.09241745330764495,-1.0510093400446963,3.202918416957071,,,2019Q4,2019-09-30,2019-10-01,2019-12-31,markov_daily,120.0
markov_daily_algo_fused_spy_gated,,,,65,40,,,,,,,-0.0444525295571877,0.08386576097921905,-0.12831829053640675,-0.10286633067001272,-1.3813993080813392,3.202918416957071,,,2019Q4,2019-09-30,2019-10-01,2019-12-31,markov_daily,120.0
confirmed_rebalance_daily,confirmed,1.0,1.0,60,60,172.0,169.0,22.0,0.36666666666666664,33693.51953695151,44121.415293430495,-0.3261296092609698,-0.11757169413139013,-0.20855791512957966,-0.327598023586573,-4.807049392589217,-1.2410990325585243,1.0,3.0,2020Q1,2019-12-31,2020-01-01,2020-03-31,holding,
confirmed_hold_2d,confirmed,2.0,1.0,60,60,90.0,87.0,22.0,0.36666666666666664,32058.376517898265,44121.415293430495,-0.35883246964203475,-0.11757169413139013,-0.24126077551064462,-0.3589790708549482,-5.281069642031041,-1.2410990325585243,1.9310344827586208,3.0,2020Q1,2019-12-31,2020-01-01,2020-03-31,holding,
confirmed_hold_3d,confirmed,3.0,1.0,60,60,61.0,58.0,17.0,0.2833333333333333,34155.433546900065,44121.415293430495,-0.3168913290619987,-0.11757169413139013,-0.19931963493060856,-0.318323976553227,-4.781822540732935,-1.2410990325585243,2.8448275862068964,3.0,2020Q1,2019-12-31,2020-01-01,2020-03-31,holding,
confirmed_hold_5d,confirmed,5.0,1.0,60,60,41.0,38.0,16.666666666666668,0.2777777777777778,33692.42592602697,44121.415293430495,-0.3261514814794606,-0.11757169413139013,-0.20857978734807048,-0.3290599921192858,-5.11238723290014,-1.2410990325585243,4.368421052631579,3.0,2020Q1,2019-12-31,2020-01-01,2020-03-31,holding,
confirmed_hold_10d,confirmed,10.0,1.0,60,60,24.0,21.0,13.666666666666666,0.22777777777777777,39019.376304371544,44121.415293430495,-0.2196124739125691,-0.11757169413139013,-0.10204077978117898,-0.27551207001508404,-3.317243648475765,-1.2410990325585243,7.571428571428571,3.0,2020Q1,2019-12-31,2020-01-01,2020-03-31,holding,
confirmed_signal_exit_max10,confirmed,10.0,2.0,60,60,26.0,23.0,16.666666666666664,0.27777777777777773,34947.68747981703,44121.415293430495,-0.3010462504036594,-0.11757169413139013,-0.18347455627226927,-0.3359476674785805,-4.300453819276372,-1.2410990325585243,6.608695652173913,3.0,2020Q1,2019-12-31,2020-01-01,2020-03-31,holding,
confirmed_market_exposure_hold_5d,confirmed,5.0,1.0,60,60,41.0,38.0,8.133333333333333,0.13555555555555554,40747.614671479525,44121.415293430495,-0.18504770657040948,-0.11757169413139013,-0.06747601243901935,-0.1860268300391794,-4.779847039528905,-1.2410990325585243,4.368421052631579,3.0,2020Q1,2019-12-31,2020-01-01,2020-03-31,holding,
confirmed_market_exposure_hold_10d,confirmed,10.0,1.0,60,60,24.0,21.0,7.0,0.11666666666666667,43054.7730325027,44121.415293430495,-0.13890453934994595,-0.11757169413139013,-0.02133284521855583,-0.1634407214765372,-3.455772302085362,-1.2410990325585243,7.571428571428571,3.0,2020Q1,2019-12-31,2020-01-01,2020-03-31,holding,
confirmed_rel_rank_hold_5d,confirmed_rel_rank,5.0,1.0,60,60,41.0,38.0,26.0,0.43333333333333335,41678.94012781544,44121.415293430495,-0.16642119744369122,-0.11757169413139013,-0.04884950331230109,-0.3032133595218708,-1.684525277444019,-1.2410990325585243,4.315789473684211,3.0,2020Q1,2019-12-31,2020-01-01,2020-03-31,holding,
confirmed_rel_rank_market_hold_5d,confirmed_rel_rank,5.0,1.0,60,60,41.0,38.0,16.93333333333333,0.28222222222222215,48530.69763615001,44121.415293430495,-0.029386047276999783,-0.11757169413139013,0.08818564685439034,-0.18866598665292733,-0.29973705565998854,-1.2410990325585243,4.315789473684211,3.0,2020Q1,2019-12-31,2020-01-01,2020-03-31,holding,
confirmed_relative_guard_hold_5d,confirmed_relative_guard,5.0,1.0,60,60,37.0,35.0,17.999999999999996,0.29999999999999993,48762.42583795062,44121.415293430495,-0.024751483240987526,-0.11757169413139013,0.0928202108904026,-0.1703013604468684,-0.22892979453559126,-1.2410990325585243,4.457142857142857,2.0,2020Q1,2019-12-31,2020-01-01,2020-03-31,holding,
confirmed_relative_guard_exit_max10,confirmed_relative_guard,10.0,2.0,60,60,43.0,42.0,22.599999999999998,0.37666666666666665,46741.60795421192,44121.415293430495,-0.06516784091576167,-0.11757169413139013,0.05240385321562846,-0.16612244653580288,-0.9852891801014372,-1.2410990325585243,3.8333333333333335,1.0,2020Q1,2019-12-31,2020-01-01,2020-03-31,holding,
confirmed_strong_relative_guard_hold_5d,confirmed_strong_relative_guard,5.0,1.0,60,60,36.0,34.0,18.599999999999998,0.30999999999999994,48061.9548694698,44121.415293430495,-0.03876090261060394,-0.11757169413139013,0.07881079152078618,-0.16759771554252756,-0.48909776637786834,-1.2410990325585243,4.4411764705882355,2.0,2020Q1,2019-12-31,2020-01-01,2020-03-31,holding,
spy_fused_rebalance_daily,algo_fused_spy_gated,1.0,1.0,60,38,114.0,114.0,6.666666666666666,0.1111111111111111,42328.06480883678,44121.415293430495,-0.1534387038232644,-0.11757169413139013,-0.035867009691874285,-0.15725831623460318,-3.5465439641254197,-1.2410990325585243,1.0,0.0,2020Q1,2019-12-31,2020-01-01,2020-03-31,holding,
spy_fused_hold_3d,algo_fused_spy_gated,3.0,1.0,60,39,39.0,39.0,5.333333333333333,0.08888888888888888,41874.768221039274,44121.415293430495,-0.16250463557921457,-0.11757169413139013,-0.04493294144782445,-0.18483393884662913,-3.698108418730608,-1.2410990325585243,3.0,0.0,2020Q1,2019-12-31,2020-01-01,2020-03-31,holding,
spy_fused_hold_5d,algo_fused_spy_gated,5.0,1.0,60,40,24.0,24.0,4.666666666666666,0.07777777777777777,41516.31381456012,44121.415293430495,-0.16967372370879763,-0.11757169413139013,-0.052102029577407505,-0.20073141889297152,-3.581718331290856,-1.2410990325585243,5.0,0.0,2020Q1,2019-12-31,2020-01-01,2020-03-31,holding,
spy_fused_rank_exit_max10,algo_fused_spy_gated,10.0,2.0,60,39,16.0,16.0,7.333333333333333,0.12222222222222222,44660.369127512786,44121.415293430495,-0.10679261744974433,-0.11757169413139013,0.010779076681645794,-0.15791609430267595,-2.190743706143909,-1.2410990325585243,7.1875,0.0,2020Q1,2019-12-31,2020-01-01,2020-03-31,holding,
relative_momentum_hold_3d,relative_momentum,3.0,1.0,60,60,66.0,63.0,31.66666666666666,0.5277777777777777,37610.357869153486,44121.415293430495,-0.24779284261693024,-0.11757169413139013,-0.13022114848554012,-0.3392845154148979,-2.8862927411553763,-1.2410990325585243,2.7777777777777777,3.0,2020Q1,2019-12-31,2020-01-01,2020-03-31,holding,
relative_momentum_hold_5d,relative_momentum,5.0,1.0,60,60,41.0,38.0,21.666666666666668,0.3611111111111111,44931.40265434755,44121.415293430495,-0.10137194691304907,-0.11757169413139013,0.016199747218341054,-0.30463649872665755,-0.8614297559437721,-1.2410990325585243,4.5,3.0,2020Q1,2019-12-31,2020-01-01,2020-03-31,holding,
relative_momentum_exit_max10,relative_momentum_spy_gated,10.0,2.0,60,38,18.0,18.0,12.0,0.2,52217.88095472885,44121.415293430495,0.04435761909457692,-0.11757169413139013,0.16192931322596704,-0.1323661239344266,0.8534088209756899,-1.2410990325585243,6.333333333333333,0.0,2020Q1,2019-12-31,2020-01-01,2020-03-31,holding,
relative_momentum_volume_shape_exit_max10,relative_momentum_volume_shape_spy_gated,10.0,2.0,60,38,18.0,18.0,12.0,0.2,49244.82660262329,44121.415293430495,-0.015103467947534255,-0.11757169413139013,0.10246822618385587,-0.1323661239344266,-0.18208194018357743,-1.2410990325585243,6.333333333333333,0.0,2020Q1,2019-12-31,2020-01-01,2020-03-31,holding,
trend_quality_hold_3d,trend_quality,3.0,1.0,60,60,64.0,61.0,32.33333333333333,0.5388888888888889,40390.60223575431,44121.415293430495,-0.19218795528491373,-0.11757169413139013,-0.0746162611535236,-0.27687008783108413,-2.0392680337106945,-1.2410990325585243,2.819672131147541,3.0,2020Q1,2019-12-31,2020-01-01,2020-03-31,holding,
trend_quality_hold_5d,trend_quality,5.0,1.0,60,60,41.0,38.0,24.333333333333336,0.4055555555555556,44190.56940248825,44121.415293430495,-0.11618861195023511,-0.11757169413139013,0.0013830821811550154,-0.24940211160393078,-1.15612081265865,-1.2410990325585243,4.5,3.0,2020Q1,2019-12-31,2020-01-01,2020-03-31,holding,
trend_quality_volume_shape_hold_3d,trend_quality_volume_shape,3.0,1.0,60,60,63.0,60.0,32.99999999999999,0.5499999999999999,44550.091670121896,44121.415293430495,-0.10899816659756212,-0.11757169413139013,0.008573527533828007,-0.22568558536183414,-1.086664079649903,-1.2410990325585243,2.8833333333333333,3.0,2020Q1,2019-12-31,2020-01-01,2020-03-31,holding,
trend_quality_avoid_failed_gap_hold_3d,trend_quality_avoid_failed_gap,3.0,1.0,60,60,62.0,59.0,31.666666666666664,0.5277777777777778,39769.02344551741,44121.415293430495,-0.20461953108965192,-0.11757169413139013,-0.08704783695826179,-0.2749611852613174,-2.2451975523517307,-1.2410990325585243,2.8983050847457625,3.0,2020Q1,2019-12-31,2020-01-01,2020-03-31,holding,
trend_quality_avoid_failed_gap_volume_shape_hold_3d,trend_quality_avoid_failed_gap_volume_shape,3.0,1.0,60,60,63.0,60.0,32.99999999999999,0.5499999999999999,44061.12069320607,44121.415293430495,-0.11877758613587863,-0.11757169413139013,-0.0012058920044885069,-0.23007708959382067,-1.2244900453590937,-1.2410990325585243,2.85,3.0,2020Q1,2019-12-31,2020-01-01,2020-03-31,holding,
gap_resistance_hold_1d,gap_resistance,1.0,1.0,60,25,42.0,41.0,44.0,0.7333333333333333,31751.91435482095,44121.415293430495,-0.36496171290358104,-0.11757169413139013,-0.2473900187721909,-0.3658691902445924,-6.803763066260075,-1.2410990325585243,1.0,1.0,2020Q1,2019-12-31,2020-01-01,2020-03-31,holding,
gap_resistance_hold_3d,gap_resistance,3.0,1.0,60,37,28.0,27.0,30.333333333333336,0.5055555555555556,36807.96604291869,44121.415293430495,-0.2638406791416261,-0.11757169413139013,-0.146268985010236,-0.26489265965465614,-5.556472197999773,-1.2410990325585243,2.962962962962963,1.0,2020Q1,2019-12-31,2020-01-01,2020-03-31,holding,
gap_resistance_50_hold_3d,gap_resistance_50,3.0,1.0,60,36,26.0,26.0,30.0,0.5,37809.07718192408,44121.415293430495,-0.24381845636151833,-0.11757169413139013,-0.1262467622301282,-0.25358998634234675,-4.989277156824388,-1.2410990325585243,2.9615384615384617,0.0,2020Q1,2019-12-31,2020-01-01,2020-03-31,holding,
trend_quality_gap_resistance_hold_3d,trend_quality_gap_resistance,3.0,1.0,60,37,27.0,26.0,29.666666666666668,0.49444444444444446,37824.74123414181,44121.415293430495,-0.24350517531716376,-0.11757169413139013,-0.12593348118577363,-0.24795926426830395,-5.098951570303674,-1.2410990325585243,2.9615384615384617,1.0,2020Q1,2019-12-31,2020-01-01,2020-03-31,holding,
breakout_quality_hold_3d,breakout_quality,3.0,1.0,60,60,62.0,59.0,36.99999999999999,0.6166666666666666,41716.04924056651,44121.415293430495,-0.16567901518866968,-0.11757169413139013,-0.04810732105727955,-0.1899214162872832,-2.143335305506148,-1.2410990325585243,2.9322033898305087,3.0,2020Q1,2019-12-31,2020-01-01,2020-03-31,holding,
defensive_trend_hold_5d,defensive_trend,5.0,1.0,60,60,39.0,36.0,21.0,0.35,40470.33439789696,44121.415293430495,-0.19059331204206087,-0.11757169413139013,-0.07302161791067074,-0.28504311224546863,-2.25956474091468,-1.2410990325585243,4.694444444444445,3.0,2020Q1,2019-12-31,2020-01-01,2020-03-31,holding,
hybrid_markov_trend_hold_3d,hybrid_markov_trend,3.0,1.0,60,60,64.0,61.0,32.99999999999999,0.5499999999999999,36765.77025730503,44121.415293430495,-0.2646845948538995,-0.11757169413139013,-0.14711290072250938,-0.32926279930626967,-3.1200849445655217,-1.2410990325585243,2.7704918032786887,3.0,2020Q1,2019-12-31,2020-01-01,2020-03-31,holding,
hybrid_markov_trend_hold_5d,hybrid_markov_trend_spy_gated,5.0,1.0,60,42,25.0,25.0,16.333333333333332,0.2722222222222222,48823.762579684044,44121.415293430495,-0.02352474840631913,-0.11757169413139013,0.094046945725071,-0.2337132697811256,-0.14485924384614726,-1.2410990325585243,4.76,0.0,2020Q1,2019-12-31,2020-01-01,2020-03-31,holding,
hybrid_markov_trend_exit_max10,hybrid_markov_trend_spy_gated,10.0,2.0,60,38,28.0,28.0,18.666666666666664,0.31111111111111106,50162.60688893885,44121.415293430495,0.0032521377787768646,-0.11757169413139013,0.12082383191016699,-0.1336578222433884,0.17059696735148822,-1.2410990325585243,4.071428571428571,0.0,2020Q1,2019-12-31,2020-01-01,2020-03-31,holding,
markov_daily_manual,,,,60,60,,,,,,,-0.3731142251830549,-0.11757169413139013,-0.2555425310516648,-0.37389673542519897,-5.836975774420217,-1.2410990325585243,,,2020Q1,2019-12-31,2020-01-01,2020-03-31,markov_daily,173.0
markov_daily_confirmed,,,,60,60,,,,,,,-0.3559616081571976,-0.11757169413139013,-0.23838991402580745,-0.35676552915556137,-5.330228295217698,-1.2410990325585243,,,2020Q1,2019-12-31,2020-01-01,2020-03-31,markov_daily,172.0
markov_daily_spy_gated,,,,60,38,,,,,,,-0.1871520414387653,-0.11757169413139013,-0.06958034730737517,-0.18816667899863937,-4.612948294075386,-1.2410990325585243,,,2020Q1,2019-12-31,2020-01-01,2020-03-31,markov_daily,114.0
markov_daily_confirmed_spy_gated,,,,60,38,,,,,,,-0.1871520414387653,-0.11757169413139013,-0.06958034730737517,-0.18816667899863937,-4.612948294075386,-1.2410990325585243,,,2020Q1,2019-12-31,2020-01-01,2020-03-31,markov_daily,114.0
markov_daily_algo_fused_spy_gated,,,,60,38,,,,,,,-0.17670377026252015,-0.11757169413139013,-0.05913207613113003,-0.17731448691176577,-4.132090583012857,-1.2410990325585243,,,2020Q1,2019-12-31,2020-01-01,2020-03-31,markov_daily,114.0
confirmed_rebalance_daily,confirmed,1.0,1.0,63,63,189.0,186.0,23.000000000000004,0.3650793650793651,49208.44985249039,60611.06523534266,-0.01583100295019224,0.2122213047068533,-0.22805230765704554,-0.17313257572126617,-0.04942130523024717,2.6118096920819704,1.0,3.0,2020Q2,2020-03-31,2020-04-01,2020-06-30,holding,
confirmed_hold_2d,confirmed,2.0,1.0,63,63,99.0,96.0,19.000000000000004,0.3015873015873016,52197.29290901361,60611.06523534266,0.04394585818027208,0.2122213047068533,-0.16827544652658122,-0.11544181285854727,0.731667697638606,2.6118096920819704,1.9270833333333333,3.0,2020Q2,2020-03-31,2020-04-01,2020-06-30,holding,
confirmed_hold_3d,confirmed,3.0,1.0,63,63,68.0,65.0,16.333333333333332,0.25925925925925924,53124.30074432392,60611.06523534266,0.062486014886478314,0.2122213047068533,-0.14973528982037498,-0.11182762738792185,0.9362948894350793,2.6118096920819704,2.8153846153846156,3.0,2020Q2,2020-03-31,2020-04-01,2020-06-30,holding,
confirmed_hold_5d,confirmed,5.0,1.0,63,63,43.0,40.0,11.666666666666664,0.18518518518518515,54603.16142410939,60611.06523534266,0.09206322848218784,0.2122213047068533,-0.12015807622466546,-0.09549568383298479,1.3298706206280226,2.6118096920819704,4.5,3.0,2020Q2,2020-03-31,2020-04-01,2020-06-30,holding,
confirmed_hold_10d,confirmed,10.0,1.0,63,63,23.0,20.0,9.666666666666664,0.1534391534391534,57629.53136835583,60611.06523534266,0.15259062736711648,0.2122213047068533,-0.059630677339736815,-0.07785951941102132,2.158366254678362,2.6118096920819704,8.75,3.0,2020Q2,2020-03-31,2020-04-01,2020-06-30,holding,
confirmed_signal_exit_max10,confirmed,10.0,2.0,63,63,24.0,21.0,9.666666666666664,0.1534391534391534,54744.27426599893,60611.06523534266,0.09488548531997854,0.2122213047068533,-0.11733581938687476,-0.11716941258314562,1.37611130826583,2.6118096920819704,8.333333333333334,3.0,2020Q2,2020-03-31,2020-04-01,2020-06-30,holding,
confirmed_market_exposure_hold_5d,confirmed,5.0,1.0,63,63,43.0,40.0,11.93333333333333,0.18941798941798937,51979.144015662256,60611.06523534266,0.039582880313245195,0.2122213047068533,-0.1726384243936081,-0.11166316219821804,0.7308199685019444,2.6118096920819704,4.5,3.0,2020Q2,2020-03-31,2020-04-01,2020-06-30,holding,
confirmed_market_exposure_hold_10d,confirmed,10.0,1.0,63,63,23.0,20.0,11.166666666666664,0.1772486772486772,55571.444209979214,60611.06523534266,0.1114288841995843,0.2122213047068533,-0.100792420507269,-0.07634150230448589,1.8406906687692008,2.6118096920819704,8.75,3.0,2020Q2,2020-03-31,2020-04-01,2020-06-30,holding,
confirmed_rel_rank_hold_5d,confirmed_rel_rank,5.0,1.0,63,63,41.0,38.0,19.0,0.30158730158730157,47370.96912177523,60611.06523534266,-0.05258061756449528,0.2122213047068533,-0.2648019222713486,-0.15335556366467662,-0.4753362304599428,2.6118096920819704,4.7894736842105265,3.0,2020Q2,2020-03-31,2020-04-01,2020-06-30,holding,
confirmed_rel_rank_market_hold_5d,confirmed_rel_rank,5.0,1.0,63,63,41.0,38.0,19.03333333333333,0.30211640211640206,44954.631586026095,60611.06523534266,-0.1009073682794781,0.2122213047068533,-0.3131286729863314,-0.1641134048498113,-1.265670418318769,2.6118096920819704,4.7894736842105265,3.0,2020Q2,2020-03-31,2020-04-01,2020-06-30,holding,
confirmed_relative_guard_hold_5d,confirmed_relative_guard,5.0,1.0,63,60,38.0,35.0,25.633333333333333,0.4068783068783069,48914.37809329198,60611.06523534266,-0.02171243813416035,0.2122213047068533,-0.23393374284101365,-0.14969828667110607,-0.17203494149227022,2.6118096920819704,4.485714285714286,3.0,2020Q2,2020-03-31,2020-04-01,2020-06-30,holding,
confirmed_relative_guard_exit_max10,confirmed_relative_guard,10.0,2.0,63,57,42.0,39.0,31.200000000000006,0.49523809523809537,44814.48071245559,60611.06523534266,-0.1037103857508882,0.2122213047068533,-0.3159316904577415,-0.20770229013138009,-1.2614641920108673,2.6118096920819704,3.717948717948718,3.0,2020Q2,2020-03-31,2020-04-01,2020-06-30,holding,
confirmed_strong_relative_guard_hold_5d,confirmed_strong_relative_guard,5.0,1.0,63,60,37.0,34.0,26.083333333333336,0.41402116402116407,49897.853811971676,60611.06523534266,-0.002042923760566473,0.2122213047068533,-0.21426422846741977,-0.10299621480714582,0.09352255299563071,2.6118096920819704,4.588235294117647,3.0,2020Q2,2020-03-31,2020-04-01,2020-06-30,holding,
spy_fused_rebalance_daily,algo_fused_spy_gated,1.0,1.0,63,20,60.0,57.0,2.9999999999999996,0.04761904761904761,50417.25124251903,60611.06523534266,0.008345024850380467,0.2122213047068533,-0.20387627985647283,-0.06669106456319296,0.28855907117436586,2.6118096920819704,1.0,3.0,2020Q2,2020-03-31,2020-04-01,2020-06-30,holding,
spy_fused_hold_3d,algo_fused_spy_gated,3.0,1.0,63,20,21.0,18.0,2.333333333333333,0.037037037037037035,50653.05806892588,60611.06523534266,0.01306116137851765,0.2122213047068533,-0.19916014332833565,-0.06669106456319296,0.3920383313550899,2.6118096920819704,3.0,3.0,2020Q2,2020-03-31,2020-04-01,2020-06-30,holding,
spy_fused_hold_5d,algo_fused_spy_gated,5.0,1.0,63,20,12.0,9.0,1.6666666666666665,0.026455026455026454,49949.25379836218,60611.06523534266,-0.0010149240327563813,0.2122213047068533,-0.21323622873960968,-0.06669106456319296,0.05386797110391273,2.6118096920819704,5.0,3.0,2020Q2,2020-03-31,2020-04-01,2020-06-30,holding,
spy_fused_rank_exit_max10,algo_fused_spy_gated,10.0,2.0,63,20,7.0,4.0,1.6666666666666665,0.026455026455026454,49949.25379836218,60611.06523534266,-0.0010149240327563813,0.2122213047068533,-0.21323622873960968,-0.06669106456319296,0.05386797110391273,2.6118096920819704,8.75,3.0,2020Q2,2020-03-31,2020-04-01,2020-06-30,holding,
relative_momentum_hold_3d,relative_momentum,3.0,1.0,63,63,65.0,62.0,37.0,0.5873015873015873,41603.43700048628,60611.06523534266,-0.16793125999027436,0.2122213047068533,-0.38015256469712766,-0.20248370838340124,-1.758178559496071,2.6118096920819704,2.9193548387096775,3.0,2020Q2,2020-03-31,2020-04-01,2020-06-30,holding,
relative_momentum_hold_5d,relative_momentum,5.0,1.0,63,63,41.0,38.0,24.333333333333332,0.3862433862433862,49559.27273321305,60611.06523534266,-0.008814545335738999,0.2122213047068533,-0.2210358500425923,-0.1299456239528025,0.08134629719798167,2.6118096920819704,4.684210526315789,3.0,2020Q2,2020-03-31,2020-04-01,2020-06-30,holding,
relative_momentum_exit_max10,relative_momentum_spy_gated,10.0,2.0,63,20,11.0,8.0,6.333333333333334,0.10052910052910054,46184.50082329435,60611.06523534266,-0.076309983534113,0.2122213047068533,-0.2885312882409663,-0.09599526823567306,-1.4645520284538749,2.6118096920819704,6.375,3.0,2020Q2,2020-03-31,2020-04-01,2020-06-30,holding,
relative_momentum_volume_shape_exit_max10,relative_momentum_volume_shape_spy_gated,10.0,2.0,63,20,10.0,7.0,5.666666666666667,0.08994708994708996,45858.11484683609,60611.06523534266,-0.0828377030632782,0.2122213047068533,-0.2950590077701315,-0.09986996769716572,-1.6853863181342759,2.6118096920819704,7.142857142857143,3.0,2020Q2,2020-03-31,2020-04-01,2020-06-30,holding,
trend_quality_hold_3d,trend_quality,3.0,1.0,63,63,65.0,62.0,35.0,0.5555555555555556,46774.68502605191,60611.06523534266,-0.06450629947896169,0.2122213047068533,-0.276727604185815,-0.13793958704744524,-0.6393584136721745,2.6118096920819704,2.903225806451613,3.0,2020Q2,2020-03-31,2020-04-01,2020-06-30,holding,
trend_quality_hold_5d,trend_quality,5.0,1.0,63,63,41.0,38.0,24.333333333333336,0.3862433862433863,54984.63156625037,60611.06523534266,0.0996926313250075,0.2122213047068533,-0.1125286733818458,-0.09482675024613585,1.2353773123717258,2.6118096920819704,4.684210526315789,3.0,2020Q2,2020-03-31,2020-04-01,2020-06-30,holding,
trend_quality_volume_shape_hold_3d,trend_quality_volume_shape,3.0,1.0,63,63,65.0,62.0,34.33333333333333,0.5449735449735449,47543.48494857855,60611.06523534266,-0.04913030102842897,0.2122213047068533,-0.26135160573528227,-0.15295067575227506,-0.40963846886262134,2.6118096920819704,2.9193548387096775,3.0,2020Q2,2020-03-31,2020-04-01,2020-06-30,holding,
trend_quality_avoid_failed_gap_hold_3d,trend_quality_avoid_failed_gap,3.0,1.0,63,63,65.0,62.0,36.33333333333333,0.5767195767195766,50863.519434480135,60611.06523534266,0.017270388689602623,0.2122213047068533,-0.19495091601725067,-0.11116664583427349,0.36916028840191956,2.6118096920819704,2.9193548387096775,3.0,2020Q2,2020-03-31,2020-04-01,2020-06-30,holding,
trend_quality_avoid_failed_gap_volume_shape_hold_3d,trend_quality_avoid_failed_gap_volume_shape,3.0,1.0,63,63,65.0,62.0,35.0,0.5555555555555556,49819.506926735274,60611.06523534266,-0.003609861465294517,0.2122213047068533,-0.21583116617214781,-0.13821270899070448,0.13257556802270234,2.6118096920819704,2.9193548387096775,3.0,2020Q2,2020-03-31,2020-04-01,2020-06-30,holding,
gap_resistance_hold_1d,gap_resistance,1.0,1.0,63,44,99.0,99.0,81.0,1.2857142857142858,31230.902491355206,60611.06523534266,-0.3753819501728959,0.2122213047068533,-0.5876032548797492,-0.37772742535761605,-4.410851952407879,2.6118096920819704,1.0,0.0,2020Q2,2020-03-31,2020-04-01,2020-06-30,holding,
gap_resistance_hold_3d,gap_resistance,3.0,1.0,63,52,47.0,47.0,41.33333333333333,0.656084656084656,42803.318958808355,60611.06523534266,-0.14393362082383288,0.2122213047068533,-0.3561549255306862,-0.20180845272512804,-2.20561070677623,2.6118096920819704,2.9148936170212765,0.0,2020Q2,2020-03-31,2020-04-01,2020-06-30,holding,
gap_resistance_50_hold_3d,gap_resistance_50,3.0,1.0,63,48,37.0,37.0,38.0,0.6031746031746031,43638.06997500271,60611.06523534266,-0.12723860049994573,0.2122213047068533,-0.33945990520679903,-0.14108177712140435,-1.8774147484675954,2.6118096920819704,3.0,0.0,2020Q2,2020-03-31,2020-04-01,2020-06-30,holding,
trend_quality_gap_resistance_hold_3d,trend_quality_gap_resistance,3.0,1.0,63,52,46.0,46.0,39.66666666666667,0.6296296296296297,48560.91432085172,60611.06523534266,-0.02878171358296555,0.2122213047068533,-0.24100301828981885,-0.14089715465195307,-0.3266139600994189,2.6118096920819704,2.9565217391304346,0.0,2020Q2,2020-03-31,2020-04-01,2020-06-30,holding,
breakout_quality_hold_3d,breakout_quality,3.0,1.0,63,63,64.0,61.0,36.33333333333333,0.5767195767195766,48916.4186770051,60611.06523534266,-0.021671626459897952,0.2122213047068533,-0.23389293116675125,-0.12681493891511975,-0.1511458712877669,2.6118096920819704,2.9672131147540983,3.0,2020Q2,2020-03-31,2020-04-01,2020-06-30,holding,
defensive_trend_hold_5d,defensive_trend,5.0,1.0,63,63,40.0,37.0,21.66666666666667,0.343915343915344,52841.86458213658,60611.06523534266,0.05683729164273155,0.2122213047068533,-0.15538401306412175,-0.10876605918919247,0.8092925667696484,2.6118096920819704,4.864864864864865,3.0,2020Q2,2020-03-31,2020-04-01,2020-06-30,holding,
hybrid_markov_trend_hold_3d,hybrid_markov_trend,3.0,1.0,63,63,65.0,62.0,27.66666666666667,0.43915343915343924,50715.56572282087,60611.06523534266,0.014311314456417534,0.2122213047068533,-0.19790999025043576,-0.09680511054320928,0.33522725015542504,2.6118096920819704,2.9193548387096775,3.0,2020Q2,2020-03-31,2020-04-01,2020-06-30,holding,
hybrid_markov_trend_hold_5d,hybrid_markov_trend_spy_gated,5.0,1.0,63,20,12.0,9.0,7.0,0.1111111111111111,49001.84094006068,60611.06523534266,-0.019963181198786373,0.2122213047068533,-0.23218448590563967,-0.09654666021119573,-0.30463603614817636,2.6118096920819704,5.0,3.0,2020Q2,2020-03-31,2020-04-01,2020-06-30,holding,
hybrid_markov_trend_exit_max10,hybrid_markov_trend_spy_gated,10.0,2.0,63,20,15.0,12.0,9.0,0.14285714285714285,46546.268163812325,60611.06523534266,-0.06907463672375347,0.2122213047068533,-0.28129594143060677,-0.11372126489709178,-1.2759470115760152,2.6118096920819704,4.25,3.0,2020Q2,2020-03-31,2020-04-01,2020-06-30,holding,
markov_daily_manual,,,,63,63,,,,,,,-0.04817355508766219,0.2122213047068533,-0.2603948597945155,-0.17635952229802987,-0.45818541566055043,2.6118096920819704,,,2020Q2,2020-03-31,2020-04-01,2020-06-30,markov_daily,189.0
markov_daily_confirmed,,,,63,63,,,,,,,-0.0703030119203738,0.2122213047068533,-0.2825243166272271,-0.195641465466024,-0.7571045957903598,2.6118096920819704,,,2020Q2,2020-03-31,2020-04-01,2020-06-30,markov_daily,189.0
markov_daily_spy_gated,,,,63,20,,,,,,,-0.008112474202984554,0.2122213047068533,-0.22033377890983785,-0.07232420682713259,-0.09391793544208214,2.6118096920819704,,,2020Q2,2020-03-31,2020-04-01,2020-06-30,markov_daily,60.0
markov_daily_confirmed_spy_gated,,,,63,20,,,,,,,-0.008112474202984554,0.2122213047068533,-0.22033377890983785,-0.07232420682713259,-0.09391793544208214,2.6118096920819704,,,2020Q2,2020-03-31,2020-04-01,2020-06-30,markov_daily,60.0
markov_daily_algo_fused_spy_gated,,,,63,20,,,,,,,-0.00646393758258168,0.2122213047068533,-0.21868524228943498,-0.07232420682713259,-0.08780835702436392,2.6118096920819704,,,2020Q2,2020-03-31,2020-04-01,2020-06-30,markov_daily,60.0
confirmed_rebalance_daily,confirmed,1.0,1.0,64,64,192.0,189.0,11.666666666666666,0.18229166666666666,55998.368275228044,54512.13182820814,0.11996736550456077,0.09024263656416287,0.029724728940397904,-0.09882601922174328,1.8233293753671413,1.9644956122941641,1.0,3.0,2020Q3,2020-06-30,2020-07-01,2020-09-30,holding,
confirmed_hold_2d,confirmed,2.0,1.0,64,64,96.0,93.0,10.333333333333332,0.16145833333333331,54433.40638450801,54512.13182820814,0.08866812769016019,0.09024263656416287,-0.001574508874002678,-0.10234945962776953,1.4026370370636378,1.9644956122941641,2.0,3.0,2020Q3,2020-06-30,2020-07-01,2020-09-30,holding,
confirmed_hold_3d,confirmed,3.0,1.0,64,64,66.0,63.0,9.666666666666666,0.15104166666666666,55986.07689212322,54512.13182820814,0.11972153784246453,0.09024263656416287,0.02947890127830166,-0.08864111691690113,1.8453028779626028,1.9644956122941641,3.0,3.0,2020Q3,2020-06-30,2020-07-01,2020-09-30,holding,
confirmed_hold_5d,confirmed,5.0,1.0,64,64,41.0,38.0,8.333333333333332,0.13020833333333331,54738.99251539133,54512.13182820814,0.09477985030782654,0.09024263656416287,0.004537213743663671,-0.10894743019016928,1.5370639021120425,1.9644956122941641,4.815789473684211,3.0,2020Q3,2020-06-30,2020-07-01,2020-09-30,holding,
confirmed_hold_10d,confirmed,10.0,1.0,64,64,22.0,19.0,6.333333333333333,0.09895833333333333,55052.767683228536,54512.13182820814,0.10105535366457064,0.09024263656416287,0.010812717100407765,-0.10788167516935776,1.57670422331122,1.9644956122941641,9.578947368421053,3.0,2020Q3,2020-06-30,2020-07-01,2020-09-30,holding,
confirmed_signal_exit_max10,confirmed,10.0,2.0,64,64,23.0,20.0,7.0,0.109375,55257.61555260612,54512.13182820814,0.10515231105212242,0.09024263656416287,0.014909674487959546,-0.1141393362751898,1.6452284025404509,1.9644956122941641,9.05,3.0,2020Q3,2020-06-30,2020-07-01,2020-09-30,holding,
confirmed_market_exposure_hold_5d,confirmed,5.0,1.0,64,64,41.0,38.0,8.933333333333334,0.13958333333333334,54080.02421211675,54512.13182820814,0.08160048424233501,0.09024263656416287,-0.008642152321827856,-0.10894743019016928,1.3587147275415137,1.9644956122941641,4.815789473684211,3.0,2020Q3,2020-06-30,2020-07-01,2020-09-30,holding,
confirmed_market_exposure_hold_10d,confirmed,10.0,1.0,64,64,22.0,19.0,6.933333333333334,0.10833333333333334,54390.02203805455,54512.13182820814,0.08780044076109106,0.09024263656416287,-0.0024421958030718116,-0.10788167516935776,1.4046865219529847,1.9644956122941641,9.578947368421053,3.0,2020Q3,2020-06-30,2020-07-01,2020-09-30,holding,
confirmed_rel_rank_hold_5d,confirmed_rel_rank,5.0,1.0,64,64,42.0,39.0,26.999999999999996,0.42187499999999994,52697.976394291305,54512.13182820814,0.05395952788582603,0.09024263656416287,-0.03628310867833684,-0.1041933192707345,0.9428870901502996,1.9644956122941641,4.717948717948718,3.0,2020Q3,2020-06-30,2020-07-01,2020-09-30,holding,
confirmed_rel_rank_market_hold_5d,confirmed_rel_rank,5.0,1.0,64,64,42.0,39.0,27.599999999999998,0.43124999999999997,52485.13057827841,54512.13182820814,0.04970261156556832,0.09024263656416287,-0.04054002499859455,-0.1041933192707345,0.8803921116122401,1.9644956122941641,4.717948717948718,3.0,2020Q3,2020-06-30,2020-07-01,2020-09-30,holding,
confirmed_relative_guard_hold_5d,confirmed_relative_guard,5.0,1.0,64,64,42.0,39.0,26.266666666666666,0.41041666666666665,55231.832408317074,54512.13182820814,0.10463664816634144,0.09024263656416287,0.014394011602178569,-0.09209473396035339,1.644400188073603,1.9644956122941641,4.717948717948718,3.0,2020Q3,2020-06-30,2020-07-01,2020-09-30,holding,
confirmed_relative_guard_exit_max10,confirmed_relative_guard,10.0,2.0,64,64,48.0,45.0,30.266666666666666,0.47291666666666665,51055.26239346337,54512.13182820814,0.021105247869267263,0.09024263656416287,-0.06913738869489561,-0.1366179844570491,0.4500075582570285,1.9644956122941641,4.044444444444444,3.0,2020Q3,2020-06-30,2020-07-01,2020-09-30,holding,
confirmed_strong_relative_guard_hold_5d,confirmed_strong_relative_guard,5.0,1.0,64,64,42.0,39.0,26.93333333333333,0.4208333333333333,55570.631351946606,54512.13182820814,0.11141262703893218,0.09024263656416287,0.021169990474769307,-0.09209473396035361,1.7327151450438205,1.9644956122941641,4.717948717948718,3.0,2020Q3,2020-06-30,2020-07-01,2020-09-30,holding,
spy_fused_rebalance_daily,algo_fused_spy_gated,1.0,1.0,64,63,189.0,189.0,11.333333333333332,0.17708333333333331,55964.63780915436,54512.13182820814,0.11929275618308721,0.09024263656416287,0.02905011961892434,-0.09882601922174272,1.8282294502823682,1.9644956122941641,1.0,0.0,2020Q3,2020-06-30,2020-07-01,2020-09-30,holding,
spy_fused_hold_3d,algo_fused_spy_gated,3.0,1.0,64,63,63.0,63.0,10.666666666666664,0.16666666666666663,54862.77494588476,54512.13182820814,0.09725549891769525,0.09024263656416287,0.007012862353532379,-0.08864111691690113,1.5500026214566431,1.9644956122941641,3.0,0.0,2020Q3,2020-06-30,2020-07-01,2020-09-30,holding,
spy_fused_hold_5d,algo_fused_spy_gated,5.0,1.0,64,64,40.0,38.0,9.0,0.140625,55469.26433033437,54512.13182820814,0.10938528660668734,0.09024263656416287,0.019142650042524467,-0.10894743019016961,1.7413789250416294,1.9644956122941641,4.815789473684211,2.0,2020Q3,2020-06-30,2020-07-01,2020-09-30,holding,
spy_fused_rank_exit_max10,algo_fused_spy_gated,10.0,2.0,64,63,23.0,23.0,8.666666666666666,0.13541666666666666,54606.699948432906,54512.13182820814,0.09213399896865804,0.09024263656416287,0.0018913624044951671,-0.1117313592268151,1.4600887341068265,1.9644956122941641,8.217391304347826,0.0,2020Q3,2020-06-30,2020-07-01,2020-09-30,holding,
relative_momentum_hold_3d,relative_momentum,3.0,1.0,64,64,67.0,64.0,32.33333333333333,0.5052083333333333,50072.479887485344,54512.13182820814,0.0014495977497068768,0.09024263656416287,-0.088793038814456,-0.17353973801062483,0.16730428928241584,1.9644956122941641,2.9375,3.0,2020Q3,2020-06-30,2020-07-01,2020-09-30,holding,
relative_momentum_hold_5d,relative_momentum,5.0,1.0,64,64,42.0,39.0,25.0,0.390625,49276.89337054759,54512.13182820814,-0.014462132589048271,0.09024263656416287,-0.10470476915321114,-0.12855303603018287,-0.08050261294018775,1.9644956122941641,4.743589743589744,3.0,2020Q3,2020-06-30,2020-07-01,2020-09-30,holding,
relative_momentum_exit_max10,relative_momentum_spy_gated,10.0,2.0,64,63,28.0,28.0,18.666666666666664,0.29166666666666663,46448.3065364957,54512.13182820814,-0.07103386927008604,0.09024263656416287,-0.1612765058342489,-0.1478425408044055,-1.1644545180552628,1.9644956122941641,6.75,0.0,2020Q3,2020-06-30,2020-07-01,2020-09-30,holding,
relative_momentum_volume_shape_exit_max10,relative_momentum_volume_shape_spy_gated,10.0,2.0,64,64,34.0,33.0,23.0,0.359375,47020.66220918106,54512.13182820814,-0.059586755816378845,0.09024263656416287,-0.14982939238054171,-0.16263146982784638,-0.7368263321327803,1.9644956122941641,5.696969696969697,1.0,2020Q3,2020-06-30,2020-07-01,2020-09-30,holding,
trend_quality_hold_3d,trend_quality,3.0,1.0,64,64,67.0,64.0,34.33333333333333,0.5364583333333333,46203.08148485334,54512.13182820814,-0.07593837030293316,0.09024263656416287,-0.16618100686709603,-0.1607868461076738,-1.004080144664723,1.9644956122941641,2.9375,3.0,2020Q3,2020-06-30,2020-07-01,2020-09-30,holding,
trend_quality_hold_5d,trend_quality,5.0,1.0,64,64,42.0,39.0,26.33333333333333,0.41145833333333326,52017.93262263101,54512.13182820814,0.04035865245262005,0.09024263656416287,-0.04988398411154282,-0.13101624195195916,0.77317933323109,1.9644956122941641,4.743589743589744,3.0,2020Q3,2020-06-30,2020-07-01,2020-09-30,holding,
trend_quality_volume_shape_hold_3d,trend_quality_volume_shape,3.0,1.0,64,64,68.0,65.0,37.0,0.578125,46416.226960506734,54512.13182820814,-0.07167546078986531,0.09024263656416287,-0.16191809735402818,-0.1528665671785976,-0.9620266328722378,1.9644956122941641,2.876923076923077,3.0,2020Q3,2020-06-30,2020-07-01,2020-09-30,holding,
trend_quality_avoid_failed_gap_hold_3d,trend_quality_avoid_failed_gap,3.0,1.0,64,64,66.0,63.0,33.666666666666664,0.5260416666666666,46764.19055142775,54512.13182820814,-0.06471618897144493,0.09024263656416287,-0.1549588255356078,-0.17284864320742133,-0.7992130433859628,1.9644956122941641,2.984126984126984,3.0,2020Q3,2020-06-30,2020-07-01,2020-09-30,holding,
trend_quality_avoid_failed_gap_volume_shape_hold_3d,trend_quality_avoid_failed_gap_volume_shape,3.0,1.0,64,64,67.0,64.0,37.0,0.578125,47611.8591430615,54512.13182820814,-0.047762817138770064,0.09024263656416287,-0.13800545370293293,-0.14649591837640974,-0.6280659523821186,1.9644956122941641,2.921875,3.0,2020Q3,2020-06-30,2020-07-01,2020-09-30,holding,
gap_resistance_hold_1d,gap_resistance,1.0,1.0,64,37,81.0,81.0,70.66666666666666,1.1041666666666665,40502.05033912452,54512.13182820814,-0.18995899321750953,0.09024263656416287,-0.2802016297816724,-0.18995899321750953,-5.343005602841864,1.9644956122941641,1.0,0.0,2020Q3,2020-06-30,2020-07-01,2020-09-30,holding,
gap_resistance_hold_3d,gap_resistance,3.0,1.0,64,53,42.0,42.0,41.0,0.640625,48990.76802825524,54512.13182820814,-0.020184639434895235,0.09024263656416287,-0.1104272759990581,-0.06912164755428285,-0.2746373796183485,1.9644956122941641,2.9761904761904763,0.0,2020Q3,2020-06-30,2020-07-01,2020-09-30,holding,
gap_resistance_50_hold_3d,gap_resistance_50,3.0,1.0,64,55,42.0,42.0,43.333333333333336,0.6770833333333334,45156.0863705739,54512.13182820814,-0.09687827258852189,0.09024263656416287,-0.18712090915268476,-0.125851331367952,-1.684109905735224,1.9644956122941641,2.9761904761904763,0.0,2020Q3,2020-06-30,2020-07-01,2020-09-30,holding,
trend_quality_gap_resistance_hold_3d,trend_quality_gap_resistance,3.0,1.0,64,53,42.0,42.0,41.0,0.640625,50686.825277325595,54512.13182820814,0.013736505546511957,0.09024263656416287,-0.07650613101765091,-0.05520157059746689,0.35342969186387907,1.9644956122941641,2.9761904761904763,0.0,2020Q3,2020-06-30,2020-07-01,2020-09-30,holding,
breakout_quality_hold_3d,breakout_quality,3.0,1.0,64,64,66.0,63.0,39.666666666666664,0.6197916666666666,48977.89356545037,54512.13182820814,-0.02044212869099249,0.09024263656416287,-0.11068476525515536,-0.17390103053540995,-0.20163977088577406,1.9644956122941641,2.984126984126984,3.0,2020Q3,2020-06-30,2020-07-01,2020-09-30,holding,
defensive_trend_hold_5d,defensive_trend,5.0,1.0,64,64,43.0,40.0,24.333333333333332,0.3802083333333333,43984.62878810138,54512.13182820814,-0.12030742423797247,0.09024263656416287,-0.21055006080213534,-0.21120505149446678,-1.5374355931231645,1.9644956122941641,4.625,3.0,2020Q3,2020-06-30,2020-07-01,2020-09-30,holding,
hybrid_markov_trend_hold_3d,hybrid_markov_trend,3.0,1.0,64,64,67.0,64.0,31.0,0.484375,50863.66709706682,54512.13182820814,0.01727334194133645,0.09024263656416287,-0.07296929462282642,-0.15243555122827834,0.3751967025652495,1.9644956122941641,2.90625,3.0,2020Q3,2020-06-30,2020-07-01,2020-09-30,holding,
hybrid_markov_trend_hold_5d,hybrid_markov_trend_spy_gated,5.0,1.0,64,64,42.0,39.0,23.0,0.359375,53798.07124684761,54512.13182820814,0.07596142493695224,0.09024263656416287,-0.014281211627210633,-0.0942402587137311,1.207209363576516,1.9644956122941641,4.6923076923076925,3.0,2020Q3,2020-06-30,2020-07-01,2020-09-30,holding,
hybrid_markov_trend_exit_max10,hybrid_markov_trend_spy_gated,10.0,2.0,64,64,45.0,44.0,30.33333333333333,0.47395833333333326,48864.95717244922,54512.13182820814,-0.022700856551015614,0.09024263656416287,-0.11294349311517848,-0.16926948594188707,-0.1669897509850572,1.9644956122941641,4.2727272727272725,1.0,2020Q3,2020-06-30,2020-07-01,2020-09-30,holding,
markov_daily_manual,,,,64,64,,,,,,,0.04187049053304803,0.09024263656416287,-0.04837214603111484,-0.10661136902386537,0.7504585424549337,1.9644956122941641,,,2020Q3,2020-06-30,2020-07-01,2020-09-30,markov_daily,192.0
markov_daily_confirmed,,,,64,64,,,,,,,0.04978956967047443,0.09024263656416287,-0.04045306689368844,-0.10661136902386537,0.8631400634378009,1.9644956122941641,,,2020Q3,2020-06-30,2020-07-01,2020-09-30,markov_daily,192.0
markov_daily_spy_gated,,,,64,63,,,,,,,0.022176656131157158,0.09024263656416287,-0.06806598043300571,-0.10661136902386537,0.4628105224493246,1.9644956122941641,,,2020Q3,2020-06-30,2020-07-01,2020-09-30,markov_daily,189.0
markov_daily_confirmed_spy_gated,,,,64,63,,,,,,,0.02994604580663518,0.09024263656416287,-0.06029659075752769,-0.10661136902386537,0.5776811814843372,1.9644956122941641,,,2020Q3,2020-06-30,2020-07-01,2020-09-30,markov_daily,189.0
markov_daily_algo_fused_spy_gated,,,,64,63,,,,,,,0.022176656131157158,0.09024263656416287,-0.06806598043300571,-0.10661136902386537,0.46281052244932414,1.9644956122941641,,,2020Q3,2020-06-30,2020-07-01,2020-09-30,markov_daily,189.0
confirmed_rebalance_daily,confirmed,1.0,1.0,65,65,195.0,192.0,9.0,0.13846153846153847,50801.25746026764,55697.70901517403,0.016025149205352696,0.11395418030348048,-0.09792903109812778,-0.09687235568255415,0.37654194287264986,2.8951580537076915,1.0,3.0,2020Q4,2020-09-30,2020-10-01,2020-12-31,holding,
confirmed_hold_2d,confirmed,2.0,1.0,65,65,99.0,96.0,10.333333333333332,0.15897435897435896,49013.381921321394,55697.70901517403,-0.019732361573572166,0.11395418030348048,-0.13368654187705264,-0.11805070955754171,-0.18728031498616463,2.8951580537076915,1.9895833333333333,3.0,2020Q4,2020-09-30,2020-10-01,2020-12-31,holding,
confirmed_hold_3d,confirmed,3.0,1.0,65,65,66.0,63.0,7.666666666666666,0.11794871794871795,50574.1414444517,55697.70901517403,0.011482828889034069,0.11395418030348048,-0.10247135141444641,-0.1054343100393661,0.30096628677388126,2.8951580537076915,3.0,3.0,2020Q4,2020-09-30,2020-10-01,2020-12-31,holding,
confirmed_hold_5d,confirmed,5.0,1.0,65,65,40.0,37.0,7.0,0.1076923076923077,49688.08429061362,55697.70901517403,-0.006238314187727689,0.11395418030348048,-0.12019249449120817,-0.11023157707271325,0.017764407734603648,2.8951580537076915,4.864864864864865,3.0,2020Q4,2020-09-30,2020-10-01,2020-12-31,holding,
confirmed_hold_10d,confirmed,10.0,1.0,65,65,22.0,19.0,5.666666666666666,0.08717948717948718,50623.160557942276,55697.70901517403,0.01246321115884541,0.11395418030348048,-0.10149096914463507,-0.09182482692787908,0.32653089390570383,2.8951580537076915,9.473684210526315,3.0,2020Q4,2020-09-30,2020-10-01,2020-12-31,holding,
confirmed_signal_exit_max10,confirmed,10.0,2.0,65,65,23.0,20.0,6.333333333333333,0.09743589743589744,49898.80952619595,55697.70901517403,-0.00202380947608094,0.11395418030348048,-0.11597798977956142,-0.10563808982081635,0.08392047729254831,2.8951580537076915,8.9,3.0,2020Q4,2020-09-30,2020-10-01,2020-12-31,holding,
confirmed_market_exposure_hold_5d,confirmed,5.0,1.0,65,65,40.0,37.0,8.599999999999998,0.13230769230769227,48686.83824022584,55697.70901517403,-0.026263235195483126,0.11395418030348048,-0.1402174154989636,-0.12816096863478643,-0.3266115766693376,2.8951580537076915,4.864864864864865,3.0,2020Q4,2020-09-30,2020-10-01,2020-12-31,holding,
confirmed_market_exposure_hold_10d,confirmed,10.0,1.0,65,65,22.0,19.0,7.266666666666667,0.1117948717948718,49582.233092743096,55697.70901517403,-0.008355338145138114,0.11395418030348048,-0.12230951844861859,-0.11049897667364161,-0.048120568936033836,2.8951580537076915,9.473684210526315,3.0,2020Q4,2020-09-30,2020-10-01,2020-12-31,holding,
confirmed_rel_rank_hold_5d,confirmed_rel_rank,5.0,1.0,65,65,40.0,37.0,17.666666666666664,0.2717948717948718,53099.86711991539,55697.70901517403,0.061997342398307786,0.11395418030348048,-0.05195683790517269,-0.10012702481344327,1.1008506065244044,2.8951580537076915,4.918918918918919,3.0,2020Q4,2020-09-30,2020-10-01,2020-12-31,holding,
confirmed_rel_rank_market_hold_5d,confirmed_rel_rank,5.0,1.0,65,65,40.0,37.0,19.03333333333333,0.2928205128205128,51563.67609438842,55697.70901517403,0.03127352188776844,0.11395418030348048,-0.08268065841571204,-0.10012702481344293,0.6359018777615706,2.8951580537076915,4.918918918918919,3.0,2020Q4,2020-09-30,2020-10-01,2020-12-31,holding,
confirmed_relative_guard_hold_5d,confirmed_relative_guard,5.0,1.0,65,65,41.0,38.0,24.366666666666667,0.3748717948717949,54119.38139560548,55697.70901517403,0.08238762791210963,0.11395418030348048,-0.03156655239137085,-0.0705076183501534,1.5414770066005348,2.8951580537076915,4.7368421052631575,3.0,2020Q4,2020-09-30,2020-10-01,2020-12-31,holding,
confirmed_relative_guard_exit_max10,confirmed_relative_guard,10.0,2.0,65,65,50.0,47.0,32.333333333333336,0.49743589743589745,51792.411640801336,55697.70901517403,0.03584823281602678,0.11395418030348048,-0.0781059474874537,-0.0850144575139038,0.7431298197580507,2.8951580537076915,4.042553191489362,3.0,2020Q4,2020-09-30,2020-10-01,2020-12-31,holding,
confirmed_strong_relative_guard_hold_5d,confirmed_strong_relative_guard,5.0,1.0,65,65,41.0,38.0,24.366666666666667,0.3748717948717949,54424.58427741092,55697.70901517403,0.08849168554821829,0.11395418030348048,-0.02546249475526219,-0.07439781086511066,1.5871774958212568,2.8951580537076915,4.7368421052631575,3.0,2020Q4,2020-09-30,2020-10-01,2020-12-31,holding,
spy_fused_rebalance_daily,algo_fused_spy_gated,1.0,1.0,65,54,162.0,159.0,13.0,0.2,49108.14573717112,55697.70901517403,-0.017837085256577567,0.11395418030348048,-0.13179126556005805,-0.121673382821604,-0.23611354760370262,2.8951580537076915,1.0,3.0,2020Q4,2020-09-30,2020-10-01,2020-12-31,holding,
spy_fused_hold_3d,algo_fused_spy_gated,3.0,1.0,65,56,57.0,54.0,10.333333333333332,0.15897435897435896,49789.30082763797,55697.70901517403,-0.004213983447240555,0.11395418030348048,-0.11816816375072103,-0.10951985663627462,0.028395830783407995,2.8951580537076915,3.0,3.0,2020Q4,2020-09-30,2020-10-01,2020-12-31,holding,
spy_fused_hold_5d,algo_fused_spy_gated,5.0,1.0,65,57,36.0,33.0,5.666666666666666,0.08717948717948718,50123.30715105334,55697.70901517403,0.0024661430210668467,0.11395418030348048,-0.11148803728241363,-0.11356764390834972,0.14821470525110672,2.8951580537076915,5.0,3.0,2020Q4,2020-09-30,2020-10-01,2020-12-31,holding,
spy_fused_rank_exit_max10,algo_fused_spy_gated,10.0,2.0,65,56,26.0,23.0,12.999999999999998,0.19999999999999998,48222.87913938731,55697.70901517403,-0.03554241721225382,0.11395418030348048,-0.1494965975157343,-0.1322103847098295,-0.5433671579365047,2.8951580537076915,6.869565217391305,3.0,2020Q4,2020-09-30,2020-10-01,2020-12-31,holding,
relative_momentum_hold_3d,relative_momentum,3.0,1.0,65,65,69.0,66.0,34.99999999999999,0.5384615384615383,55777.23434583574,55697.70901517403,0.11554468691671493,0.11395418030348048,0.0015905066132344547,-0.07156004849257025,1.6726697704499598,2.8951580537076915,2.8484848484848486,3.0,2020Q4,2020-09-30,2020-10-01,2020-12-31,holding,
relative_momentum_hold_5d,relative_momentum,5.0,1.0,65,65,44.0,41.0,25.666666666666664,0.39487179487179486,59860.32789368346,55697.70901517403,0.19720655787366925,0.11395418030348048,0.08325237757018877,-0.067895990417701,2.6388999478558564,2.8951580537076915,4.463414634146342,3.0,2020Q4,2020-09-30,2020-10-01,2020-12-31,holding,
relative_momentum_exit_max10,relative_momentum_spy_gated,10.0,2.0,65,54,30.0,27.0,18.333333333333332,0.28205128205128205,48684.01597130968,55697.70901517403,-0.026319680573806403,0.11395418030348048,-0.14027386087728688,-0.11686762019126007,-0.31503993959549603,2.8951580537076915,5.62962962962963,3.0,2020Q4,2020-09-30,2020-10-01,2020-12-31,holding,
relative_momentum_volume_shape_exit_max10,relative_momentum_volume_shape_spy_gated,10.0,2.0,65,55,33.0,30.0,22.333333333333332,0.3435897435897436,48606.50582331898,55697.70901517403,-0.02786988353362041,0.11395418030348048,-0.1418240638371009,-0.1307117310247955,-0.3399863871598421,2.8951580537076915,5.166666666666667,3.0,2020Q4,2020-09-30,2020-10-01,2020-12-31,holding,
trend_quality_hold_3d,trend_quality,3.0,1.0,65,65,68.0,65.0,33.666666666666664,0.5179487179487179,56559.279708036265,55697.70901517403,0.1311855941607254,0.11395418030348048,0.017231413857244915,-0.07262845777612581,2.011511842515798,2.8951580537076915,2.9076923076923076,3.0,2020Q4,2020-09-30,2020-10-01,2020-12-31,holding,
trend_quality_hold_5d,trend_quality,5.0,1.0,65,65,42.0,39.0,23.666666666666664,0.3641025641025641,59263.29590242212,55697.70901517403,0.1852659180484424,0.11395418030348048,0.07131173774496191,-0.07075589095402923,2.708659407944878,2.8951580537076915,4.6923076923076925,3.0,2020Q4,2020-09-30,2020-10-01,2020-12-31,holding,
trend_quality_volume_shape_hold_3d,trend_quality_volume_shape,3.0,1.0,65,65,67.0,64.0,34.99999999999999,0.5384615384615383,56537.49997242358,55697.70901517403,0.13074999944847154,0.11395418030348048,0.016795819144991064,-0.09532236072560718,1.7267214902459018,2.8951580537076915,2.953125,3.0,2020Q4,2020-09-30,2020-10-01,2020-12-31,holding,
trend_quality_avoid_failed_gap_hold_3d,trend_quality_avoid_failed_gap,3.0,1.0,65,65,68.0,65.0,33.0,0.5076923076923077,57756.28949326315,55697.70901517403,0.15512578986526315,0.11395418030348048,0.041171609561782674,-0.07262845777612581,2.2990353149500535,2.8951580537076915,2.9076923076923076,3.0,2020Q4,2020-09-30,2020-10-01,2020-12-31,holding,
trend_quality_avoid_failed_gap_volume_shape_hold_3d,trend_quality_avoid_failed_gap_volume_shape,3.0,1.0,65,65,67.0,64.0,34.99999999999999,0.5384615384615383,54863.825410776684,55697.70901517403,0.0972765082155338,0.11395418030348048,-0.016677672087946682,-0.09532236072560718,1.3550633567052133,2.8951580537076915,2.953125,3.0,2020Q4,2020-09-30,2020-10-01,2020-12-31,holding,
gap_resistance_hold_1d,gap_resistance,1.0,1.0,65,45,89.0,89.0,83.66666666666667,1.2871794871794873,35559.72433046848,55697.70901517403,-0.2888055133906303,0.11395418030348048,-0.4027596936941108,-0.2875920989856894,-4.885068042429715,2.8951580537076915,1.0,0.0,2020Q4,2020-09-30,2020-10-01,2020-12-31,holding,
gap_resistance_hold_3d,gap_resistance,3.0,1.0,65,60,48.0,46.0,48.0,0.7384615384615385,48577.18799431853,55697.70901517403,-0.02845624011362946,0.11395418030348048,-0.14241042041710994,-0.12706495149746933,-0.25469881544961287,2.8951580537076915,3.0,2.0,2020Q4,2020-09-30,2020-10-01,2020-12-31,holding,
gap_resistance_50_hold_3d,gap_resistance_50,3.0,1.0,65,58,45.0,43.0,46.666666666666664,0.717948717948718,49919.87241258605,55697.70901517403,-0.0016025517482789464,0.11395418030348048,-0.11555673205175943,-0.11792390457246049,0.1195690462871902,2.8951580537076915,3.0,2.0,2020Q4,2020-09-30,2020-10-01,2020-12-31,holding,
trend_quality_gap_resistance_hold_3d,trend_quality_gap_resistance,3.0,1.0,65,59,45.0,43.0,47.33333333333333,0.7282051282051282,54106.81798774171,55697.70901517403,0.08213635975483435,0.11395418030348048,-0.031817820548646125,-0.0795399145369885,1.2432385976919387,2.8951580537076915,3.0,2.0,2020Q4,2020-09-30,2020-10-01,2020-12-31,holding,
breakout_quality_hold_3d,breakout_quality,3.0,1.0,65,65,67.0,64.0,38.99999999999999,0.5999999999999999,53716.90592506058,55697.70901517403,0.07433811850121153,0.11395418030348048,-0.039616061802268954,-0.10325366302478423,1.4052849335009436,2.8951580537076915,2.96875,3.0,2020Q4,2020-09-30,2020-10-01,2020-12-31,holding,
defensive_trend_hold_5d,defensive_trend,5.0,1.0,65,65,41.0,38.0,20.333333333333332,0.3128205128205128,58350.298485281324,55697.70901517403,0.16700596970562653,0.11395418030348048,0.053051789402146055,-0.0819404064447623,2.4891062449868273,2.8951580537076915,4.868421052631579,3.0,2020Q4,2020-09-30,2020-10-01,2020-12-31,holding,
hybrid_markov_trend_hold_3d,hybrid_markov_trend,3.0,1.0,65,65,66.0,63.0,30.999999999999996,0.4769230769230769,54364.102905406806,55697.70901517403,0.08728205810813616,0.11395418030348048,-0.026672122195344317,-0.10803102445429724,1.3096044231935282,2.8951580537076915,3.0,3.0,2020Q4,2020-09-30,2020-10-01,2020-12-31,holding,
hybrid_markov_trend_hold_5d,hybrid_markov_trend_spy_gated,5.0,1.0,65,57,36.0,33.0,19.666666666666664,0.30256410256410254,55707.38411271896,55697.70901517403,0.11414768225437921,0.11395418030348048,0.00019350195089873345,-0.11561069177984828,1.7343427161081482,2.8951580537076915,4.96969696969697,3.0,2020Q4,2020-09-30,2020-10-01,2020-12-31,holding,
hybrid_markov_trend_exit_max10,hybrid_markov_trend_spy_gated,10.0,2.0,65,54,37.0,34.0,23.666666666666664,0.3641025641025641,57086.17708777922,55697.70901517403,0.14172354175558444,0.11395418030348048,0.027769361452103958,-0.07254535425965714,2.309273750702134,2.8951580537076915,4.470588235294118,3.0,2020Q4,2020-09-30,2020-10-01,2020-12-31,holding,
markov_daily_manual,,,,65,65,,,,,,,-0.018556394878870175,0.11395418030348048,-0.13251057518235065,-0.10221292474606536,-0.19542507111932592,2.8951580537076915,,,2020Q4,2020-09-30,2020-10-01,2020-12-31,markov_daily,195.0
markov_daily_confirmed,,,,65,65,,,,,,,-0.018556394878870175,0.11395418030348048,-0.13251057518235065,-0.10221292474606536,-0.19542507111932592,2.8951580537076915,,,2020Q4,2020-09-30,2020-10-01,2020-12-31,markov_daily,195.0
markov_daily_spy_gated,,,,65,54,,,,,,,-0.06320191791757312,0.11395418030348048,-0.1771560982210536,-0.14305294178112715,-1.1210336500481735,2.8951580537076915,,,2020Q4,2020-09-30,2020-10-01,2020-12-31,markov_daily,162.0
markov_daily_confirmed_spy_gated,,,,65,54,,,,,,,-0.06320191791757312,0.11395418030348048,-0.1771560982210536,-0.14305294178112715,-1.1210336500481735,2.8951580537076915,,,2020Q4,2020-09-30,2020-10-01,2020-12-31,markov_daily,162.0
markov_daily_algo_fused_spy_gated,,,,65,54,,,,,,,-0.04137717497066229,0.11395418030348048,-0.15533135527414277,-0.12308850160724927,-0.7090096594166552,2.8951580537076915,,,2020Q4,2020-09-30,2020-10-01,2020-12-31,markov_daily,162.0
confirmed_rebalance_daily,confirmed,1.0,1.0,62,62,186.0,183.0,12.999999999999998,0.2096774193548387,56871.98046744577,52970.08547008545,0.13743960934891541,0.05940170940170897,0.07803789994720645,-0.07302277906924792,2.043315338939953,1.4236950471104244,1.0,3.0,2021Q1,2020-12-31,2021-01-01,2021-03-31,holding,
confirmed_hold_2d,confirmed,2.0,1.0,62,62,94.0,91.0,10.999999999999998,0.17741935483870966,56628.872243579324,52970.08547008545,0.1325774448715864,0.05940170940170897,0.07317573546987743,-0.07302277906924792,1.9345501520771222,1.4236950471104244,1.989010989010989,3.0,2021Q1,2020-12-31,2021-01-01,2021-03-31,holding,
confirmed_hold_3d,confirmed,3.0,1.0,62,62,63.0,60.0,8.333333333333332,0.13440860215053763,57160.073888066436,52970.08547008545,0.14320147776132863,0.05940170940170897,0.08379976835961966,-0.07302277906924781,2.0514595845164756,1.4236950471104244,3.0,3.0,2021Q1,2020-12-31,2021-01-01,2021-03-31,holding,
confirmed_hold_5d,confirmed,5.0,1.0,62,62,39.0,36.0,8.999999999999998,0.14516129032258063,56474.95994968306,52970.08547008545,0.12949919899366136,0.05940170940170897,0.07009748959195239,-0.07302277906924803,1.817793337177068,1.4236950471104244,4.861111111111111,3.0,2021Q1,2020-12-31,2021-01-01,2021-03-31,holding,
confirmed_hold_10d,confirmed,10.0,1.0,62,62,21.0,18.0,7.666666666666666,0.12365591397849461,56776.65249210141,52970.08547008545,0.13553304984202819,0.05940170940170897,0.07613134044031922,-0.07384609630348538,1.811062024601814,1.4236950471104244,9.166666666666666,3.0,2021Q1,2020-12-31,2021-01-01,2021-03-31,holding,
confirmed_signal_exit_max10,confirmed,10.0,2.0,62,62,21.0,18.0,7.666666666666666,0.12365591397849461,56776.65249210141,52970.08547008545,0.13553304984202819,0.05940170940170897,0.07613134044031922,-0.07384609630348538,1.811062024601814,1.4236950471104244,9.166666666666666,3.0,2021Q1,2020-12-31,2021-01-01,2021-03-31,holding,
confirmed_market_exposure_hold_5d,confirmed,5.0,1.0,62,62,39.0,36.0,9.466666666666665,0.15268817204301072,55771.4743504889,52970.08547008545,0.11542948700977784,0.05940170940170897,0.056027777608068874,-0.07302277906924803,1.6687405411759286,1.4236950471104244,4.861111111111111,3.0,2021Q1,2020-12-31,2021-01-01,2021-03-31,holding,
confirmed_market_exposure_hold_10d,confirmed,10.0,1.0,62,62,21.0,18.0,8.133333333333333,0.13118279569892471,56069.40883165029,52970.08547008545,0.12138817663300583,0.05940170940170897,0.06198646723129686,-0.07670453990187209,1.6680568282993058,1.4236950471104244,9.166666666666666,3.0,2021Q1,2020-12-31,2021-01-01,2021-03-31,holding,
confirmed_rel_rank_hold_5d,confirmed_rel_rank,5.0,1.0,62,62,39.0,36.0,22.333333333333336,0.3602150537634409,47837.5549587185,52970.08547008545,-0.04324890082562993,0.05940170940170897,-0.1026506102273389,-0.1283787642399411,-0.34662619752256174,1.4236950471104244,4.972222222222222,3.0,2021Q1,2020-12-31,2021-01-01,2021-03-31,holding,
confirmed_rel_rank_market_hold_5d,confirmed_rel_rank,5.0,1.0,62,62,39.0,36.0,22.8,0.36774193548387096,46959.92164033273,52970.08547008545,-0.060801567193345396,0.05940170940170897,-0.12020327659505436,-0.1443696282833844,-0.5913100337438708,1.4236950471104244,4.972222222222222,3.0,2021Q1,2020-12-31,2021-01-01,2021-03-31,holding,
confirmed_relative_guard_hold_5d,confirmed_relative_guard,5.0,1.0,62,62,38.0,35.0,26.133333333333336,0.4215053763440861,48556.93429888302,52970.08547008545,-0.0288613140223396,0.05940170940170897,-0.08826302342404857,-0.15262251817738226,-0.20938014980281341,1.4236950471104244,4.914285714285715,3.0,2021Q1,2020-12-31,2021-01-01,2021-03-31,holding,
confirmed_relative_guard_exit_max10,confirmed_relative_guard,10.0,2.0,62,62,43.0,40.0,29.7,0.4790322580645161,44489.81293736074,52970.08547008545,-0.1102037412527852,0.05940170940170897,-0.16960545065449417,-0.16629525197488182,-1.4440883011661259,1.4236950471104244,4.15,3.0,2021Q1,2020-12-31,2021-01-01,2021-03-31,holding,
confirmed_strong_relative_guard_hold_5d,confirmed_strong_relative_guard,5.0,1.0,62,62,38.0,35.0,26.133333333333336,0.4215053763440861,47266.54622899742,52970.08547008545,-0.054669075420051616,0.05940170940170897,-0.11407078482176058,-0.15262251817738248,-0.5691901590346542,1.4236950471104244,4.914285714285715,3.0,2021Q1,2020-12-31,2021-01-01,2021-03-31,holding,
spy_fused_rebalance_daily,algo_fused_spy_gated,1.0,1.0,62,61,183.0,180.0,15.666666666666666,0.25268817204301075,55954.791563426494,52970.08547008545,0.11909583126852996,0.05940170940170897,0.05969412186682099,-0.08021660961995492,1.8115363856928406,1.4236950471104244,1.0,3.0,2021Q1,2020-12-31,2021-01-01,2021-03-31,holding,
spy_fused_hold_3d,algo_fused_spy_gated,3.0,1.0,62,62,63.0,60.0,8.333333333333332,0.13440860215053763,58007.29352286642,52970.08547008545,0.16014587045732842,0.05940170940170897,0.10074416105561945,-0.07302277906924781,2.2457091532888875,1.4236950471104244,3.0,3.0,2021Q1,2020-12-31,2021-01-01,2021-03-31,holding,
spy_fused_hold_5d,algo_fused_spy_gated,5.0,1.0,62,62,39.0,36.0,10.333333333333334,0.16666666666666669,58182.88351793932,52970.08547008545,0.16365767035878642,0.05940170940170897,0.10425596095707745,-0.07302277906924803,2.2318322079879707,1.4236950471104244,4.861111111111111,3.0,2021Q1,2020-12-31,2021-01-01,2021-03-31,holding,
spy_fused_rank_exit_max10,algo_fused_spy_gated,10.0,2.0,62,61,23.0,20.0,8.333333333333332,0.13440860215053763,58779.65546363257,52970.08547008545,0.17559310927265126,0.05940170940170897,0.11619139987094229,-0.07302277906924814,2.464553999368937,1.4236950471104244,7.95,3.0,2021Q1,2020-12-31,2021-01-01,2021-03-31,holding,
relative_momentum_hold_3d,relative_momentum,3.0,1.0,62,62,64.0,61.0,32.33333333333333,0.5215053763440859,45423.70480329761,52970.08547008545,-0.0915259039340478,0.05940170940170897,-0.15092761333575677,-0.15352889827054472,-1.2666139940234808,1.4236950471104244,2.9508196721311477,3.0,2021Q1,2020-12-31,2021-01-01,2021-03-31,holding,
relative_momentum_hold_5d,relative_momentum,5.0,1.0,62,62,40.0,37.0,23.0,0.3709677419354839,48081.6576012763,52970.08547008545,-0.03836684797447398,0.05940170940170897,-0.09776855737618295,-0.1231219890131452,-0.42254543296590596,1.4236950471104244,4.891891891891892,3.0,2021Q1,2020-12-31,2021-01-01,2021-03-31,holding,
relative_momentum_exit_max10,relative_momentum_spy_gated,10.0,2.0,62,62,31.0,28.0,20.333333333333332,0.3279569892473118,46070.946567862615,52970.08547008545,-0.07858106864274772,0.05940170940170897,-0.1379827780444567,-0.1468140909547334,-1.1485242427815643,1.4236950471104244,6.0,3.0,2021Q1,2020-12-31,2021-01-01,2021-03-31,holding,
relative_momentum_volume_shape_exit_max10,relative_momentum_volume_shape_spy_gated,10.0,2.0,62,61,27.0,24.0,15.666666666666666,0.25268817204301075,52634.27279728228,52970.08547008545,0.052685455945645554,0.05940170940170897,-0.006716253456063415,-0.11049686659510483,0.9473749883162186,1.4236950471104244,7.125,3.0,2021Q1,2020-12-31,2021-01-01,2021-03-31,holding,
trend_quality_hold_3d,trend_quality,3.0,1.0,62,62,64.0,61.0,33.666666666666664,0.543010752688172,42930.16206835749,52970.08547008545,-0.14139675863285028,0.05940170940170897,-0.20079846803455925,-0.21565061750606473,-2.205176121344512,1.4236950471104244,2.9508196721311477,3.0,2021Q1,2020-12-31,2021-01-01,2021-03-31,holding,
trend_quality_hold_5d,trend_quality,5.0,1.0,62,62,40.0,37.0,23.0,0.3709677419354839,47781.1699077092,52970.08547008545,-0.044376601845816044,0.05940170940170897,-0.10377831124752501,-0.14177692327576819,-0.5473640340292392,1.4236950471104244,4.891891891891892,3.0,2021Q1,2020-12-31,2021-01-01,2021-03-31,holding,
trend_quality_volume_shape_hold_3d,trend_quality_volume_shape,3.0,1.0,62,62,64.0,61.0,34.33333333333333,0.553763440860215,41422.99494439689,52970.08547008545,-0.1715401011120623,0.05940170940170897,-0.23094181051377127,-0.23647881689214523,-2.768268273981803,1.4236950471104244,2.9508196721311477,3.0,2021Q1,2020-12-31,2021-01-01,2021-03-31,holding,
trend_quality_avoid_failed_gap_hold_3d,trend_quality_avoid_failed_gap,3.0,1.0,62,62,64.0,61.0,34.333333333333336,0.5537634408602151,43142.857237901495,52970.08547008545,-0.13714285524197012,0.05940170940170897,-0.1965445646436791,-0.2111226442167794,-2.1593154634435705,1.4236950471104244,2.9508196721311477,3.0,2021Q1,2020-12-31,2021-01-01,2021-03-31,holding,
trend_quality_avoid_failed_gap_volume_shape_hold_3d,trend_quality_avoid_failed_gap_volume_shape,3.0,1.0,62,62,64.0,61.0,34.33333333333333,0.553763440860215,41817.756045511574,52970.08547008545,-0.16364487908976855,0.05940170940170897,-0.22304658849147752,-0.22920246076742168,-2.625337990982298,1.4236950471104244,2.9508196721311477,3.0,2021Q1,2020-12-31,2021-01-01,2021-03-31,holding,
gap_resistance_hold_1d,gap_resistance,1.0,1.0,62,35,54.0,54.0,62.33333333333333,1.0053763440860215,46097.85518825255,52970.08547008545,-0.07804289623494898,0.05940170940170897,-0.13744460563665795,-0.16552267977731971,-1.2205022048602492,1.4236950471104244,1.0,0.0,2021Q1,2020-12-31,2021-01-01,2021-03-31,holding,
gap_resistance_hold_3d,gap_resistance,3.0,1.0,62,57,42.0,41.0,42.66666666666667,0.6881720430107527,45024.81730548234,52970.08547008545,-0.0995036538903532,0.05940170940170897,-0.15890536329206217,-0.20239052966092885,-1.322925842362365,1.4236950471104244,3.0,1.0,2021Q1,2020-12-31,2021-01-01,2021-03-31,holding,
gap_resistance_50_hold_3d,gap_resistance_50,3.0,1.0,62,56,38.0,38.0,43.33333333333333,0.6989247311827956,44566.80208133153,52970.08547008545,-0.1086639583733694,0.05940170940170897,-0.16806566777507836,-0.2077428314623978,-1.3184848388754504,1.4236950471104244,3.0,0.0,2021Q1,2020-12-31,2021-01-01,2021-03-31,holding,
trend_quality_gap_resistance_hold_3d,trend_quality_gap_resistance,3.0,1.0,62,57,42.0,41.0,43.333333333333336,0.6989247311827957,43902.697855057995,52970.08547008545,-0.12194604289884015,0.05940170940170897,-0.18134775230054911,-0.20239052966092852,-1.6373054201266302,1.4236950471104244,3.0,1.0,2021Q1,2020-12-31,2021-01-01,2021-03-31,holding,
breakout_quality_hold_3d,breakout_quality,3.0,1.0,62,62,63.0,60.0,36.333333333333336,0.5860215053763441,48358.929591812615,52970.08547008545,-0.03282140816374768,0.05940170940170897,-0.09222311756545665,-0.09703425966830281,-0.5097081784446708,1.4236950471104244,3.0,3.0,2021Q1,2020-12-31,2021-01-01,2021-03-31,holding,
defensive_trend_hold_5d,defensive_trend,5.0,1.0,62,62,40.0,37.0,19.666666666666664,0.31720430107526876,51126.62971954618,52970.08547008545,0.022532594390923588,0.05940170940170897,-0.03686911501078538,-0.13461519908143205,0.45655084911724475,1.4236950471104244,4.891891891891892,3.0,2021Q1,2020-12-31,2021-01-01,2021-03-31,holding,
hybrid_markov_trend_hold_3d,hybrid_markov_trend,3.0,1.0,62,62,64.0,61.0,31.0,0.5,47890.56343765811,52970.08547008545,-0.04218873124683786,0.05940170940170897,-0.10159044064854683,-0.131086363766446,-0.6075593750302992,1.4236950471104244,2.9508196721311477,3.0,2021Q1,2020-12-31,2021-01-01,2021-03-31,holding,
hybrid_markov_trend_hold_5d,hybrid_markov_trend_spy_gated,5.0,1.0,62,62,40.0,37.0,23.0,0.3709677419354839,49200.26801088829,52970.08547008545,-0.015994639782234144,0.05940170940170897,-0.07539634918394311,-0.09831691104810858,-0.10197934148538312,1.4236950471104244,4.891891891891892,3.0,2021Q1,2020-12-31,2021-01-01,2021-03-31,holding,
hybrid_markov_trend_exit_max10,hybrid_markov_trend_spy_gated,10.0,2.0,62,62,49.0,46.0,33.0,0.532258064516129,40521.711456536286,52970.08547008545,-0.18956577086927429,0.05940170940170897,-0.24896748027098325,-0.252623224928064,-3.1294861131598735,1.4236950471104244,3.782608695652174,3.0,2021Q1,2020-12-31,2021-01-01,2021-03-31,holding,
markov_daily_manual,,,,62,62,,,,,,,0.10458339673088157,0.05940170940170897,0.045181687329172604,-0.07678200054462703,1.5903221206488596,1.4236950471104244,,,2021Q1,2020-12-31,2021-01-01,2021-03-31,markov_daily,186.0
markov_daily_confirmed,,,,62,62,,,,,,,0.10799847542228624,0.05940170940170897,0.048596766020577276,-0.07678200054462703,1.6287866242531557,1.4236950471104244,,,2021Q1,2020-12-31,2021-01-01,2021-03-31,markov_daily,186.0
markov_daily_spy_gated,,,,62,61,,,,,,,0.06668202783115218,0.05940170940170897,0.007280318429443211,-0.09253641558963999,1.1064762634694516,1.4236950471104244,,,2021Q1,2020-12-31,2021-01-01,2021-03-31,markov_daily,183.0
markov_daily_confirmed_spy_gated,,,,62,61,,,,,,,0.06997992554945154,0.05940170940170897,0.01057821614774257,-0.09253641558964021,1.1483010871574613,1.4236950471104244,,,2021Q1,2020-12-31,2021-01-01,2021-03-31,markov_daily,183.0
markov_daily_algo_fused_spy_gated,,,,62,61,,,,,,,0.06824359673400449,0.05940170940170897,0.008841887332295517,-0.089787680964446,1.125876381199034,1.4236950471104244,,,2021Q1,2020-12-31,2021-01-01,2021-03-31,markov_daily,183.0
confirmed_rebalance_daily,confirmed,1.0,1.0,63,63,189.0,186.0,17.666666666666668,0.28042328042328046,51416.59300685357,54060.3569987898,0.028331860137071452,0.0812071399757961,-0.05287527983872464,-0.12332106968708834,0.5951353850522305,2.722579567746345,1.0,3.0,2021Q2,2021-03-31,2021-04-01,2021-06-30,holding,
confirmed_hold_2d,confirmed,2.0,1.0,63,63,96.0,93.0,13.666666666666664,0.2169312169312169,51888.22429968426,54060.3569987898,0.037764485993685204,0.0812071399757961,-0.04344265398211089,-0.12145914821059789,0.746167076666912,2.722579567746345,2.0,3.0,2021Q2,2021-03-31,2021-04-01,2021-06-30,holding,
confirmed_hold_3d,confirmed,3.0,1.0,63,63,63.0,60.0,8.333333333333332,0.13227513227513227,52513.7653989183,54060.3569987898,0.05027530797836599,0.0812071399757961,-0.030931831997430104,-0.11785615324738097,0.9512436833289877,2.722579567746345,3.0,3.0,2021Q2,2021-03-31,2021-04-01,2021-06-30,holding,
confirmed_hold_5d,confirmed,5.0,1.0,63,63,39.0,36.0,7.0,0.1111111111111111,51268.90639323077,54060.3569987898,0.025378127864615463,0.0812071399757961,-0.05582901211118063,-0.10635762374311442,0.5449718959700811,2.722579567746345,5.0,3.0,2021Q2,2021-03-31,2021-04-01,2021-06-30,holding,
confirmed_hold_10d,confirmed,10.0,1.0,63,63,21.0,18.0,4.333333333333333,0.06878306878306878,52351.722298240784,54060.3569987898,0.04703444596481576,0.0812071399757961,-0.03417269401098033,-0.1027428204079337,0.8815179665993153,2.722579567746345,10.0,3.0,2021Q2,2021-03-31,2021-04-01,2021-06-30,holding,
confirmed_signal_exit_max10,confirmed,10.0,2.0,63,63,22.0,19.0,5.0,0.07936507936507936,50244.783679315085,54060.3569987898,0.004895673586301719,0.0812071399757961,-0.07631146638949438,-0.12126972162822447,0.19999741896693646,2.722579567746345,9.526315789473685,3.0,2021Q2,2021-03-31,2021-04-01,2021-06-30,holding,
confirmed_market_exposure_hold_5d,confirmed,5.0,1.0,63,63,39.0,36.0,7.0,0.1111111111111111,51268.90639323077,54060.3569987898,0.025378127864615463,0.0812071399757961,-0.05582901211118063,-0.10635762374311442,0.5449718959700811,2.722579567746345,5.0,3.0,2021Q2,2021-03-31,2021-04-01,2021-06-30,holding,
confirmed_market_exposure_hold_10d,confirmed,10.0,1.0,63,63,21.0,18.0,4.333333333333333,0.06878306878306878,52351.722298240784,54060.3569987898,0.04703444596481576,0.0812071399757961,-0.03417269401098033,-0.1027428204079337,0.8815179665993153,2.722579567746345,10.0,3.0,2021Q2,2021-03-31,2021-04-01,2021-06-30,holding,
confirmed_rel_rank_hold_5d,confirmed_rel_rank,5.0,1.0,63,63,39.0,36.0,16.333333333333332,0.25925925925925924,50386.70561130176,54060.3569987898,0.007734112226035261,0.0812071399757961,-0.07347302774976083,-0.07321136931252303,0.2533224630398392,2.722579567746345,5.0,3.0,2021Q2,2021-03-31,2021-04-01,2021-06-30,holding,
confirmed_rel_rank_market_hold_5d,confirmed_rel_rank,5.0,1.0,63,63,39.0,36.0,16.333333333333332,0.25925925925925924,50386.70561130176,54060.3569987898,0.007734112226035261,0.0812071399757961,-0.07347302774976083,-0.07321136931252303,0.2533224630398392,2.722579567746345,5.0,3.0,2021Q2,2021-03-31,2021-04-01,2021-06-30,holding,
confirmed_relative_guard_hold_5d,confirmed_relative_guard,5.0,1.0,63,63,39.0,36.0,21.666666666666664,0.3439153439153439,47234.104508740675,54060.3569987898,-0.05531790982518647,0.0812071399757961,-0.13652504980098257,-0.09747733356304633,-1.1967859841949944,2.722579567746345,4.944444444444445,3.0,2021Q2,2021-03-31,2021-04-01,2021-06-30,holding,
confirmed_relative_guard_exit_max10,confirmed_relative_guard,10.0,2.0,63,63,43.0,40.0,27.000000000000007,0.42857142857142866,52443.68038304663,54060.3569987898,0.04887360766093263,0.0812071399757961,-0.03233353231486347,-0.0564777119419787,1.0744487629775863,2.722579567746345,4.575,3.0,2021Q2,2021-03-31,2021-04-01,2021-06-30,holding,
confirmed_strong_relative_guard_hold_5d,confirmed_strong_relative_guard,5.0,1.0,63,63,39.0,36.0,22.333333333333332,0.3544973544973545,49605.68644264863,54060.3569987898,-0.007886271147027446,0.0812071399757961,-0.08909341112282354,-0.08751248597686845,-0.06848384698606262,2.722579567746345,4.944444444444445,3.0,2021Q2,2021-03-31,2021-04-01,2021-06-30,holding,
spy_fused_rebalance_daily,algo_fused_spy_gated,1.0,1.0,63,63,189.0,186.0,22.333333333333332,0.3544973544973545,50463.28663625753,54060.3569987898,0.009265732725150633,0.0812071399757961,-0.07194140725064546,-0.12209162901307957,0.2744463042085511,2.722579567746345,1.0,3.0,2021Q2,2021-03-31,2021-04-01,2021-06-30,holding,
spy_fused_hold_3d,algo_fused_spy_gated,3.0,1.0,63,63,63.0,60.0,10.999999999999998,0.17460317460317457,51882.47868153485,54060.3569987898,0.037649573630696986,0.0812071399757961,-0.04355756634509911,-0.11785615324738064,0.7514463507224095,2.722579567746345,3.0,3.0,2021Q2,2021-03-31,2021-04-01,2021-06-30,holding,
spy_fused_hold_5d,algo_fused_spy_gated,5.0,1.0,63,63,39.0,36.0,7.0,0.1111111111111111,51528.94144944842,54060.3569987898,0.030578828988968354,0.0812071399757961,-0.05062831098682774,-0.1063576237431143,0.6348446719657361,2.722579567746345,5.0,3.0,2021Q2,2021-03-31,2021-04-01,2021-06-30,holding,
spy_fused_rank_exit_max10,algo_fused_spy_gated,10.0,2.0,63,63,22.0,19.0,4.333333333333333,0.06878306878306878,51923.993379819105,54060.3569987898,0.038479867596382,0.0812071399757961,-0.042727272379414094,-0.12126972162822447,0.7558997441465426,2.722579567746345,9.31578947368421,3.0,2021Q2,2021-03-31,2021-04-01,2021-06-30,holding,
relative_momentum_hold_3d,relative_momentum,3.0,1.0,63,63,63.0,60.0,30.999999999999996,0.492063492063492,48015.422851071315,54060.3569987898,-0.03969154297857369,0.0812071399757961,-0.12089868295436978,-0.11917312653981205,-0.5944890642067928,2.722579567746345,3.0,3.0,2021Q2,2021-03-31,2021-04-01,2021-06-30,holding,
relative_momentum_hold_5d,relative_momentum,5.0,1.0,63,63,39.0,36.0,20.333333333333332,0.32275132275132273,51672.13038474618,54060.3569987898,0.03344260769492369,0.0812071399757961,-0.04776453228087241,-0.08415024646812519,0.6917808789826535,2.722579567746345,5.0,3.0,2021Q2,2021-03-31,2021-04-01,2021-06-30,holding,
relative_momentum_exit_max10,relative_momentum_spy_gated,10.0,2.0,63,63,24.0,21.0,14.333333333333332,0.2275132275132275,55357.36970567234,54060.3569987898,0.10714739411344687,0.0812071399757961,0.025940254137650776,-0.03758507416705148,1.961446327846652,2.722579567746345,7.857142857142857,3.0,2021Q2,2021-03-31,2021-04-01,2021-06-30,holding,
relative_momentum_volume_shape_exit_max10,relative_momentum_volume_shape_spy_gated,10.0,2.0,63,63,25.0,22.0,15.666666666666664,0.24867724867724864,55568.12270104202,54060.3569987898,0.11136245402084044,0.0812071399757961,0.030155314045044346,-0.04886156877077463,2.10511924993662,2.722579567746345,7.7727272727272725,3.0,2021Q2,2021-03-31,2021-04-01,2021-06-30,holding,
trend_quality_hold_3d,trend_quality,3.0,1.0,63,63,63.0,60.0,34.333333333333336,0.544973544973545,48575.92511984878,54060.3569987898,-0.02848149760302443,0.0812071399757961,-0.10968863757882052,-0.10101636304870865,-0.5789569470585103,2.722579567746345,3.0,3.0,2021Q2,2021-03-31,2021-04-01,2021-06-30,holding,
trend_quality_hold_5d,trend_quality,5.0,1.0,63,63,39.0,36.0,23.666666666666664,0.37566137566137564,47800.78486265951,54060.3569987898,-0.04398430274680987,0.0812071399757961,-0.12519144272260596,-0.10259157471661784,-0.8179748908242241,2.722579567746345,5.0,3.0,2021Q2,2021-03-31,2021-04-01,2021-06-30,holding,
trend_quality_volume_shape_hold_3d,trend_quality_volume_shape,3.0,1.0,63,63,63.0,60.0,33.66666666666667,0.5343915343915344,50539.89406107855,54060.3569987898,0.010797881221570993,0.0812071399757961,-0.0704092587542251,-0.05732053700601747,0.3227593483760168,2.722579567746345,3.0,3.0,2021Q2,2021-03-31,2021-04-01,2021-06-30,holding,
trend_quality_avoid_failed_gap_hold_3d,trend_quality_avoid_failed_gap,3.0,1.0,63,63,63.0,60.0,33.0,0.5238095238095238,50908.70983139156,54060.3569987898,0.018174196627831263,0.0812071399757961,-0.06303294334796483,-0.06740733773438179,0.5040000502627803,2.722579567746345,3.0,3.0,2021Q2,2021-03-31,2021-04-01,2021-06-30,holding,
trend_quality_avoid_failed_gap_volume_shape_hold_3d,trend_quality_avoid_failed_gap_volume_shape,3.0,1.0,63,63,63.0,60.0,33.0,0.5238095238095238,51571.52228763411,54060.3569987898,0.03143044575268217,0.0812071399757961,-0.049776694223113926,-0.0419612961851451,0.7622864038407634,2.722579567746345,3.0,3.0,2021Q2,2021-03-31,2021-04-01,2021-06-30,holding,
gap_resistance_hold_1d,gap_resistance,1.0,1.0,63,34,63.0,63.0,67.0,1.0634920634920635,37742.082395263875,54060.3569987898,-0.24515835209472248,0.0812071399757961,-0.32636549207051857,-0.24818842091038495,-6.997262717170674,2.722579567746345,1.0,0.0,2021Q2,2021-03-31,2021-04-01,2021-06-30,holding,
gap_resistance_hold_3d,gap_resistance,3.0,1.0,63,51,41.0,38.0,41.0,0.6507936507936508,44094.04241772069,54060.3569987898,-0.11811915164558628,0.0812071399757961,-0.19932629162138238,-0.13603098421218507,-2.988727522276492,2.722579567746345,3.0,3.0,2021Q2,2021-03-31,2021-04-01,2021-06-30,holding,
gap_resistance_50_hold_3d,gap_resistance_50,3.0,1.0,63,50,36.0,34.0,40.0,0.6349206349206349,44479.85485307221,54060.3569987898,-0.11040290293855581,0.0812071399757961,-0.1916100429143519,-0.12853109450319966,-2.530468836669368,2.722579567746345,3.0,2.0,2021Q2,2021-03-31,2021-04-01,2021-06-30,holding,
trend_quality_gap_resistance_hold_3d,trend_quality_gap_resistance,3.0,1.0,63,50,38.0,35.0,39.666666666666664,0.6296296296296295,42791.955399682476,54060.3569987898,-0.14416089200635052,0.0812071399757961,-0.2253680319821466,-0.1815043694417693,-3.124779065135501,2.722579567746345,3.0,3.0,2021Q2,2021-03-31,2021-04-01,2021-06-30,holding,
breakout_quality_hold_3d,breakout_quality,3.0,1.0,63,63,63.0,60.0,37.666666666666664,0.5978835978835978,55164.86751896285,54060.3569987898,0.10329735037925691,0.0812071399757961,0.02209021040346082,-0.04313292442431671,2.5367945320456204,2.722579567746345,3.0,3.0,2021Q2,2021-03-31,2021-04-01,2021-06-30,holding,
defensive_trend_hold_5d,defensive_trend,5.0,1.0,63,63,39.0,36.0,19.666666666666664,0.31216931216931215,44789.714026293026,54060.3569987898,-0.10420571947413948,0.0812071399757961,-0.18541285944993557,-0.1366114118308298,-2.2299468830360625,2.722579567746345,5.0,3.0,2021Q2,2021-03-31,2021-04-01,2021-06-30,holding,
hybrid_markov_trend_hold_3d,hybrid_markov_trend,3.0,1.0,63,63,63.0,60.0,31.666666666666664,0.5026455026455026,47681.45651155909,54060.3569987898,-0.04637086976881821,0.0812071399757961,-0.1275780097446143,-0.11154017876567346,-1.0299876699082475,2.722579567746345,3.0,3.0,2021Q2,2021-03-31,2021-04-01,2021-06-30,holding,
hybrid_markov_trend_hold_5d,hybrid_markov_trend_spy_gated,5.0,1.0,63,63,39.0,36.0,22.333333333333332,0.3544973544973545,47899.575274201365,54060.3569987898,-0.04200849451597266,0.0812071399757961,-0.12321563449176876,-0.09321597850504315,-0.8478978494747317,2.722579567746345,5.0,3.0,2021Q2,2021-03-31,2021-04-01,2021-06-30,holding,
hybrid_markov_trend_exit_max10,hybrid_markov_trend_spy_gated,10.0,2.0,63,63,38.0,35.0,22.333333333333332,0.3544973544973545,55494.01170586779,54060.3569987898,0.10988023411735592,0.0812071399757961,0.02867309414155983,-0.047358644151113016,2.118988817470932,2.722579567746345,5.057142857142857,3.0,2021Q2,2021-03-31,2021-04-01,2021-06-30,holding,
markov_daily_manual,,,,63,63,,,,,,,-0.02467939513800721,0.0812071399757961,-0.1058865351138033,-0.1275736841135191,-0.30190533925453084,2.722579567746345,,,2021Q2,2021-03-31,2021-04-01,2021-06-30,markov_daily,189.0
markov_daily_confirmed,,,,63,63,,,,,,,-0.0030434210399566952,0.0812071399757961,-0.08425056101575279,-0.1275736841135191,0.06685569313288081,2.722579567746345,,,2021Q2,2021-03-31,2021-04-01,2021-06-30,markov_daily,189.0
markov_daily_spy_gated,,,,63,63,,,,,,,-0.02467939513800721,0.0812071399757961,-0.1058865351138033,-0.1275736841135191,-0.30190533925453084,2.722579567746345,,,2021Q2,2021-03-31,2021-04-01,2021-06-30,markov_daily,189.0
markov_daily_confirmed_spy_gated,,,,63,63,,,,,,,-0.0030434210399566952,0.0812071399757961,-0.08425056101575279,-0.1275736841135191,0.06685569313288081,2.722579567746345,,,2021Q2,2021-03-31,2021-04-01,2021-06-30,markov_daily,189.0
markov_daily_algo_fused_spy_gated,,,,63,63,,,,,,,-0.0268722632379913,0.0812071399757961,-0.1080794032137874,-0.13016253016825974,-0.34673901525981093,2.722579567746345,,,2021Q2,2021-03-31,2021-04-01,2021-06-30,markov_daily,189.0
confirmed_rebalance_daily,confirmed,1.0,1.0,64,64,192.0,189.0,13.666666666666666,0.21354166666666666,45468.909765170494,50139.90905911161,-0.09062180469659009,0.0027981811822321845,-0.09341998587882228,-0.10027461119317649,-2.0251260617243068,0.1548736267713816,1.0,3.0,2021Q3,2021-06-30,2021-07-01,2021-09-30,holding,
confirmed_hold_2d,confirmed,2.0,1.0,64,64,96.0,93.0,11.666666666666668,0.18229166666666669,45064.60939970811,50139.90905911161,-0.09870781200583778,0.0027981811822321845,-0.10150599318806997,-0.11027405957243985,-2.251551216022854,0.1548736267713816,2.0,3.0,2021Q3,2021-06-30,2021-07-01,2021-09-30,holding,
confirmed_hold_3d,confirmed,3.0,1.0,64,64,66.0,63.0,11.666666666666666,0.18229166666666666,45351.10551016941,50139.90905911161,-0.09297788979661181,0.0027981811822321845,-0.095776070978844,-0.10245932535938618,-2.013319322037964,0.1548736267713816,3.0,3.0,2021Q3,2021-06-30,2021-07-01,2021-09-30,holding,
confirmed_hold_5d,confirmed,5.0,1.0,64,64,39.0,36.0,8.333333333333332,0.13020833333333331,45180.03012841865,50139.90905911161,-0.09639939743162695,0.0027981811822321845,-0.09919757861385914,-0.12816421422733693,-1.9948346477736223,0.1548736267713816,5.0,3.0,2021Q3,2021-06-30,2021-07-01,2021-09-30,holding,
confirmed_hold_10d,confirmed,10.0,1.0,64,64,21.0,18.0,7.0,0.109375,48121.338781036415,50139.90905911161,-0.037573224379271686,0.0027981811822321845,-0.04037140556150387,-0.0836475450587506,-0.7364762432852685,0.1548736267713816,10.0,3.0,2021Q3,2021-06-30,2021-07-01,2021-09-30,holding,
confirmed_signal_exit_max10,confirmed,10.0,2.0,64,64,21.0,18.0,8.333333333333332,0.13020833333333331,46396.09504795756,50139.90905911161,-0.07207809904084872,0.0027981811822321845,-0.0748762802230809,-0.08398608467739488,-1.5410274947597566,0.1548736267713816,9.555555555555555,3.0,2021Q3,2021-06-30,2021-07-01,2021-09-30,holding,
confirmed_market_exposure_hold_5d,confirmed,5.0,1.0,64,64,39.0,36.0,10.133333333333333,0.15833333333333333,44924.31165535668,50139.90905911161,-0.1015137668928664,0.0027981811822321845,-0.10431194807509858,-0.13164957472887173,-2.129229975457128,0.1548736267713816,5.0,3.0,2021Q3,2021-06-30,2021-07-01,2021-09-30,holding,
confirmed_market_exposure_hold_10d,confirmed,10.0,1.0,64,64,21.0,18.0,8.8,0.1375,47714.588978097854,50139.90905911161,-0.0457082204380429,0.0027981811822321845,-0.048506401620275086,-0.0898741530019227,-0.9313125382423544,0.1548736267713816,10.0,3.0,2021Q3,2021-06-30,2021-07-01,2021-09-30,holding,
confirmed_rel_rank_hold_5d,confirmed_rel_rank,5.0,1.0,64,64,39.0,36.0,20.333333333333332,0.3177083333333333,47590.7985037937,50139.90905911161,-0.04818402992412596,0.0027981811822321845,-0.050982211106358144,-0.08545464074170428,-0.9411629218577987,0.1548736267713816,5.0,3.0,2021Q3,2021-06-30,2021-07-01,2021-09-30,holding,
confirmed_rel_rank_market_hold_5d,confirmed_rel_rank,5.0,1.0,64,64,39.0,36.0,22.133333333333333,0.3458333333333333,47487.00645781769,50139.90905911161,-0.05025987084364625,0.0027981811822321845,-0.05305805202587843,-0.08744919718873922,-1.0317332323113346,0.1548736267713816,5.0,3.0,2021Q3,2021-06-30,2021-07-01,2021-09-30,holding,
confirmed_relative_guard_hold_5d,confirmed_relative_guard,5.0,1.0,64,64,39.0,36.0,22.133333333333333,0.3458333333333333,45176.05945370699,50139.90905911161,-0.09647881092586019,0.0027981811822321845,-0.09927699210809238,-0.15101516861955655,-2.320390640619901,0.1548736267713816,5.0,3.0,2021Q3,2021-06-30,2021-07-01,2021-09-30,holding,
confirmed_relative_guard_exit_max10,confirmed_relative_guard,10.0,2.0,64,64,47.0,44.0,30.199999999999996,0.47187499999999993,44167.185073555054,50139.90905911161,-0.11665629852889892,0.0027981811822321845,-0.1194544797111311,-0.14687799265642676,-2.7252866511220804,0.1548736267713816,4.204545454545454,3.0,2021Q3,2021-06-30,2021-07-01,2021-09-30,holding,
confirmed_strong_relative_guard_hold_5d,confirmed_strong_relative_guard,5.0,1.0,64,64,39.0,36.0,22.8,0.35625,45885.105278505005,50139.90905911161,-0.08229789442989988,0.0027981811822321845,-0.08509607561213206,-0.12850907415710988,-2.1407024359315523,0.1548736267713816,5.0,3.0,2021Q3,2021-06-30,2021-07-01,2021-09-30,holding,
spy_fused_rebalance_daily,algo_fused_spy_gated,1.0,1.0,64,58,174.0,174.0,15.333333333333332,0.23958333333333331,45968.4833659451,50139.90905911161,-0.08063033268109798,0.0027981811822321845,-0.08342851386333017,-0.09645004447704009,-1.8467344751579347,0.1548736267713816,1.0,0.0,2021Q3,2021-06-30,2021-07-01,2021-09-30,holding,
spy_fused_hold_3d,algo_fused_spy_gated,3.0,1.0,64,60,60.0,60.0,13.333333333333332,0.20833333333333331,44711.05133344365,50139.90905911161,-0.10577897333112707,0.0027981811822321845,-0.10857715451335925,-0.11512659446170526,-2.3366892334268066,0.1548736267713816,3.0,0.0,2021Q3,2021-06-30,2021-07-01,2021-09-30,holding,
spy_fused_hold_5d,algo_fused_spy_gated,5.0,1.0,64,64,39.0,36.0,8.333333333333332,0.13020833333333331,45180.03012841865,50139.90905911161,-0.09639939743162695,0.0027981811822321845,-0.09919757861385914,-0.12816421422733693,-1.9948346477736223,0.1548736267713816,5.0,3.0,2021Q3,2021-06-30,2021-07-01,2021-09-30,holding,
spy_fused_rank_exit_max10,algo_fused_spy_gated,10.0,2.0,64,59,28.0,28.0,14.0,0.21875,44927.742353361595,50139.90905911161,-0.10144515293276812,0.0027981811822321845,-0.10424333411500031,-0.11083807708119497,-2.398139518143817,0.1548736267713816,6.25,0.0,2021Q3,2021-06-30,2021-07-01,2021-09-30,holding,
relative_momentum_hold_3d,relative_momentum,3.0,1.0,64,64,66.0,63.0,29.0,0.453125,43396.47407105317,50139.90905911161,-0.1320705185789366,0.0027981811822321845,-0.13486869976116878,-0.159377877979463,-2.409206488007947,0.1548736267713816,3.0,3.0,2021Q3,2021-06-30,2021-07-01,2021-09-30,holding,
relative_momentum_hold_5d,relative_momentum,5.0,1.0,64,64,39.0,36.0,20.333333333333332,0.3177083333333333,46808.36901569617,50139.90905911161,-0.06383261968607667,0.0027981811822321845,-0.06663080086830886,-0.1332776230666285,-0.9176022203210603,0.1548736267713816,5.0,3.0,2021Q3,2021-06-30,2021-07-01,2021-09-30,holding,
relative_momentum_exit_max10,relative_momentum_spy_gated,10.0,2.0,64,58,30.0,30.0,18.666666666666664,0.29166666666666663,48403.056739817686,50139.90905911161,-0.031938865203646305,0.0027981811822321845,-0.03473704638587849,-0.07935058975171594,-0.5303741790869748,0.1548736267713816,5.8,0.0,2021Q3,2021-06-30,2021-07-01,2021-09-30,holding,
relative_momentum_volume_shape_exit_max10,relative_momentum_volume_shape_spy_gated,10.0,2.0,64,58,30.0,30.0,20.0,0.3125,46293.19468562672,50139.90905911161,-0.0741361062874657,0.0027981811822321845,-0.07693428746969788,-0.09518170364722234,-1.5039721838506082,0.1548736267713816,5.8,0.0,2021Q3,2021-06-30,2021-07-01,2021-09-30,holding,
trend_quality_hold_3d,trend_quality,3.0,1.0,64,64,66.0,63.0,32.33333333333333,0.5052083333333333,47133.62411826892,50139.90905911161,-0.05732751763462163,0.0027981811822321845,-0.06012569881685381,-0.11743366162550417,-1.0026106275926034,0.1548736267713816,3.0,3.0,2021Q3,2021-06-30,2021-07-01,2021-09-30,holding,
trend_quality_hold_5d,trend_quality,5.0,1.0,64,64,39.0,36.0,23.0,0.359375,48387.4997833148,50139.90905911161,-0.03225000433370395,0.0027981811822321845,-0.03504818551593614,-0.09494899855986827,-0.48108062262156615,0.1548736267713816,5.0,3.0,2021Q3,2021-06-30,2021-07-01,2021-09-30,holding,
trend_quality_volume_shape_hold_3d,trend_quality_volume_shape,3.0,1.0,64,64,66.0,63.0,33.666666666666664,0.5260416666666666,46339.53249156598,50139.90905911161,-0.07320935016868035,0.0027981811822321845,-0.07600753135091254,-0.10181965663517256,-1.2454736873273675,0.1548736267713816,3.0,3.0,2021Q3,2021-06-30,2021-07-01,2021-09-30,holding,
trend_quality_avoid_failed_gap_hold_3d,trend_quality_avoid_failed_gap,3.0,1.0,64,64,66.0,63.0,32.33333333333333,0.5052083333333333,47133.62411826892,50139.90905911161,-0.05732751763462163,0.0027981811822321845,-0.06012569881685381,-0.11743366162550417,-1.0026106275926034,0.1548736267713816,3.0,3.0,2021Q3,2021-06-30,2021-07-01,2021-09-30,holding,
trend_quality_avoid_failed_gap_volume_shape_hold_3d,trend_quality_avoid_failed_gap_volume_shape,3.0,1.0,64,64,66.0,63.0,33.666666666666664,0.5260416666666666,46339.53249156598,50139.90905911161,-0.07320935016868035,0.0027981811822321845,-0.07600753135091254,-0.10181965663517256,-1.2454736873273675,0.1548736267713816,3.0,3.0,2021Q3,2021-06-30,2021-07-01,2021-09-30,holding,
gap_resistance_hold_1d,gap_resistance,1.0,1.0,64,27,36.0,36.0,54.0,0.84375,45206.1157291684,50139.90905911161,-0.095877685416632,0.0027981811822321845,-0.09867586659886418,-0.15655874634647682,-2.281300225721721,0.1548736267713816,1.0,0.0,2021Q3,2021-06-30,2021-07-01,2021-09-30,holding,
gap_resistance_hold_3d,gap_resistance,3.0,1.0,64,48,27.0,27.0,40.66666666666667,0.6354166666666667,53178.75419378055,50139.90905911161,0.06357508387561106,0.0027981811822321845,0.060776902693378876,-0.08210192864978827,1.4060488040724213,0.1548736267713816,3.0,0.0,2021Q3,2021-06-30,2021-07-01,2021-09-30,holding,
gap_resistance_50_hold_3d,gap_resistance_50,3.0,1.0,64,40,23.0,23.0,32.66666666666667,0.5104166666666667,52408.37493606169,50139.90905911161,0.04816749872123394,0.0027981811822321845,0.04536931753900175,-0.09213330049610124,1.3655826603339287,0.1548736267713816,3.0,0.0,2021Q3,2021-06-30,2021-07-01,2021-09-30,holding,
trend_quality_gap_resistance_hold_3d,trend_quality_gap_resistance,3.0,1.0,64,46,26.0,26.0,37.333333333333336,0.5833333333333334,54679.92563069236,50139.90905911161,0.09359851261384722,0.0027981811822321845,0.09080033143161503,-0.06119098197434858,2.1148626563861685,0.1548736267713816,3.0,0.0,2021Q3,2021-06-30,2021-07-01,2021-09-30,holding,
breakout_quality_hold_3d,breakout_quality,3.0,1.0,64,64,66.0,63.0,37.666666666666664,0.5885416666666666,47409.73702202314,50139.90905911161,-0.05180525955953719,0.0027981811822321845,-0.05460344074176937,-0.08229850102181346,-0.918478505355515,0.1548736267713816,3.0,3.0,2021Q3,2021-06-30,2021-07-01,2021-09-30,holding,
defensive_trend_hold_5d,defensive_trend,5.0,1.0,64,64,39.0,36.0,20.333333333333332,0.3177083333333333,46233.32640145838,50139.90905911161,-0.07533347197083251,0.0027981811822321845,-0.0781316531530647,-0.13654218534480256,-1.411996549895246,0.1548736267713816,5.0,3.0,2021Q3,2021-06-30,2021-07-01,2021-09-30,holding,
hybrid_markov_trend_hold_3d,hybrid_markov_trend,3.0,1.0,64,64,66.0,63.0,31.666666666666664,0.49479166666666663,45653.3883982846,50139.90905911161,-0.086932232034308,0.0027981811822321845,-0.08973041321654018,-0.15177218689283223,-1.626095032119438,0.1548736267713816,3.0,3.0,2021Q3,2021-06-30,2021-07-01,2021-09-30,holding,
hybrid_markov_trend_hold_5d,hybrid_markov_trend_spy_gated,5.0,1.0,64,64,39.0,36.0,21.0,0.328125,48135.51942325401,50139.90905911161,-0.03728961153491983,0.0027981811822321845,-0.040087792717152015,-0.12304612499910406,-0.7651090998369506,0.1548736267713816,5.0,3.0,2021Q3,2021-06-30,2021-07-01,2021-09-30,holding,
hybrid_markov_trend_exit_max10,hybrid_markov_trend_spy_gated,10.0,2.0,64,58,36.0,36.0,22.0,0.34375,49839.73441522566,50139.90905911161,-0.0032053116954867678,0.0027981811822321845,-0.006003492877718952,-0.09333123358621143,0.020902149837017662,0.1548736267713816,4.833333333333333,0.0,2021Q3,2021-06-30,2021-07-01,2021-09-30,holding,
markov_daily_manual,,,,64,64,,,,,,,-0.13134967047816792,0.0027981811822321845,-0.1341478516604001,-0.1400896231439931,-3.0428412609389244,0.1548736267713816,,,2021Q3,2021-06-30,2021-07-01,2021-09-30,markov_daily,192.0
markov_daily_confirmed,,,,64,64,,,,,,,-0.13134967047816792,0.0027981811822321845,-0.1341478516604001,-0.1400896231439931,-3.0428412609389244,0.1548736267713816,,,2021Q3,2021-06-30,2021-07-01,2021-09-30,markov_daily,192.0
markov_daily_spy_gated,,,,64,58,,,,,,,-0.0997170912577654,0.0027981811822321845,-0.10251527243999758,-0.10877531611631097,-2.425304748006134,0.1548736267713816,,,2021Q3,2021-06-30,2021-07-01,2021-09-30,markov_daily,174.0
markov_daily_confirmed_spy_gated,,,,64,58,,,,,,,-0.0997170912577654,0.0027981811822321845,-0.10251527243999758,-0.10877531611631097,-2.425304748006134,0.1548736267713816,,,2021Q3,2021-06-30,2021-07-01,2021-09-30,markov_daily,174.0
markov_daily_algo_fused_spy_gated,,,,64,58,,,,,,,-0.11698694869751791,0.0027981811822321845,-0.1197851298797501,-0.12587141234117738,-2.767356762270413,0.1548736267713816,,,2021Q3,2021-06-30,2021-07-01,2021-09-30,markov_daily,174.0
confirmed_rebalance_daily,confirmed,1.0,1.0,66,66,198.0,195.0,15.666666666666664,0.23737373737373735,55902.592238915044,55243.576328333875,0.11805184477830077,0.10487152656667753,0.013180318211623243,-0.044032339367495954,2.7697375387606717,2.8514632996885503,1.0,3.0,2021Q4,2021-09-30,2021-10-01,2021-12-31,holding,
confirmed_hold_2d,confirmed,2.0,1.0,66,66,101.0,98.0,14.333333333333332,0.21717171717171715,55387.48709419621,55243.576328333875,0.10774974188392417,0.10487152656667753,0.002878215317246635,-0.05662754013949345,2.3946842630928376,2.8514632996885503,1.9591836734693877,3.0,2021Q4,2021-09-30,2021-10-01,2021-12-31,holding,
confirmed_hold_3d,confirmed,3.0,1.0,66,66,66.0,63.0,12.333333333333332,0.18686868686868685,54898.834019118476,55243.576328333875,0.09797668038236962,0.10487152656667753,-0.006894846184307912,-0.05634638926202595,2.284547469133425,2.8514632996885503,3.0,3.0,2021Q4,2021-09-30,2021-10-01,2021-12-31,holding,
confirmed_hold_5d,confirmed,5.0,1.0,66,66,44.0,41.0,11.666666666666666,0.17676767676767677,54999.57583860279,55243.576328333875,0.09999151677205576,0.10487152656667753,-0.004880009794621776,-0.04649935777332115,2.2350564960888812,2.8514632996885503,4.7560975609756095,3.0,2021Q4,2021-09-30,2021-10-01,2021-12-31,holding,
confirmed_hold_10d,confirmed,10.0,1.0,66,66,23.0,20.0,9.0,0.13636363636363635,55263.80290776328,55243.576328333875,0.10527605815526564,0.10487152656667753,0.00040453158858810845,-0.04649935777332104,2.317117587609887,2.8514632996885503,9.0,3.0,2021Q4,2021-09-30,2021-10-01,2021-12-31,holding,
confirmed_signal_exit_max10,confirmed,10.0,2.0,66,66,24.0,21.0,9.0,0.13636363636363635,54741.914316244874,55243.576328333875,0.09483828632489755,0.10487152656667753,-0.010033240241779984,-0.046499357773320926,2.092862644236058,2.8514632996885503,8.571428571428571,3.0,2021Q4,2021-09-30,2021-10-01,2021-12-31,holding,
confirmed_market_exposure_hold_5d,confirmed,5.0,1.0,66,66,44.0,41.0,13.166666666666666,0.19949494949494948,53770.9289241804,55243.576328333875,0.07541857848360789,0.10487152656667753,-0.02945294808306964,-0.06091118111058336,1.8875864628387418,2.8514632996885503,4.7560975609756095,3.0,2021Q4,2021-09-30,2021-10-01,2021-12-31,holding,
confirmed_market_exposure_hold_10d,confirmed,10.0,1.0,66,66,23.0,20.0,11.3,0.17121212121212123,54602.2031374976,55243.576328333875,0.09204406274995192,0.10487152656667753,-0.012827463816725615,-0.04957326087747327,2.31918056336014,2.8514632996885503,9.0,3.0,2021Q4,2021-09-30,2021-10-01,2021-12-31,holding,
confirmed_rel_rank_hold_5d,confirmed_rel_rank,5.0,1.0,66,66,45.0,42.0,23.0,0.3484848484848485,49895.620667412084,55243.576328333875,-0.002087586651758344,0.10487152656667753,-0.10695911321843588,-0.05459574162403602,0.05079558864293685,2.8514632996885503,4.619047619047619,3.0,2021Q4,2021-09-30,2021-10-01,2021-12-31,holding,
confirmed_rel_rank_market_hold_5d,confirmed_rel_rank,5.0,1.0,66,66,45.0,42.0,23.866666666666667,0.3616161616161616,50111.5734912115,55243.576328333875,0.002231469824230059,0.10487152656667753,-0.10264005674244747,-0.05459574162403591,0.13396324728890024,2.8514632996885503,4.619047619047619,3.0,2021Q4,2021-09-30,2021-10-01,2021-12-31,holding,
confirmed_relative_guard_hold_5d,confirmed_relative_guard,5.0,1.0,66,66,45.0,43.0,25.46666666666666,0.3858585858585858,50393.17799571506,55243.576328333875,0.0078635599143011,0.10487152656667753,-0.09700796665237643,-0.09874451451256538,0.2484826506808401,2.8514632996885503,4.488372093023256,2.0,2021Q4,2021-09-30,2021-10-01,2021-12-31,holding,
confirmed_relative_guard_exit_max10,confirmed_relative_guard,10.0,2.0,66,66,46.0,45.0,28.96666666666667,0.43888888888888894,53561.80719967614,55243.576328333875,0.07123614399352296,0.10487152656667753,-0.03363538257315457,-0.08503170834292395,1.2949072459323652,2.8514632996885503,4.288888888888889,1.0,2021Q4,2021-09-30,2021-10-01,2021-12-31,holding,
confirmed_strong_relative_guard_hold_5d,confirmed_strong_relative_guard,5.0,1.0,66,66,45.0,43.0,24.799999999999997,0.37575757575757573,55695.30977227944,55243.576328333875,0.11390619544558889,0.10487152656667753,0.009034668878911356,-0.051488088338146,2.195462552665752,2.8514632996885503,4.488372093023256,2.0,2021Q4,2021-09-30,2021-10-01,2021-12-31,holding,
spy_fused_rebalance_daily,algo_fused_spy_gated,1.0,1.0,66,43,129.0,126.0,14.999999999999998,0.22727272727272724,51743.28531713268,55243.576328333875,0.034865706342653624,0.10487152656667753,-0.0700058202240239,-0.07180446833731224,1.1430432605336716,2.8514632996885503,1.0,3.0,2021Q4,2021-09-30,2021-10-01,2021-12-31,holding,
spy_fused_hold_3d,algo_fused_spy_gated,3.0,1.0,66,46,47.0,44.0,12.333333333333334,0.18686868686868688,51297.99076979606,55243.576328333875,0.02595981539592107,0.10487152656667753,-0.07891171117075646,-0.0830100486974007,0.766238758460056,2.8514632996885503,2.909090909090909,3.0,2021Q4,2021-09-30,2021-10-01,2021-12-31,holding,
spy_fused_hold_5d,algo_fused_spy_gated,5.0,1.0,66,45,28.0,25.0,7.666666666666667,0.11616161616161616,51450.71672605819,55243.576328333875,0.029014334521163754,0.10487152656667753,-0.07585719204551378,-0.08091449903536718,0.9136381899832318,2.8514632996885503,4.96,3.0,2021Q4,2021-09-30,2021-10-01,2021-12-31,holding,
spy_fused_rank_exit_max10,algo_fused_spy_gated,10.0,2.0,66,44,23.0,20.0,9.666666666666666,0.14646464646464646,50297.3666883658,55243.576328333875,0.005947333767315932,0.10487152656667753,-0.0989241927993616,-0.10359147882924336,0.2372531989692181,2.8514632996885503,5.75,3.0,2021Q4,2021-09-30,2021-10-01,2021-12-31,holding,
relative_momentum_hold_3d,relative_momentum,3.0,1.0,66,66,68.0,65.0,32.333333333333336,0.48989898989898994,59068.43664440502,55243.576328333875,0.1813687328881004,0.10487152656667753,0.07649720632142287,-0.06968268612483886,2.472620077245804,2.8514632996885503,2.923076923076923,3.0,2021Q4,2021-09-30,2021-10-01,2021-12-31,holding,
relative_momentum_hold_5d,relative_momentum,5.0,1.0,66,66,43.0,40.0,25.666666666666668,0.3888888888888889,55162.10497805513,55243.576328333875,0.10324209956110275,0.10487152656667753,-0.0016294270055747795,-0.12975975481316848,1.6199149015671126,2.8514632996885503,4.675,3.0,2021Q4,2021-09-30,2021-10-01,2021-12-31,holding,
relative_momentum_exit_max10,relative_momentum_spy_gated,10.0,2.0,66,44,24.0,21.0,14.333333333333332,0.21717171717171715,46461.45820480614,55243.576328333875,-0.07077083590387712,0.10487152656667753,-0.17564236247055465,-0.13218580084037523,-1.2866668217065633,2.8514632996885503,6.095238095238095,3.0,2021Q4,2021-09-30,2021-10-01,2021-12-31,holding,
relative_momentum_volume_shape_exit_max10,relative_momentum_volume_shape_spy_gated,10.0,2.0,66,44,23.0,20.0,14.333333333333332,0.21717171717171715,47916.55405482406,55243.576328333875,-0.04166891890351876,0.10487152656667753,-0.1465404454701963,-0.12433339455798809,-0.6895517965988313,2.8514632996885503,6.0,3.0,2021Q4,2021-09-30,2021-10-01,2021-12-31,holding,
trend_quality_hold_3d,trend_quality,3.0,1.0,66,66,68.0,65.0,35.666666666666664,0.5404040404040403,56794.54422074868,55243.576328333875,0.13589088441497355,0.10487152656667753,0.031019357848296014,-0.07582430819165731,1.9555087427940516,2.8514632996885503,2.923076923076923,3.0,2021Q4,2021-09-30,2021-10-01,2021-12-31,holding,
trend_quality_hold_5d,trend_quality,5.0,1.0,66,66,43.0,40.0,25.666666666666668,0.3888888888888889,60445.82373717713,55243.576328333875,0.20891647474354258,0.10487152656667753,0.10404494817686505,-0.06058989458646036,3.1908435846865912,2.8514632996885503,4.75,3.0,2021Q4,2021-09-30,2021-10-01,2021-12-31,holding,
trend_quality_volume_shape_hold_3d,trend_quality_volume_shape,3.0,1.0,66,66,68.0,65.0,35.666666666666664,0.5404040404040403,58288.95063094757,55243.576328333875,0.16577901261895134,0.10487152656667753,0.06090748605227381,-0.08050999244801738,2.2630992714052574,2.8514632996885503,2.923076923076923,3.0,2021Q4,2021-09-30,2021-10-01,2021-12-31,holding,
trend_quality_avoid_failed_gap_hold_3d,trend_quality_avoid_failed_gap,3.0,1.0,66,66,68.0,65.0,35.666666666666664,0.5404040404040403,56794.54422074868,55243.576328333875,0.13589088441497355,0.10487152656667753,0.031019357848296014,-0.07582430819165731,1.9555087427940516,2.8514632996885503,2.923076923076923,3.0,2021Q4,2021-09-30,2021-10-01,2021-12-31,holding,
trend_quality_avoid_failed_gap_volume_shape_hold_3d,trend_quality_avoid_failed_gap_volume_shape,3.0,1.0,66,66,68.0,65.0,36.33333333333333,0.5505050505050504,57427.21500718904,55243.576328333875,0.14854430014378095,0.10487152656667753,0.04367277357710342,-0.08050999244801704,2.0913141325139906,2.8514632996885503,2.923076923076923,3.0,2021Q4,2021-09-30,2021-10-01,2021-12-31,holding,
gap_resistance_hold_1d,gap_resistance,1.0,1.0,66,33,52.0,52.0,63.33333333333333,0.9595959595959596,32375.214159778945,55243.576328333875,-0.35249571680442104,0.10487152656667753,-0.4573672433710986,-0.35558455258666033,-4.329028273967392,2.8514632996885503,1.0,0.0,2021Q4,2021-09-30,2021-10-01,2021-12-31,holding,
gap_resistance_hold_3d,gap_resistance,3.0,1.0,66,55,38.0,37.0,44.0,0.6666666666666666,40102.43688971027,55243.576328333875,-0.19795126220579462,0.10487152656667753,-0.30282278877247215,-0.22618697812619104,-1.917078844853917,2.8514632996885503,2.891891891891892,1.0,2021Q4,2021-09-30,2021-10-01,2021-12-31,holding,
gap_resistance_50_hold_3d,gap_resistance_50,3.0,1.0,66,48,27.0,26.0,36.0,0.5454545454545454,47646.22968758183,55243.576328333875,-0.04707540624836348,0.10487152656667753,-0.151946932815041,-0.12119400879351916,-0.4834476224005819,2.8514632996885503,2.923076923076923,1.0,2021Q4,2021-09-30,2021-10-01,2021-12-31,holding,
trend_quality_gap_resistance_hold_3d,trend_quality_gap_resistance,3.0,1.0,66,53,36.0,35.0,41.66666666666667,0.6313131313131314,45647.99341578186,55243.576328333875,-0.08704013168436286,0.10487152656667753,-0.1919116582510404,-0.1325361935044812,-1.1364322543496757,2.8514632996885503,2.942857142857143,1.0,2021Q4,2021-09-30,2021-10-01,2021-12-31,holding,
breakout_quality_hold_3d,breakout_quality,3.0,1.0,66,66,67.0,64.0,36.33333333333333,0.5505050505050504,55508.41695491634,55243.576328333875,0.1101683390983268,0.10487152656667753,0.005296812531649264,-0.0779969185754591,1.955679339912761,2.8514632996885503,2.96875,3.0,2021Q4,2021-09-30,2021-10-01,2021-12-31,holding,
defensive_trend_hold_5d,defensive_trend,5.0,1.0,66,66,43.0,40.0,23.666666666666668,0.3585858585858586,55360.32732160122,55243.576328333875,0.10720654643202443,0.10487152656667753,0.002335019865346899,-0.0654280369692628,1.9326417299450884,2.8514632996885503,4.675,3.0,2021Q4,2021-09-30,2021-10-01,2021-12-31,holding,
hybrid_markov_trend_hold_3d,hybrid_markov_trend,3.0,1.0,66,66,68.0,65.0,29.66666666666666,0.4494949494949494,58015.607517494944,55243.576328333875,0.16031215034989899,0.10487152656667753,0.055440623783221454,-0.06699385648905476,2.262580854289875,2.8514632996885503,2.9384615384615387,3.0,2021Q4,2021-09-30,2021-10-01,2021-12-31,holding,
hybrid_markov_trend_hold_5d,hybrid_markov_trend_spy_gated,5.0,1.0,66,48,30.0,27.0,19.666666666666668,0.297979797979798,44976.57698920848,55243.576328333875,-0.10046846021583045,0.10487152656667753,-0.20533998678250798,-0.17809819812956396,-1.6106144744194564,2.8514632996885503,4.777777777777778,3.0,2021Q4,2021-09-30,2021-10-01,2021-12-31,holding,
hybrid_markov_trend_exit_max10,hybrid_markov_trend_spy_gated,10.0,2.0,66,44,29.0,26.0,18.333333333333332,0.27777777777777773,44745.89662368527,55243.576328333875,-0.10508206752629456,0.10487152656667753,-0.2099535940929721,-0.1745685593167302,-1.7761441478815405,2.8514632996885503,4.846153846153846,3.0,2021Q4,2021-09-30,2021-10-01,2021-12-31,holding,
markov_daily_manual,,,,66,66,,,,,,,0.06632219164436415,0.10487152656667753,-0.03854933492231338,-0.04533489158190962,1.6268816940961985,2.8514632996885503,,,2021Q4,2021-09-30,2021-10-01,2021-12-31,markov_daily,198.0
markov_daily_confirmed,,,,66,66,,,,,,,0.06728534396491548,0.10487152656667753,-0.03758618260176205,-0.04533489158190962,1.6492085803249525,2.8514632996885503,,,2021Q4,2021-09-30,2021-10-01,2021-12-31,markov_daily,198.0
markov_daily_spy_gated,,,,66,43,,,,,,,0.005918792999328293,0.10487152656667753,-0.09895273356734924,-0.07529922461638294,0.2469309705888502,2.8514632996885503,,,2021Q4,2021-09-30,2021-10-01,2021-12-31,markov_daily,129.0
markov_daily_confirmed_spy_gated,,,,66,43,,,,,,,0.006827386131268209,0.10487152656667753,-0.09804414043540932,-0.07446399141519366,0.27570616656194175,2.8514632996885503,,,2021Q4,2021-09-30,2021-10-01,2021-12-31,markov_daily,129.0
markov_daily_algo_fused_spy_gated,,,,66,43,,,,,,,0.005918792999328293,0.10487152656667753,-0.09895273356734924,-0.07529922461638294,0.2469309705888502,2.8514632996885503,,,2021Q4,2021-09-30,2021-10-01,2021-12-31,markov_daily,129.0
confirmed_rebalance_daily,confirmed,1.0,1.0,62,62,186.0,183.0,6.333333333333333,0.1021505376344086,53177.674002658714,47690.20309375983,0.0635534800531743,-0.04619593812480338,0.10974941817797768,-0.08737745482753223,1.5352455666543436,-0.8318005792029836,1.0,3.0,2022Q1,2021-12-31,2022-01-01,2022-03-31,holding,
confirmed_hold_2d,confirmed,2.0,1.0,62,62,93.0,90.0,4.333333333333333,0.06989247311827956,53104.956642242476,47690.20309375983,0.06209913284484947,-0.04619593812480338,0.10829507096965285,-0.09983478874785767,1.5176320487824355,-0.8318005792029836,2.0,3.0,2022Q1,2021-12-31,2022-01-01,2022-03-31,holding,
confirmed_hold_3d,confirmed,3.0,1.0,62,62,63.0,60.0,5.0,0.08064516129032258,55738.50472241998,47690.20309375983,0.11477009444839958,-0.04619593812480338,0.16096603257320297,-0.059950401406033804,2.8437191927599472,-0.8318005792029836,3.0,3.0,2022Q1,2021-12-31,2022-01-01,2022-03-31,holding,
confirmed_hold_5d,confirmed,5.0,1.0,62,62,39.0,36.0,4.333333333333333,0.06989247311827956,54775.33093662193,47690.20309375983,0.09550661873243871,-0.04619593812480338,0.1417025568572421,-0.09983478874785767,2.277211421158625,-0.8318005792029836,5.0,3.0,2022Q1,2021-12-31,2022-01-01,2022-03-31,holding,
confirmed_hold_10d,confirmed,10.0,1.0,62,62,21.0,18.0,4.333333333333333,0.06989247311827956,54775.33093662193,47690.20309375983,0.09550661873243871,-0.04619593812480338,0.1417025568572421,-0.09983478874785767,2.277211421158625,-0.8318005792029836,10.0,3.0,2022Q1,2021-12-31,2022-01-01,2022-03-31,holding,
confirmed_signal_exit_max10,confirmed,10.0,2.0,62,62,22.0,19.0,4.333333333333333,0.06989247311827956,54528.89737465617,47690.20309375983,0.09057794749312342,-0.04619593812480338,0.1367738856179268,-0.09466974696409824,2.185382810202337,-0.8318005792029836,9.263157894736842,3.0,2022Q1,2021-12-31,2022-01-01,2022-03-31,holding,
confirmed_market_exposure_hold_5d,confirmed,5.0,1.0,62,62,39.0,36.0,7.3,0.11774193548387096,51625.93195467738,47690.20309375983,0.03251863909354746,-0.04619593812480338,0.07871457721835085,-0.0709864691585238,1.2184801216731325,-0.8318005792029836,5.0,3.0,2022Q1,2021-12-31,2022-01-01,2022-03-31,holding,
confirmed_market_exposure_hold_10d,confirmed,10.0,1.0,62,62,21.0,18.0,7.3,0.11774193548387096,51625.93195467738,47690.20309375983,0.03251863909354746,-0.04619593812480338,0.07871457721835085,-0.0709864691585238,1.2184801216731325,-0.8318005792029836,10.0,3.0,2022Q1,2021-12-31,2022-01-01,2022-03-31,holding,
confirmed_rel_rank_hold_5d,confirmed_rel_rank,5.0,1.0,62,62,39.0,36.0,15.0,0.24193548387096775,48766.835128376704,47690.20309375983,-0.02466329743246587,-0.04619593812480338,0.021532640692337512,-0.08569046210865316,-0.3112550113736873,-0.8318005792029836,5.0,3.0,2022Q1,2021-12-31,2022-01-01,2022-03-31,holding,
confirmed_rel_rank_market_hold_5d,confirmed_rel_rank,5.0,1.0,62,62,39.0,36.0,13.200000000000001,0.21290322580645163,48491.716457532675,47690.20309375983,-0.030165670849346515,-0.04619593812480338,0.016030267275456866,-0.05297726188337892,-0.8856376020103683,-0.8318005792029836,5.0,3.0,2022Q1,2021-12-31,2022-01-01,2022-03-31,holding,
confirmed_relative_guard_hold_5d,confirmed_relative_guard,5.0,1.0,62,62,39.0,36.0,16.166666666666668,0.26075268817204306,50036.36267233203,47690.20309375983,0.0007272534466404856,-0.04619593812480338,0.04692319157144387,-0.07062381588147881,0.09513735290465508,-0.8318005792029836,5.0,3.0,2022Q1,2021-12-31,2022-01-01,2022-03-31,holding,
confirmed_relative_guard_exit_max10,confirmed_relative_guard,10.0,2.0,62,62,40.0,37.0,19.233333333333334,0.3102150537634409,53562.38036365621,47690.20309375983,0.07124760727312407,-0.04619593812480338,0.11744354539792745,-0.03097835817462069,2.1807019787285427,-0.8318005792029836,4.783783783783784,3.0,2022Q1,2021-12-31,2022-01-01,2022-03-31,holding,
confirmed_strong_relative_guard_hold_5d,confirmed_strong_relative_guard,5.0,1.0,62,62,40.0,37.0,17.366666666666667,0.2801075268817204,48366.7168159346,47690.20309375983,-0.03266566368130808,-0.04619593812480338,0.013530274443495305,-0.07062381588147881,-0.8586661404973717,-0.8318005792029836,4.783783783783784,3.0,2022Q1,2021-12-31,2022-01-01,2022-03-31,holding,
spy_fused_rebalance_daily,algo_fused_spy_gated,1.0,1.0,62,9,27.0,27.0,2.0,0.03225806451612903,49141.858671981696,47690.20309375983,-0.01716282656036605,-0.04619593812480338,0.02903311156443733,-0.03334929864237379,-1.0526499283166846,-0.8318005792029836,1.0,0.0,2022Q1,2021-12-31,2022-01-01,2022-03-31,holding,
spy_fused_hold_3d,algo_fused_spy_gated,3.0,1.0,62,9,9.0,9.0,2.0,0.03225806451612903,49141.858671981696,47690.20309375983,-0.01716282656036605,-0.04619593812480338,0.02903311156443733,-0.03334929864237379,-1.0526499283166846,-0.8318005792029836,3.0,0.0,2022Q1,2021-12-31,2022-01-01,2022-03-31,holding,
spy_fused_hold_5d,algo_fused_spy_gated,5.0,1.0,62,10,6.0,6.0,2.0,0.03225806451612903,48590.822952857525,47690.20309375983,-0.028183540942849472,-0.04619593812480338,0.01801239718195391,-0.03932063954088294,-1.661949582254677,-0.8318005792029836,5.0,0.0,2022Q1,2021-12-31,2022-01-01,2022-03-31,holding,
spy_fused_rank_exit_max10,algo_fused_spy_gated,10.0,2.0,62,9,3.0,3.0,2.0,0.03225806451612903,49141.858671981696,47690.20309375983,-0.01716282656036605,-0.04619593812480338,0.02903311156443733,-0.03334929864237379,-1.0526499283166846,-0.8318005792029836,9.0,0.0,2022Q1,2021-12-31,2022-01-01,2022-03-31,holding,
relative_momentum_hold_3d,relative_momentum,3.0,1.0,62,62,64.0,61.0,31.666666666666668,0.510752688172043,46840.792889523254,47690.20309375983,-0.06318414220953494,-0.04619593812480338,-0.016988204084731562,-0.11170180931648022,-0.9755645330823448,-0.8318005792029836,2.9672131147540983,3.0,2022Q1,2021-12-31,2022-01-01,2022-03-31,holding,
relative_momentum_hold_5d,relative_momentum,5.0,1.0,62,62,40.0,37.0,21.000000000000004,0.33870967741935487,46859.39848127659,47690.20309375983,-0.06281203037446814,-0.04619593812480338,-0.01661609224966476,-0.14084427221169116,-0.926268454531524,-0.8318005792029836,4.837837837837838,3.0,2022Q1,2021-12-31,2022-01-01,2022-03-31,holding,
relative_momentum_exit_max10,relative_momentum_spy_gated,10.0,2.0,62,9,5.0,5.0,3.333333333333333,0.05376344086021505,49851.93589285576,47690.20309375983,-0.0029612821428847136,-0.04619593812480338,0.04323465598191867,-0.028352379898826996,-0.15918635915911494,-0.8318005792029836,5.4,0.0,2022Q1,2021-12-31,2022-01-01,2022-03-31,holding,
relative_momentum_volume_shape_exit_max10,relative_momentum_volume_shape_spy_gated,10.0,2.0,62,10,5.0,5.0,4.666666666666667,0.07526881720430108,51768.452374404565,47690.20309375983,0.03536904748809122,-0.04619593812480338,0.0815649856128946,-0.028352379898826996,1.4316009007557886,-0.8318005792029836,5.6,0.0,2022Q1,2021-12-31,2022-01-01,2022-03-31,holding,
trend_quality_hold_3d,trend_quality,3.0,1.0,62,62,64.0,61.0,30.999999999999996,0.49999999999999994,43729.73202504003,47690.20309375983,-0.1254053594991994,-0.04619593812480338,-0.07920942137439602,-0.15819701470813774,-2.6271304468870427,-0.8318005792029836,2.9672131147540983,3.0,2022Q1,2021-12-31,2022-01-01,2022-03-31,holding,
trend_quality_hold_5d,trend_quality,5.0,1.0,62,62,39.0,36.0,23.0,0.3709677419354839,48227.521252471925,47690.20309375983,-0.03544957495056156,-0.04619593812480338,0.010746363174241824,-0.07138637441078743,-0.626141163565876,-0.8318005792029836,4.944444444444445,3.0,2022Q1,2021-12-31,2022-01-01,2022-03-31,holding,
trend_quality_volume_shape_hold_3d,trend_quality_volume_shape,3.0,1.0,62,62,64.0,61.0,31.000000000000004,0.5000000000000001,44762.97617769959,47690.20309375983,-0.10474047644600826,-0.04619593812480338,-0.058544538321204875,-0.11985119710531134,-2.104578102163836,-0.8318005792029836,2.9672131147540983,3.0,2022Q1,2021-12-31,2022-01-01,2022-03-31,holding,
trend_quality_avoid_failed_gap_hold_3d,trend_quality_avoid_failed_gap,3.0,1.0,62,62,64.0,61.0,31.0,0.5,45170.239105372704,47690.20309375983,-0.09659521789254588,-0.04619593812480338,-0.0503992797677425,-0.13046706749822234,-2.0039522133108605,-0.8318005792029836,2.9672131147540983,3.0,2022Q1,2021-12-31,2022-01-01,2022-03-31,holding,
trend_quality_avoid_failed_gap_volume_shape_hold_3d,trend_quality_avoid_failed_gap_volume_shape,3.0,1.0,62,62,64.0,61.0,31.000000000000004,0.5000000000000001,45122.00776877371,47690.20309375983,-0.09755984462452583,-0.04619593812480338,-0.051363906499722445,-0.10681399571479422,-2.013146000962052,-0.8318005792029836,2.9672131147540983,3.0,2022Q1,2021-12-31,2022-01-01,2022-03-31,holding,
gap_resistance_hold_1d,gap_resistance,1.0,1.0,62,29,44.0,43.0,55.66666666666667,0.8978494623655915,35341.69484905581,47690.20309375983,-0.2931661030188837,-0.04619593812480338,-0.2469701648940803,-0.30123389674381085,-6.231092904001627,-0.8318005792029836,1.0,1.0,2022Q1,2021-12-31,2022-01-01,2022-03-31,holding,
gap_resistance_hold_3d,gap_resistance,3.0,1.0,62,44,32.0,30.0,33.333333333333336,0.5376344086021506,34573.316042538354,47690.20309375983,-0.3085336791492329,-0.04619593812480338,-0.2623377410244295,-0.31211692539503455,-6.154027023441975,-0.8318005792029836,3.0,2.0,2022Q1,2021-12-31,2022-01-01,2022-03-31,holding,
gap_resistance_50_hold_3d,gap_resistance_50,3.0,1.0,62,41,26.0,23.0,29.333333333333332,0.47311827956989244,39089.57588910684,47690.20309375983,-0.21820848221786315,-0.04619593812480338,-0.17201254409305977,-0.22853444695431524,-5.409404371360002,-0.8318005792029836,3.0,3.0,2022Q1,2021-12-31,2022-01-01,2022-03-31,holding,
trend_quality_gap_resistance_hold_3d,trend_quality_gap_resistance,3.0,1.0,62,44,31.0,28.0,32.99999999999999,0.5322580645161289,37024.98279251653,47690.20309375983,-0.2595003441496694,-0.04619593812480338,-0.213304406024866,-0.26515316536336153,-5.104751455658895,-0.8318005792029836,3.0,3.0,2022Q1,2021-12-31,2022-01-01,2022-03-31,holding,
breakout_quality_hold_3d,breakout_quality,3.0,1.0,62,62,63.0,60.0,35.666666666666664,0.575268817204301,42256.04270630707,47690.20309375983,-0.15487914587385865,-0.04619593812480338,-0.10868320774905527,-0.1566527103504748,-3.691467380412026,-0.8318005792029836,3.0,3.0,2022Q1,2021-12-31,2022-01-01,2022-03-31,holding,
defensive_trend_hold_5d,defensive_trend,5.0,1.0,62,62,39.0,36.0,19.0,0.3064516129032258,46756.4883925456,47690.20309375983,-0.06487023214908794,-0.04619593812480338,-0.018674294024284555,-0.1292502078103931,-1.0817173201264076,-0.8318005792029836,5.0,3.0,2022Q1,2021-12-31,2022-01-01,2022-03-31,holding,
hybrid_markov_trend_hold_3d,hybrid_markov_trend,3.0,1.0,62,62,63.0,60.0,25.666666666666664,0.4139784946236559,52999.918625597034,47690.20309375983,0.05999837251194062,-0.04619593812480338,0.106194310636744,-0.04905292972265529,1.1318014631917819,-0.8318005792029836,3.0,3.0,2022Q1,2021-12-31,2022-01-01,2022-03-31,holding,
hybrid_markov_trend_hold_5d,hybrid_markov_trend_spy_gated,5.0,1.0,62,10,6.0,6.0,4.0,0.06451612903225806,50162.018931737744,47690.20309375983,0.0032403786347547925,-0.04619593812480338,0.049436316759558174,-0.03177604308165893,0.18894224844570423,-0.8318005792029836,5.0,0.0,2022Q1,2021-12-31,2022-01-01,2022-03-31,holding,
hybrid_markov_trend_exit_max10,hybrid_markov_trend_spy_gated,10.0,2.0,62,9,6.0,6.0,3.9999999999999996,0.06451612903225806,49417.22637349221,47690.20309375983,-0.011655472530155864,-0.04619593812480338,0.03454046559464752,-0.014455224794584165,-0.7275156175002663,-0.8318005792029836,4.5,0.0,2022Q1,2021-12-31,2022-01-01,2022-03-31,holding,
markov_daily_manual,,,,62,62,,,,,,,0.014686472901293213,-0.04619593812480338,0.060882411026096594,-0.1010621165936274,0.42823319278624633,-0.8318005792029836,,,2022Q1,2021-12-31,2022-01-01,2022-03-31,markov_daily,186.0
markov_daily_confirmed,,,,62,62,,,,,,,0.014686472901293213,-0.04619593812480338,0.060882411026096594,-0.1010621165936274,0.42823319278624633,-0.8318005792029836,,,2022Q1,2021-12-31,2022-01-01,2022-03-31,markov_daily,186.0
markov_daily_spy_gated,,,,62,9,,,,,,,-0.023449587640108183,-0.04619593812480338,0.0227463504846952,-0.036465290758167734,-1.4338583159190355,-0.8318005792029836,,,2022Q1,2021-12-31,2022-01-01,2022-03-31,markov_daily,27.0
markov_daily_confirmed_spy_gated,,,,62,9,,,,,,,-0.023449587640108183,-0.04619593812480338,0.0227463504846952,-0.036465290758167734,-1.4338583159190355,-0.8318005792029836,,,2022Q1,2021-12-31,2022-01-01,2022-03-31,markov_daily,27.0
markov_daily_algo_fused_spy_gated,,,,62,9,,,,,,,-0.023449587640108183,-0.04619593812480338,0.0227463504846952,-0.036465290758167734,-1.4338583159190355,-0.8318005792029836,,,2022Q1,2021-12-31,2022-01-01,2022-03-31,markov_daily,27.0
confirmed_rebalance_daily,confirmed,1.0,1.0,62,62,186.0,183.0,9.666666666666666,0.15591397849462366,49579.20148924859,41633.93645189764,-0.008415970215028157,-0.16732127096204708,0.15890530074701892,-0.10150783761196847,0.013340667023181648,-2.5645616126409854,1.0,3.0,2022Q2,2022-03-31,2022-04-01,2022-06-30,holding,
confirmed_hold_2d,confirmed,2.0,1.0,62,62,93.0,90.0,8.333333333333332,0.13440860215053763,48883.06930154889,41633.93645189764,-0.02233861396902226,-0.16732127096204708,0.14498265699302482,-0.11378985100526595,-0.188912363865977,-2.5645616126409854,2.0,3.0,2022Q2,2022-03-31,2022-04-01,2022-06-30,holding,
confirmed_hold_3d,confirmed,3.0,1.0,62,62,63.0,60.0,6.333333333333333,0.1021505376344086,50554.54218611921,41633.93645189764,0.011090843722384225,-0.16732127096204708,0.1784121146844313,-0.10592180709546217,0.2992641562338177,-2.5645616126409854,3.0,3.0,2022Q2,2022-03-31,2022-04-01,2022-06-30,holding,
confirmed_hold_5d,confirmed,5.0,1.0,62,62,39.0,36.0,5.0,0.08064516129032258,49155.82901144187,41633.93645189764,-0.01688341977116259,-0.16732127096204708,0.1504378511908845,-0.12558165443340275,-0.09233159930402911,-2.5645616126409854,4.944444444444445,3.0,2022Q2,2022-03-31,2022-04-01,2022-06-30,holding,
confirmed_hold_10d,confirmed,10.0,1.0,62,62,21.0,18.0,4.333333333333333,0.06989247311827956,49333.6608254138,41633.93645189764,-0.013326783491724004,-0.16732127096204708,0.15399448747032307,-0.12608597688709255,-0.04113558135123849,-2.5645616126409854,9.61111111111111,3.0,2022Q2,2022-03-31,2022-04-01,2022-06-30,holding,
confirmed_signal_exit_max10,confirmed,10.0,2.0,62,62,22.0,19.0,5.0,0.08064516129032258,49334.32809875734,41633.93645189764,-0.013313438024853186,-0.16732127096204708,0.1540078329371939,-0.12900315719098454,-0.040151789735090156,-2.5645616126409854,9.105263157894736,3.0,2022Q2,2022-03-31,2022-04-01,2022-06-30,holding,
confirmed_market_exposure_hold_5d,confirmed,5.0,1.0,62,62,39.0,36.0,9.1,0.14677419354838708,48502.570666618754,41633.93645189764,-0.0299485866676249,-0.16732127096204708,0.13737268429442218,-0.08174229122248777,-0.9321128163441568,-2.5645616126409854,4.944444444444445,3.0,2022Q2,2022-03-31,2022-04-01,2022-06-30,holding,
confirmed_market_exposure_hold_10d,confirmed,10.0,1.0,62,62,21.0,18.0,8.666666666666666,0.13978494623655913,48522.364998208264,41633.93645189764,-0.029552700035834767,-0.16732127096204708,0.1377685709262123,-0.08089729372167764,-0.9284164664598767,-2.5645616126409854,9.61111111111111,3.0,2022Q2,2022-03-31,2022-04-01,2022-06-30,holding,
confirmed_rel_rank_hold_5d,confirmed_rel_rank,5.0,1.0,62,62,39.0,36.0,10.333333333333332,0.16666666666666666,48595.8528653932,41633.93645189764,-0.02808294269213596,-0.16732127096204708,0.13923832826991112,-0.13559407058703565,-0.2499981174037487,-2.5645616126409854,4.944444444444445,3.0,2022Q2,2022-03-31,2022-04-01,2022-06-30,holding,
confirmed_rel_rank_market_hold_5d,confirmed_rel_rank,5.0,1.0,62,62,39.0,36.0,11.066666666666666,0.17849462365591398,47539.27847513097,41633.93645189764,-0.04921443049738072,-0.16732127096204708,0.11810684046466635,-0.10734652926667543,-1.2504197582941066,-2.5645616126409854,4.944444444444445,3.0,2022Q2,2022-03-31,2022-04-01,2022-06-30,holding,
confirmed_relative_guard_hold_5d,confirmed_relative_guard,5.0,1.0,62,62,37.0,34.0,12.599999999999998,0.20322580645161287,47795.77354583788,41633.93645189764,-0.04408452908324234,-0.16732127096204708,0.12323674187880473,-0.09424885728111798,-1.3943541221784646,-2.5645616126409854,4.9411764705882355,3.0,2022Q2,2022-03-31,2022-04-01,2022-06-30,holding,
confirmed_relative_guard_exit_max10,confirmed_relative_guard,10.0,2.0,62,59,40.0,37.0,17.4,0.2806451612903226,45135.643987332274,41633.93645189764,-0.09728712025335451,-0.16732127096204708,0.07003415070869257,-0.12000153695652105,-3.537893932148552,-2.5645616126409854,4.216216216216216,3.0,2022Q2,2022-03-31,2022-04-01,2022-06-30,holding,
confirmed_strong_relative_guard_hold_5d,confirmed_strong_relative_guard,5.0,1.0,62,61,38.0,35.0,13.2,0.2129032258064516,46121.681187432456,41633.93645189764,-0.07756637625135088,-0.16732127096204708,0.0897548947106962,-0.11854815686409692,-2.42598812624509,-2.5645616126409854,4.8,3.0,2022Q2,2022-03-31,2022-04-01,2022-06-30,holding,
spy_fused_rebalance_daily,algo_fused_spy_gated,1.0,1.0,62,0,0.0,0.0,0.0,0.0,50000.0,41633.93645189764,0.0,-0.16732127096204708,0.16732127096204708,0.0,0.0,-2.5645616126409854,0.0,0.0,2022Q2,2022-03-31,2022-04-01,2022-06-30,holding,
spy_fused_hold_3d,algo_fused_spy_gated,3.0,1.0,62,0,0.0,0.0,0.0,0.0,50000.0,41633.93645189764,0.0,-0.16732127096204708,0.16732127096204708,0.0,0.0,-2.5645616126409854,0.0,0.0,2022Q2,2022-03-31,2022-04-01,2022-06-30,holding,
spy_fused_hold_5d,algo_fused_spy_gated,5.0,1.0,62,0,0.0,0.0,0.0,0.0,50000.0,41633.93645189764,0.0,-0.16732127096204708,0.16732127096204708,0.0,0.0,-2.5645616126409854,0.0,0.0,2022Q2,2022-03-31,2022-04-01,2022-06-30,holding,
spy_fused_rank_exit_max10,algo_fused_spy_gated,10.0,2.0,62,0,0.0,0.0,0.0,0.0,50000.0,41633.93645189764,0.0,-0.16732127096204708,0.16732127096204708,0.0,0.0,-2.5645616126409854,0.0,0.0,2022Q2,2022-03-31,2022-04-01,2022-06-30,holding,
relative_momentum_hold_3d,relative_momentum,3.0,1.0,62,62,64.0,61.0,32.333333333333336,0.5215053763440861,33734.31140383166,41633.93645189764,-0.32531377192336675,-0.16732127096204708,-0.15799250096131967,-0.352203709622101,-4.582439732025918,-2.5645616126409854,2.9508196721311477,3.0,2022Q2,2022-03-31,2022-04-01,2022-06-30,holding,
relative_momentum_hold_5d,relative_momentum,5.0,1.0,62,62,40.0,37.0,24.33333333333334,0.39247311827957,34372.62094415287,41633.93645189764,-0.3125475811169426,-0.16732127096204708,-0.1452263101548955,-0.33994632136884817,-4.438472039782401,-2.5645616126409854,4.783783783783784,3.0,2022Q2,2022-03-31,2022-04-01,2022-06-30,holding,
relative_momentum_exit_max10,relative_momentum_spy_gated,10.0,2.0,62,0,0.0,0.0,0.0,0.0,50000.0,41633.93645189764,0.0,-0.16732127096204708,0.16732127096204708,0.0,0.0,-2.5645616126409854,0.0,0.0,2022Q2,2022-03-31,2022-04-01,2022-06-30,holding,
relative_momentum_volume_shape_exit_max10,relative_momentum_volume_shape_spy_gated,10.0,2.0,62,0,0.0,0.0,0.0,0.0,50000.0,41633.93645189764,0.0,-0.16732127096204708,0.16732127096204708,0.0,0.0,-2.5645616126409854,0.0,0.0,2022Q2,2022-03-31,2022-04-01,2022-06-30,holding,
trend_quality_hold_3d,trend_quality,3.0,1.0,62,62,63.0,60.0,31.666666666666664,0.510752688172043,37636.54469235058,41633.93645189764,-0.24726910615298836,-0.16732127096204708,-0.07994783519094129,-0.2795502657266148,-4.182703610410072,-2.5645616126409854,3.0,3.0,2022Q2,2022-03-31,2022-04-01,2022-06-30,holding,
trend_quality_hold_5d,trend_quality,5.0,1.0,62,62,40.0,37.0,24.333333333333332,0.3924731182795699,39969.50187067128,41633.93645189764,-0.20060996258657438,-0.16732127096204708,-0.0332886916245273,-0.27286426100568706,-3.061808299284899,-2.5645616126409854,4.891891891891892,3.0,2022Q2,2022-03-31,2022-04-01,2022-06-30,holding,
trend_quality_volume_shape_hold_3d,trend_quality_volume_shape,3.0,1.0,62,62,63.0,60.0,28.999999999999993,0.46774193548387083,41761.373387127096,41633.93645189764,-0.16477253225745803,-0.16732127096204708,0.0025487387045890486,-0.20581660706648974,-2.6440581993859786,-2.5645616126409854,3.0,3.0,2022Q2,2022-03-31,2022-04-01,2022-06-30,holding,
trend_quality_avoid_failed_gap_hold_3d,trend_quality_avoid_failed_gap,3.0,1.0,62,62,63.0,60.0,30.999999999999996,0.49999999999999994,38211.056509064656,41633.93645189764,-0.23577886981870688,-0.16732127096204708,-0.06845759885665981,-0.26855279268354093,-3.990224075691041,-2.5645616126409854,3.0,3.0,2022Q2,2022-03-31,2022-04-01,2022-06-30,holding,
trend_quality_avoid_failed_gap_volume_shape_hold_3d,trend_quality_avoid_failed_gap_volume_shape,3.0,1.0,62,62,63.0,60.0,27.666666666666664,0.4462365591397849,41517.12066314562,41633.93645189764,-0.16965758673708753,-0.16732127096204708,-0.002336315775040454,-0.21046160413750692,-2.69787491986507,-2.5645616126409854,3.0,3.0,2022Q2,2022-03-31,2022-04-01,2022-06-30,holding,
gap_resistance_hold_1d,gap_resistance,1.0,1.0,62,16,26.0,26.0,31.333333333333332,0.5053763440860215,41707.69583147965,41633.93645189764,-0.16584608337040696,-0.16732127096204708,0.0014751875916401147,-0.16820396652594738,-3.658678156056113,-2.5645616126409854,1.0,0.0,2022Q2,2022-03-31,2022-04-01,2022-06-30,holding,
gap_resistance_hold_3d,gap_resistance,3.0,1.0,62,31,21.0,21.0,25.0,0.4032258064516129,33243.96181275495,41633.93645189764,-0.3351207637449011,-0.16732127096204708,-0.167799492782854,-0.34296683611179335,-6.0097597325313075,-2.5645616126409854,2.9047619047619047,0.0,2022Q2,2022-03-31,2022-04-01,2022-06-30,holding,
gap_resistance_50_hold_3d,gap_resistance_50,3.0,1.0,62,17,10.0,10.0,12.666666666666668,0.20430107526881722,41592.94131310491,41633.93645189764,-0.16814117373790183,-0.16732127096204708,-0.0008199027758547528,-0.1718060070836369,-4.118066541885383,-2.5645616126409854,3.0,0.0,2022Q2,2022-03-31,2022-04-01,2022-06-30,holding,
trend_quality_gap_resistance_hold_3d,trend_quality_gap_resistance,3.0,1.0,62,31,21.0,21.0,25.0,0.4032258064516129,33204.74400577405,41633.93645189764,-0.335905119884519,-0.16732127096204708,-0.1685838489224719,-0.34374193626220706,-6.0675251071616305,-2.5645616126409854,2.9047619047619047,0.0,2022Q2,2022-03-31,2022-04-01,2022-06-30,holding,
breakout_quality_hold_3d,breakout_quality,3.0,1.0,62,62,63.0,60.0,32.33333333333333,0.5215053763440859,47805.27688593287,41633.93645189764,-0.04389446228134253,-0.16732127096204708,0.12342680868070455,-0.12644530081019423,-0.564328493829936,-2.5645616126409854,3.0,3.0,2022Q2,2022-03-31,2022-04-01,2022-06-30,holding,
defensive_trend_hold_5d,defensive_trend,5.0,1.0,62,62,40.0,37.0,22.333333333333332,0.3602150537634408,41279.409454670356,41633.93645189764,-0.17441181090659286,-0.16732127096204708,-0.007090539944545782,-0.2103549209691964,-3.2644647303436685,-2.5645616126409854,4.891891891891892,3.0,2022Q2,2022-03-31,2022-04-01,2022-06-30,holding,
hybrid_markov_trend_hold_3d,hybrid_markov_trend,3.0,1.0,62,62,63.0,60.0,20.333333333333336,0.32795698924731187,46976.49842321188,41633.93645189764,-0.06047003153576236,-0.16732127096204708,0.10685123942628472,-0.1646141510525091,-0.8947364034891252,-2.5645616126409854,3.0,3.0,2022Q2,2022-03-31,2022-04-01,2022-06-30,holding,
hybrid_markov_trend_hold_5d,hybrid_markov_trend_spy_gated,5.0,1.0,62,0,0.0,0.0,0.0,0.0,50000.0,41633.93645189764,0.0,-0.16732127096204708,0.16732127096204708,0.0,0.0,-2.5645616126409854,0.0,0.0,2022Q2,2022-03-31,2022-04-01,2022-06-30,holding,
hybrid_markov_trend_exit_max10,hybrid_markov_trend_spy_gated,10.0,2.0,62,0,0.0,0.0,0.0,0.0,50000.0,41633.93645189764,0.0,-0.16732127096204708,0.16732127096204708,0.0,0.0,-2.5645616126409854,0.0,0.0,2022Q2,2022-03-31,2022-04-01,2022-06-30,holding,
markov_daily_manual,,,,62,62,,,,,,,-0.044030927859644575,-0.16732127096204708,0.1232903431024025,-0.10739255103202883,-0.5170286027175196,-2.5645616126409854,,,2022Q2,2022-03-31,2022-04-01,2022-06-30,markov_daily,186.0
markov_daily_confirmed,,,,62,62,,,,,,,-0.04973038552911724,-0.16732127096204708,0.11759088543292984,-0.10739255103202883,-0.6086883827896814,-2.5645616126409854,,,2022Q2,2022-03-31,2022-04-01,2022-06-30,markov_daily,186.0
markov_daily_spy_gated,,,,62,0,,,,,,,0.0,-0.16732127096204708,0.16732127096204708,0.0,0.0,-2.5645616126409854,,,2022Q2,2022-03-31,2022-04-01,2022-06-30,markov_daily,0.0
markov_daily_confirmed_spy_gated,,,,62,0,,,,,,,0.0,-0.16732127096204708,0.16732127096204708,0.0,0.0,-2.5645616126409854,,,2022Q2,2022-03-31,2022-04-01,2022-06-30,markov_daily,0.0
markov_daily_algo_fused_spy_gated,,,,62,0,,,,,,,0.0,-0.16732127096204708,0.16732127096204708,0.0,0.0,-2.5645616126409854,,,2022Q2,2022-03-31,2022-04-01,2022-06-30,markov_daily,0.0
confirmed_rebalance_daily,confirmed,1.0,1.0,64,64,192.0,189.0,24.33333333333333,0.38020833333333326,44320.005977991925,47444.152953334946,-0.11359988044016156,-0.0511169409333011,-0.06248293950686046,-0.14718670218878416,-1.7571903016233754,-0.8837806099908048,1.0,3.0,2022Q3,2022-06-30,2022-07-01,2022-09-30,holding,
confirmed_hold_2d,confirmed,2.0,1.0,64,64,96.0,93.0,14.333333333333332,0.22395833333333331,46298.800696140344,47444.152953334946,-0.07402398607719307,-0.0511169409333011,-0.02290704514389197,-0.13131815153521165,-1.1123301762128441,-0.8837806099908048,2.0,3.0,2022Q3,2022-06-30,2022-07-01,2022-09-30,holding,
confirmed_hold_3d,confirmed,3.0,1.0,64,64,66.0,63.0,15.0,0.234375,44415.065586299905,47444.152953334946,-0.11169868827400187,-0.0511169409333011,-0.060581747340700765,-0.14330941748580184,-1.8089105195532564,-0.8837806099908048,3.0,3.0,2022Q3,2022-06-30,2022-07-01,2022-09-30,holding,
confirmed_hold_5d,confirmed,5.0,1.0,64,64,39.0,36.0,11.666666666666666,0.18229166666666666,41835.18660746522,47444.152953334946,-0.16329626785069562,-0.0511169409333011,-0.11217932691739452,-0.17687737008157145,-2.8256336002245295,-0.8837806099908048,5.0,3.0,2022Q3,2022-06-30,2022-07-01,2022-09-30,holding,
confirmed_hold_10d,confirmed,10.0,1.0,64,64,21.0,18.0,6.333333333333333,0.09895833333333333,40493.0688599718,47444.152953334946,-0.19013862280056404,-0.0511169409333011,-0.13902168186726294,-0.20447214274184522,-3.160612485062478,-0.8837806099908048,10.0,3.0,2022Q3,2022-06-30,2022-07-01,2022-09-30,holding,
confirmed_signal_exit_max10,confirmed,10.0,2.0,64,64,22.0,19.0,7.666666666666666,0.11979166666666666,40964.05506081851,47444.152953334946,-0.1807188987836299,-0.0511169409333011,-0.1296019578503288,-0.19521913590125672,-3.0350636239581723,-0.8837806099908048,9.368421052631579,3.0,2022Q3,2022-06-30,2022-07-01,2022-09-30,holding,
confirmed_market_exposure_hold_5d,confirmed,5.0,1.0,64,64,39.0,36.0,10.833333333333332,0.16927083333333331,44934.35545500094,47444.152953334946,-0.10131289089998119,-0.0511169409333011,-0.05019594996668009,-0.10862756017838782,-2.4819540252155567,-0.8837806099908048,5.0,3.0,2022Q3,2022-06-30,2022-07-01,2022-09-30,holding,
confirmed_market_exposure_hold_10d,confirmed,10.0,1.0,64,64,21.0,18.0,7.199999999999999,0.11249999999999999,44722.1090008643,47444.152953334946,-0.10555781998271396,-0.0511169409333011,-0.05444087904941286,-0.11635097252979998,-2.560224901171353,-0.8837806099908048,10.0,3.0,2022Q3,2022-06-30,2022-07-01,2022-09-30,holding,
confirmed_rel_rank_hold_5d,confirmed_rel_rank,5.0,1.0,64,64,39.0,36.0,12.999999999999998,0.20312499999999997,40202.82106835118,47444.152953334946,-0.1959435786329764,-0.0511169409333011,-0.1448266376996753,-0.20971775630310963,-3.601033556522502,-0.8837806099908048,5.0,3.0,2022Q3,2022-06-30,2022-07-01,2022-09-30,holding,
confirmed_rel_rank_market_hold_5d,confirmed_rel_rank,5.0,1.0,64,64,39.0,36.0,12.166666666666666,0.19010416666666666,43769.48304714798,47444.152953334946,-0.12461033905704044,-0.0511169409333011,-0.07349339812373934,-0.13195419387141283,-3.1603943495286058,-0.8837806099908048,5.0,3.0,2022Q3,2022-06-30,2022-07-01,2022-09-30,holding,
confirmed_relative_guard_hold_5d,confirmed_relative_guard,5.0,1.0,64,64,41.0,38.0,23.4,0.365625,44753.99694131306,47444.152953334946,-0.10492006117373875,-0.0511169409333011,-0.05380312024043765,-0.112658151148891,-1.9724999865889725,-0.8837806099908048,4.394736842105263,3.0,2022Q3,2022-06-30,2022-07-01,2022-09-30,holding,
confirmed_relative_guard_exit_max10,confirmed_relative_guard,10.0,2.0,64,59,46.0,43.0,24.366666666666667,0.3807291666666667,46216.436983180094,47444.152953334946,-0.07567126033639815,-0.0511169409333011,-0.024554319403097047,-0.114234087788603,-1.339984967406,-0.8837806099908048,3.488372093023256,3.0,2022Q3,2022-06-30,2022-07-01,2022-09-30,holding,
confirmed_strong_relative_guard_hold_5d,confirmed_strong_relative_guard,5.0,1.0,64,57,38.0,35.0,20.9,0.3265625,46860.44599637601,47444.152953334946,-0.0627910800724798,-0.0511169409333011,-0.011674139139178696,-0.1075621171662452,-1.0702559129801335,-0.8837806099908048,4.371428571428571,3.0,2022Q3,2022-06-30,2022-07-01,2022-09-30,holding,
spy_fused_rebalance_daily,algo_fused_spy_gated,1.0,1.0,64,10,30.0,30.0,5.333333333333333,0.08333333333333333,47929.58081504493,47444.152953334946,-0.04140838369910138,-0.0511169409333011,0.009708557234199722,-0.051275501357238684,-1.3348686489122545,-0.8837806099908048,1.0,0.0,2022Q3,2022-06-30,2022-07-01,2022-09-30,holding,
spy_fused_hold_3d,algo_fused_spy_gated,3.0,1.0,64,12,12.0,12.0,4.0,0.0625,47152.475464259776,47444.152953334946,-0.056950490714804514,-0.0511169409333011,-0.005833549781503411,-0.060680975681628335,-1.800610347334564,-0.8837806099908048,3.0,0.0,2022Q3,2022-06-30,2022-07-01,2022-09-30,holding,
spy_fused_hold_5d,algo_fused_spy_gated,5.0,1.0,64,10,6.0,6.0,4.0,0.0625,48115.328074837475,47444.152953334946,-0.037693438503250465,-0.0511169409333011,0.013423502430050638,-0.050661841152334186,-1.2197214826792269,-0.8837806099908048,5.0,0.0,2022Q3,2022-06-30,2022-07-01,2022-09-30,holding,
spy_fused_rank_exit_max10,algo_fused_spy_gated,10.0,2.0,64,12,8.0,8.0,8.0,0.125,48553.63779985458,47444.152953334946,-0.02892724400290836,-0.0511169409333011,0.022189696930392744,-0.050532771416854305,-0.894400921833385,-0.8837806099908048,4.0,0.0,2022Q3,2022-06-30,2022-07-01,2022-09-30,holding,
relative_momentum_hold_3d,relative_momentum,3.0,1.0,64,64,66.0,63.0,31.666666666666664,0.49479166666666663,45699.31563734585,47444.152953334946,-0.086013687253083,-0.0511169409333011,-0.0348967463197819,-0.2049222631584292,-1.1244100645149455,-0.8837806099908048,2.984126984126984,3.0,2022Q3,2022-06-30,2022-07-01,2022-09-30,holding,
relative_momentum_hold_5d,relative_momentum,5.0,1.0,64,64,39.0,36.0,21.0,0.328125,43923.71529399674,47444.152953334946,-0.1215256941200652,-0.0511169409333011,-0.0704087531867641,-0.12935345783803698,-1.6455896483074672,-0.8837806099908048,5.0,3.0,2022Q3,2022-06-30,2022-07-01,2022-09-30,holding,
relative_momentum_exit_max10,relative_momentum_spy_gated,10.0,2.0,64,11,8.0,8.0,6.666666666666666,0.10416666666666666,48305.69482352127,47444.152953334946,-0.03388610352957466,-0.0511169409333011,0.01723083740372644,-0.07385507210798703,-1.006471106752075,-0.8837806099908048,3.875,0.0,2022Q3,2022-06-30,2022-07-01,2022-09-30,holding,
relative_momentum_volume_shape_exit_max10,relative_momentum_volume_shape_spy_gated,10.0,2.0,64,12,9.0,9.0,8.0,0.125,47606.37919207993,47444.152953334946,-0.04787241615840143,-0.0511169409333011,0.003244524774899671,-0.06980874893016775,-1.4557303412882732,-0.8837806099908048,3.6666666666666665,0.0,2022Q3,2022-06-30,2022-07-01,2022-09-30,holding,
trend_quality_hold_3d,trend_quality,3.0,1.0,64,64,66.0,63.0,32.33333333333333,0.5052083333333333,46866.50802504921,47444.152953334946,-0.06266983949901583,-0.0511169409333011,-0.011552898565714731,-0.16943731894253067,-0.8233791163156019,-0.8837806099908048,3.0,3.0,2022Q3,2022-06-30,2022-07-01,2022-09-30,holding,
trend_quality_hold_5d,trend_quality,5.0,1.0,64,64,39.0,36.0,21.0,0.328125,44531.82652861453,47444.152953334946,-0.10936346942770936,-0.0511169409333011,-0.058246528494408256,-0.1258360707883761,-1.5130375006916614,-0.8837806099908048,5.0,3.0,2022Q3,2022-06-30,2022-07-01,2022-09-30,holding,
trend_quality_volume_shape_hold_3d,trend_quality_volume_shape,3.0,1.0,64,64,66.0,63.0,32.33333333333333,0.5052083333333333,45889.114210192754,47444.152953334946,-0.0822177157961449,-0.0511169409333011,-0.031100774862843794,-0.1747423872028101,-1.165705382954389,-0.8837806099908048,3.0,3.0,2022Q3,2022-06-30,2022-07-01,2022-09-30,holding,
trend_quality_avoid_failed_gap_hold_3d,trend_quality_avoid_failed_gap,3.0,1.0,64,64,66.0,63.0,32.33333333333333,0.5052083333333333,47634.80976345652,47444.152953334946,-0.04730380473086959,-0.0511169409333011,0.0038131362024315107,-0.15582156691398974,-0.5689418224101052,-0.8837806099908048,3.0,3.0,2022Q3,2022-06-30,2022-07-01,2022-09-30,holding,
trend_quality_avoid_failed_gap_volume_shape_hold_3d,trend_quality_avoid_failed_gap_volume_shape,3.0,1.0,64,64,66.0,63.0,30.999999999999996,0.48437499999999994,46804.57784898776,47444.152953334946,-0.06390844302024479,-0.0511169409333011,-0.012791502086943685,-0.15827893284860095,-0.8677553058469336,-0.8837806099908048,3.0,3.0,2022Q3,2022-06-30,2022-07-01,2022-09-30,holding,
gap_resistance_hold_1d,gap_resistance,1.0,1.0,64,21,39.0,39.0,40.66666666666667,0.6354166666666667,40242.0207842977,47444.152953334946,-0.1951595843140459,-0.0511169409333011,-0.1440426433807448,-0.1951595843140459,-3.4313542375626476,-0.8837806099908048,1.0,0.0,2022Q3,2022-06-30,2022-07-01,2022-09-30,holding,
gap_resistance_hold_3d,gap_resistance,3.0,1.0,64,35,24.0,23.0,26.666666666666668,0.4166666666666667,40712.117924665035,47444.152953334946,-0.18575764150669927,-0.0511169409333011,-0.13464070057339816,-0.20294859927924158,-2.9038533323409825,-0.8837806099908048,3.0,1.0,2022Q3,2022-06-30,2022-07-01,2022-09-30,holding,
gap_resistance_50_hold_3d,gap_resistance_50,3.0,1.0,64,27,15.0,14.0,18.666666666666668,0.2916666666666667,39584.133110565046,47444.152953334946,-0.2083173377886991,-0.0511169409333011,-0.157200396855398,-0.20961755191711018,-3.3292647368449586,-0.8837806099908048,3.0,1.0,2022Q3,2022-06-30,2022-07-01,2022-09-30,holding,
trend_quality_gap_resistance_hold_3d,trend_quality_gap_resistance,3.0,1.0,64,36,24.0,23.0,26.0,0.40625,39444.32071125186,47444.152953334946,-0.21111358577496286,-0.0511169409333011,-0.15999664484166176,-0.2277692078914172,-3.445661892343917,-0.8837806099908048,3.0,1.0,2022Q3,2022-06-30,2022-07-01,2022-09-30,holding,
breakout_quality_hold_3d,breakout_quality,3.0,1.0,64,64,66.0,63.0,38.33333333333333,0.5989583333333333,44526.40485146365,47444.152953334946,-0.10947190297072695,-0.0511169409333011,-0.05835496203742585,-0.1881760806885613,-1.7252311304025587,-0.8837806099908048,3.0,3.0,2022Q3,2022-06-30,2022-07-01,2022-09-30,holding,
defensive_trend_hold_5d,defensive_trend,5.0,1.0,64,64,40.0,37.0,19.0,0.296875,45413.01984546662,47444.152953334946,-0.09173960309066764,-0.0511169409333011,-0.04062266215736654,-0.17036686582220484,-1.1759621930401638,-0.8837806099908048,4.945945945945946,3.0,2022Q3,2022-06-30,2022-07-01,2022-09-30,holding,
hybrid_markov_trend_hold_3d,hybrid_markov_trend,3.0,1.0,64,64,66.0,63.0,21.666666666666664,0.33854166666666663,40167.838731294294,47444.152953334946,-0.19664322537411416,-0.0511169409333011,-0.14552628444081306,-0.21020569551688706,-3.396899162201573,-0.8837806099908048,3.0,3.0,2022Q3,2022-06-30,2022-07-01,2022-09-30,holding,
hybrid_markov_trend_hold_5d,hybrid_markov_trend_spy_gated,5.0,1.0,64,10,6.0,6.0,4.0,0.0625,46164.967874440445,47444.152953334946,-0.07670064251119113,-0.0511169409333011,-0.025583701577890028,-0.0899503226416779,-2.4130257866453886,-0.8837806099908048,5.0,0.0,2022Q3,2022-06-30,2022-07-01,2022-09-30,holding,
hybrid_markov_trend_exit_max10,hybrid_markov_trend_spy_gated,10.0,2.0,64,11,11.0,11.0,8.666666666666666,0.13541666666666666,47746.05707637586,47444.152953334946,-0.04507885847248283,-0.0511169409333011,0.006038082460818273,-0.07047884350661526,-1.4245973295108392,-0.8837806099908048,2.8181818181818183,0.0,2022Q3,2022-06-30,2022-07-01,2022-09-30,holding,
markov_daily_manual,,,,64,64,,,,,,,-0.1512121803090516,-0.0511169409333011,-0.10009523937575049,-0.1581377758965139,-2.4475690172810096,-0.8837806099908048,,,2022Q3,2022-06-30,2022-07-01,2022-09-30,markov_daily,192.0
markov_daily_confirmed,,,,64,64,,,,,,,-0.15576133102787837,-0.0511169409333011,-0.10464439009457727,-0.16264980829505593,-2.5186620221870117,-0.8837806099908048,,,2022Q3,2022-06-30,2022-07-01,2022-09-30,markov_daily,192.0
markov_daily_spy_gated,,,,64,10,,,,,,,-0.04704700109373272,-0.0511169409333011,0.004069939839568382,-0.054853249930668646,-1.5174007579047728,-0.8837806099908048,,,2022Q3,2022-06-30,2022-07-01,2022-09-30,markov_daily,30.0
markov_daily_confirmed_spy_gated,,,,64,10,,,,,,,-0.048401392897100326,-0.0511169409333011,0.0027155480362007767,-0.05619654704263821,-1.556693654989732,-0.8837806099908048,,,2022Q3,2022-06-30,2022-07-01,2022-09-30,markov_daily,30.0
markov_daily_algo_fused_spy_gated,,,,64,10,,,,,,,-0.04704700109373272,-0.0511169409333011,0.004069939839568382,-0.054853249930668646,-1.5174007579047728,-0.8837806099908048,,,2022Q3,2022-06-30,2022-07-01,2022-09-30,markov_daily,30.0
confirmed_rebalance_daily,confirmed,1.0,1.0,64,64,192.0,189.0,21.666666666666664,0.33854166666666663,51522.8540855112,53493.63270777482,0.0304570817102241,0.06987265415549637,-0.03941557244527227,-0.08135143650094645,0.5842786001454725,1.1424667723445159,1.0,3.0,2022Q4,2022-09-30,2022-10-01,2022-12-31,holding,
confirmed_hold_2d,confirmed,2.0,1.0,64,64,99.0,96.0,20.333333333333332,0.3177083333333333,51401.13996215096,53493.63270777482,0.028022799243019314,0.06987265415549637,-0.04184985491247706,-0.06297168076605897,0.5494742163038984,1.1424667723445159,1.9583333333333333,3.0,2022Q4,2022-09-30,2022-10-01,2022-12-31,holding,
confirmed_hold_3d,confirmed,3.0,1.0,64,64,68.0,65.0,15.666666666666666,0.24479166666666666,50590.34464359554,53493.63270777482,0.011806892871910835,0.06987265415549637,-0.05806576128358554,-0.07178954938233784,0.31043262425342627,1.1424667723445159,2.8615384615384616,3.0,2022Q4,2022-09-30,2022-10-01,2022-12-31,holding,
confirmed_hold_5d,confirmed,5.0,1.0,64,64,44.0,41.0,11.666666666666666,0.18229166666666666,54573.0375240809,53493.63270777482,0.09146075048161806,0.06987265415549637,0.021588096326121686,-0.06501233324767075,1.4725098627746365,1.1424667723445159,4.512195121951219,3.0,2022Q4,2022-09-30,2022-10-01,2022-12-31,holding,
confirmed_hold_10d,confirmed,10.0,1.0,64,64,25.0,22.0,10.333333333333332,0.16145833333333331,52546.138605868844,53493.63270777482,0.050922772117376836,0.06987265415549637,-0.018949882038119537,-0.0790579788042185,0.925684439507725,1.1424667723445159,8.409090909090908,3.0,2022Q4,2022-09-30,2022-10-01,2022-12-31,holding,
confirmed_signal_exit_max10,confirmed,10.0,2.0,64,64,24.0,21.0,11.666666666666664,0.18229166666666663,52096.81254854917,53493.63270777482,0.0419362509709833,0.06987265415549637,-0.02793640318451307,-0.07449046134676662,0.7607716439992293,1.1424667723445159,8.523809523809524,3.0,2022Q4,2022-09-30,2022-10-01,2022-12-31,holding,
confirmed_market_exposure_hold_5d,confirmed,5.0,1.0,64,64,44.0,41.0,12.833333333333332,0.20052083333333331,48588.67922673247,53493.63270777482,-0.02822641546535054,0.06987265415549637,-0.09809906962084691,-0.08172769883249964,-0.6356523596608004,1.1424667723445159,4.512195121951219,3.0,2022Q4,2022-09-30,2022-10-01,2022-12-31,holding,
confirmed_market_exposure_hold_10d,confirmed,10.0,1.0,64,64,25.0,22.0,12.566666666666665,0.19635416666666664,47806.04648652793,53493.63270777482,-0.04387907026944149,0.06987265415549637,-0.11375172442493786,-0.08463235540149461,-1.0810441537206381,1.1424667723445159,8.409090909090908,3.0,2022Q4,2022-09-30,2022-10-01,2022-12-31,holding,
confirmed_rel_rank_hold_5d,confirmed_rel_rank,5.0,1.0,64,64,42.0,39.0,18.333333333333332,0.2864583333333333,54143.73657705411,53493.63270777482,0.08287473154108205,0.06987265415549637,0.013002077385585675,-0.07595751710799159,1.3586078334654546,1.1424667723445159,4.769230769230769,3.0,2022Q4,2022-09-30,2022-10-01,2022-12-31,holding,
confirmed_rel_rank_market_hold_5d,confirmed_rel_rank,5.0,1.0,64,64,42.0,39.0,17.766666666666666,0.27760416666666665,52227.079999454494,53493.63270777482,0.04454159998908991,0.06987265415549637,-0.025331054166406464,-0.03586062415293867,1.1781760539141615,1.1424667723445159,4.769230769230769,3.0,2022Q4,2022-09-30,2022-10-01,2022-12-31,holding,
confirmed_relative_guard_hold_5d,confirmed_relative_guard,5.0,1.0,64,64,41.0,38.0,20.566666666666666,0.32135416666666666,51023.524791517135,53493.63270777482,0.020470495830342772,0.06987265415549637,-0.0494021583251536,-0.06937706510476016,0.5683899755640912,1.1424667723445159,4.894736842105263,3.0,2022Q4,2022-09-30,2022-10-01,2022-12-31,holding,
confirmed_relative_guard_exit_max10,confirmed_relative_guard,10.0,2.0,64,64,48.0,45.0,25.366666666666667,0.3963541666666667,47604.55872669144,53493.63270777482,-0.047908825466171256,0.06987265415549637,-0.11778147962166763,-0.09460817330252025,-1.2237476513605927,1.1424667723445159,4.044444444444444,3.0,2022Q4,2022-09-30,2022-10-01,2022-12-31,holding,
confirmed_strong_relative_guard_hold_5d,confirmed_strong_relative_guard,5.0,1.0,64,64,40.0,38.0,20.5,0.3203125,51823.76769450597,53493.63270777482,0.036475353890119466,0.06987265415549637,-0.033397300265376906,-0.042696933132893355,0.9455210434999607,1.1424667723445159,4.815789473684211,2.0,2022Q4,2022-09-30,2022-10-01,2022-12-31,holding,
spy_fused_rebalance_daily,algo_fused_spy_gated,1.0,1.0,64,3,9.0,9.0,4.0,0.0625,47700.811534476656,53493.63270777482,-0.04598376931046688,0.06987265415549637,-0.11585642346596325,-0.04598376931046688,-3.3146833161131446,1.1424667723445159,1.0,0.0,2022Q4,2022-09-30,2022-10-01,2022-12-31,holding,
spy_fused_hold_3d,algo_fused_spy_gated,3.0,1.0,64,6,6.0,6.0,4.0,0.0625,48513.10227584909,53493.63270777482,-0.029737954483018303,0.06987265415549637,-0.09961060863851467,-0.043398306814802945,-1.8331758017584492,1.1424667723445159,3.0,0.0,2022Q4,2022-09-30,2022-10-01,2022-12-31,holding,
spy_fused_hold_5d,algo_fused_spy_gated,5.0,1.0,64,9,6.0,3.0,3.0,0.046875,50077.736837857956,53493.63270777482,0.0015547367571591142,0.06987265415549637,-0.06831791739833726,-0.023948399273736487,0.11804897444502009,1.1424667723445159,5.0,3.0,2022Q4,2022-09-30,2022-10-01,2022-12-31,holding,
spy_fused_rank_exit_max10,algo_fused_spy_gated,10.0,2.0,64,4,6.0,6.0,4.0,0.0625,47658.07944481176,53493.63270777482,-0.046838411103764854,0.06987265415549637,-0.11671106525926123,-0.046838411103764854,-3.3794474912685315,1.1424667723445159,2.0,0.0,2022Q4,2022-09-30,2022-10-01,2022-12-31,holding,
relative_momentum_hold_3d,relative_momentum,3.0,1.0,64,64,66.0,63.0,33.0,0.515625,53947.31031639766,53493.63270777482,0.07894620632795335,0.06987265415549637,0.009073552172456978,-0.12345453804371442,1.1920848111491795,1.1424667723445159,2.9523809523809526,3.0,2022Q4,2022-09-30,2022-10-01,2022-12-31,holding,
relative_momentum_hold_5d,relative_momentum,5.0,1.0,64,64,39.0,36.0,23.666666666666664,0.36979166666666663,55111.31555785961,53493.63270777482,0.10222631115719216,0.06987265415549637,0.03235365700169579,-0.08512746655048409,1.4563070685747208,1.1424667723445159,5.0,3.0,2022Q4,2022-09-30,2022-10-01,2022-12-31,holding,
relative_momentum_exit_max10,relative_momentum_spy_gated,10.0,2.0,64,4,6.0,6.0,4.0,0.0625,47785.08814707407,53493.63270777482,-0.04429823705851854,0.06987265415549637,-0.11417089121401491,-0.0456242567690871,-2.6266614539587865,1.1424667723445159,2.0,0.0,2022Q4,2022-09-30,2022-10-01,2022-12-31,holding,
relative_momentum_volume_shape_exit_max10,relative_momentum_volume_shape_spy_gated,10.0,2.0,64,4,6.0,6.0,4.0,0.0625,47541.21349834254,53493.63270777482,-0.04917573003314912,0.06987265415549637,-0.1190483841886455,-0.05213086186817817,-2.4815994273803006,1.1424667723445159,2.0,0.0,2022Q4,2022-09-30,2022-10-01,2022-12-31,holding,
trend_quality_hold_3d,trend_quality,3.0,1.0,64,64,66.0,63.0,30.999999999999996,0.48437499999999994,56207.127161782344,53493.63270777482,0.12414254323564688,0.06987265415549637,0.05426988908015051,-0.0895581213111406,1.841288129971985,1.1424667723445159,2.984126984126984,3.0,2022Q4,2022-09-30,2022-10-01,2022-12-31,holding,
trend_quality_hold_5d,trend_quality,5.0,1.0,64,64,40.0,37.0,23.666666666666664,0.36979166666666663,54162.65487471281,53493.63270777482,0.08325309749425625,0.06987265415549637,0.013380443338759873,-0.07356680113433278,1.2850200475984452,1.1424667723445159,4.945945945945946,3.0,2022Q4,2022-09-30,2022-10-01,2022-12-31,holding,
trend_quality_volume_shape_hold_3d,trend_quality_volume_shape,3.0,1.0,64,64,66.0,63.0,33.0,0.515625,55394.72047322089,53493.63270777482,0.10789440946441786,0.06987265415549637,0.03802175530892149,-0.0986803426678059,1.6577682777139302,1.1424667723445159,2.984126984126984,3.0,2022Q4,2022-09-30,2022-10-01,2022-12-31,holding,
trend_quality_avoid_failed_gap_hold_3d,trend_quality_avoid_failed_gap,3.0,1.0,64,64,66.0,63.0,30.999999999999996,0.48437499999999994,56207.127161782344,53493.63270777482,0.12414254323564688,0.06987265415549637,0.05426988908015051,-0.0895581213111406,1.841288129971985,1.1424667723445159,2.984126984126984,3.0,2022Q4,2022-09-30,2022-10-01,2022-12-31,holding,
trend_quality_avoid_failed_gap_volume_shape_hold_3d,trend_quality_avoid_failed_gap_volume_shape,3.0,1.0,64,64,66.0,63.0,33.0,0.515625,55394.72047322089,53493.63270777482,0.10789440946441786,0.06987265415549637,0.03802175530892149,-0.0986803426678059,1.6577682777139302,1.1424667723445159,2.984126984126984,3.0,2022Q4,2022-09-30,2022-10-01,2022-12-31,holding,
gap_resistance_hold_1d,gap_resistance,1.0,1.0,64,28,55.0,55.0,55.33333333333333,0.8645833333333333,38189.27026692604,53493.63270777482,-0.2362145946614792,0.06987265415549637,-0.3060872488169756,-0.2360254455098615,-5.874705775869711,1.1424667723445159,1.0,0.0,2022Q4,2022-09-30,2022-10-01,2022-12-31,holding,
gap_resistance_hold_3d,gap_resistance,3.0,1.0,64,45,32.0,31.0,32.0,0.5,41319.66083734491,53493.63270777482,-0.17360678325310175,0.06987265415549637,-0.24347943740859812,-0.1858486112066986,-3.916656942025263,1.1424667723445159,3.0,1.0,2022Q4,2022-09-30,2022-10-01,2022-12-31,holding,
gap_resistance_50_hold_3d,gap_resistance_50,3.0,1.0,64,40,27.0,26.0,27.333333333333336,0.42708333333333337,37509.3079834667,53493.63270777482,-0.249813840330666,0.06987265415549637,-0.3196864944861624,-0.25102838888922396,-6.106400838668018,1.1424667723445159,3.0,1.0,2022Q4,2022-09-30,2022-10-01,2022-12-31,holding,
trend_quality_gap_resistance_hold_3d,trend_quality_gap_resistance,3.0,1.0,64,45,32.0,31.0,31.333333333333332,0.4895833333333333,40150.629316246675,53493.63270777482,-0.19698741367506645,0.06987265415549637,-0.2668600678305628,-0.20888289118764802,-4.436055726010807,1.1424667723445159,3.0,1.0,2022Q4,2022-09-30,2022-10-01,2022-12-31,holding,
breakout_quality_hold_3d,breakout_quality,3.0,1.0,64,64,66.0,63.0,40.33333333333333,0.6302083333333333,50938.58572597936,53493.63270777482,0.018771714519587368,0.06987265415549637,-0.051100939635909004,-0.06846752878425455,0.4290234179542304,1.1424667723445159,2.9523809523809526,3.0,2022Q4,2022-09-30,2022-10-01,2022-12-31,holding,
defensive_trend_hold_5d,defensive_trend,5.0,1.0,64,64,40.0,37.0,21.666666666666664,0.33854166666666663,48888.30471335959,53493.63270777482,-0.022233905732808146,0.06987265415549637,-0.09210655988830452,-0.07764694475901956,-0.19741321427255315,1.1424667723445159,4.945945945945946,3.0,2022Q4,2022-09-30,2022-10-01,2022-12-31,holding,
hybrid_markov_trend_hold_3d,hybrid_markov_trend,3.0,1.0,64,64,66.0,63.0,30.33333333333333,0.47395833333333326,55471.366532720065,53493.63270777482,0.10942733065440136,0.06987265415549637,0.039554676498904984,-0.05864842347235444,1.8563651373399457,1.1424667723445159,2.984126984126984,3.0,2022Q4,2022-09-30,2022-10-01,2022-12-31,holding,
hybrid_markov_trend_hold_5d,hybrid_markov_trend_spy_gated,5.0,1.0,64,9,6.0,3.0,3.0,0.046875,49601.19130720465,53493.63270777482,-0.007976173855906987,0.06987265415549637,-0.07784882801140336,-0.03458698644268854,-0.41629232531998916,1.1424667723445159,5.0,3.0,2022Q4,2022-09-30,2022-10-01,2022-12-31,holding,
hybrid_markov_trend_exit_max10,hybrid_markov_trend_spy_gated,10.0,2.0,64,4,6.0,6.0,4.0,0.0625,48129.231004824396,53493.63270777482,-0.03741537990351207,0.06987265415549637,-0.10728803405900844,-0.03741537990351207,-2.6691348655329348,1.1424667723445159,2.0,0.0,2022Q4,2022-09-30,2022-10-01,2022-12-31,holding,
markov_daily_manual,,,,64,64,,,,,,,-0.012450502619885229,0.06987265415549637,-0.0823231567753816,-0.08433457872604178,-0.06134250521848198,1.1424667723445159,,,2022Q4,2022-09-30,2022-10-01,2022-12-31,markov_daily,192.0
markov_daily_confirmed,,,,64,64,,,,,,,-0.012450502619885229,0.06987265415549637,-0.0823231567753816,-0.08433457872604178,-0.06134250521848198,1.1424667723445159,,,2022Q4,2022-09-30,2022-10-01,2022-12-31,markov_daily,192.0
markov_daily_spy_gated,,,,64,3,,,,,,,-0.04399278260660211,0.06987265415549637,-0.11386543676209848,-0.04399278260660211,-3.3189041449928074,1.1424667723445159,,,2022Q4,2022-09-30,2022-10-01,2022-12-31,markov_daily,9.0
markov_daily_confirmed_spy_gated,,,,64,3,,,,,,,-0.04399278260660211,0.06987265415549637,-0.11386543676209848,-0.04399278260660211,-3.3189041449928074,1.1424667723445159,,,2022Q4,2022-09-30,2022-10-01,2022-12-31,markov_daily,9.0
markov_daily_algo_fused_spy_gated,,,,64,3,,,,,,,-0.04677087043283723,0.06987265415549637,-0.1166435245883336,-0.04677087043283723,-3.2694803554628695,1.1424667723445159,,,2022Q4,2022-09-30,2022-10-01,2022-12-31,markov_daily,9.0
confirmed_rebalance_daily,confirmed,1.0,1.0,62,62,186.0,183.0,9.666666666666666,0.15591397849462366,55198.87795691141,53440.35499869487,0.10397755913822815,0.06880709997389745,0.0351704591643307,-0.10871489310984483,1.8467915321720398,1.7924743790639832,1.0,3.0,2023Q1,2022-12-31,2023-01-01,2023-03-31,holding,
confirmed_hold_2d,confirmed,2.0,1.0,62,62,93.0,90.0,8.333333333333332,0.13440860215053763,59163.27327359304,53440.35499869487,0.18326546547186084,0.06880709997389745,0.1144583654979634,-0.05995053948565565,3.2246214677066396,1.7924743790639832,2.0,3.0,2023Q1,2022-12-31,2023-01-01,2023-03-31,holding,
confirmed_hold_3d,confirmed,3.0,1.0,62,62,63.0,60.0,8.333333333333332,0.13440860215053763,58226.69000163498,53440.35499869487,0.16453380003269968,0.06880709997389745,0.09572670005880224,-0.07533792574549403,2.7743753241046725,1.7924743790639832,3.0,3.0,2023Q1,2022-12-31,2023-01-01,2023-03-31,holding,
confirmed_hold_5d,confirmed,5.0,1.0,62,62,39.0,36.0,7.666666666666666,0.12365591397849461,56971.44130862313,53440.35499869487,0.13942882617246255,0.06880709997389745,0.0706217261985651,-0.05600957363999248,2.615050199892299,1.7924743790639832,5.0,3.0,2023Q1,2022-12-31,2023-01-01,2023-03-31,holding,
confirmed_hold_10d,confirmed,10.0,1.0,62,62,21.0,18.0,6.333333333333332,0.10215053763440858,54899.94313770571,53440.35499869487,0.09799886275411418,0.06880709997389745,0.029191762780216735,-0.0716213575759348,1.8925023164527996,1.7924743790639832,10.0,3.0,2023Q1,2022-12-31,2023-01-01,2023-03-31,holding,
confirmed_signal_exit_max10,confirmed,10.0,2.0,62,62,22.0,19.0,6.999999999999999,0.1129032258064516,56584.12193488034,53440.35499869487,0.13168243869760676,0.06880709997389745,0.06287533872370932,-0.09078051612169147,2.392962447885153,1.7924743790639832,8.842105263157896,3.0,2023Q1,2022-12-31,2023-01-01,2023-03-31,holding,
confirmed_market_exposure_hold_5d,confirmed,5.0,1.0,62,62,39.0,36.0,10.7,0.17258064516129032,53897.012769913425,53440.35499869487,0.07794025539826843,0.06880709997389745,0.009133155424370987,-0.050400682494832316,2.012014267828472,1.7924743790639832,5.0,3.0,2023Q1,2022-12-31,2023-01-01,2023-03-31,holding,
confirmed_market_exposure_hold_10d,confirmed,10.0,1.0,62,62,21.0,18.0,9.2,0.14838709677419354,52335.4592512397,53440.35499869487,0.04670918502479404,0.06880709997389745,-0.022097914949103403,-0.06648426595360102,1.245906608313855,1.7924743790639832,10.0,3.0,2023Q1,2022-12-31,2023-01-01,2023-03-31,holding,
confirmed_rel_rank_hold_5d,confirmed_rel_rank,5.0,1.0,62,62,39.0,36.0,12.333333333333332,0.1989247311827957,56912.14931390254,53440.35499869487,0.13824298627805076,0.06880709997389745,0.06943588630415332,-0.10013041589570681,2.286251820785029,1.7924743790639832,4.972222222222222,3.0,2023Q1,2022-12-31,2023-01-01,2023-03-31,holding,
confirmed_rel_rank_market_hold_5d,confirmed_rel_rank,5.0,1.0,62,62,39.0,36.0,13.966666666666665,0.22526881720430106,53165.44421272029,53440.35499869487,0.06330888425440584,0.06880709997389745,-0.005498215719491606,-0.1001304158957067,1.369460060661179,1.7924743790639832,4.972222222222222,3.0,2023Q1,2022-12-31,2023-01-01,2023-03-31,holding,
confirmed_relative_guard_hold_5d,confirmed_relative_guard,5.0,1.0,62,62,41.0,38.0,22.600000000000005,0.36451612903225816,52410.54164862874,53440.35499869487,0.04821083297257478,0.06880709997389745,-0.020596267001322666,-0.12252836789609856,0.8792502720880443,1.7924743790639832,4.657894736842105,3.0,2023Q1,2022-12-31,2023-01-01,2023-03-31,holding,
confirmed_relative_guard_exit_max10,confirmed_relative_guard,10.0,2.0,62,62,42.0,39.0,25.066666666666666,0.4043010752688172,49368.38738064122,53440.35499869487,-0.01263225238717558,0.06880709997389745,-0.08143935236107303,-0.12258570310506833,-0.06925828738994966,1.7924743790639832,4.564102564102564,3.0,2023Q1,2022-12-31,2023-01-01,2023-03-31,holding,
confirmed_strong_relative_guard_hold_5d,confirmed_strong_relative_guard,5.0,1.0,62,62,41.0,38.0,22.600000000000005,0.36451612903225816,52410.54164862874,53440.35499869487,0.04821083297257478,0.06880709997389745,-0.020596267001322666,-0.12252836789609856,0.8792502720880443,1.7924743790639832,4.657894736842105,3.0,2023Q1,2022-12-31,2023-01-01,2023-03-31,holding,
spy_fused_rebalance_daily,algo_fused_spy_gated,1.0,1.0,62,34,102.0,99.0,11.0,0.1774193548387097,47956.93132731052,53440.35499869487,-0.040861373453789596,0.06880709997389745,-0.10966847342768704,-0.0927915482769508,-1.1005256754326216,1.7924743790639832,1.0,3.0,2023Q1,2022-12-31,2023-01-01,2023-03-31,holding,
spy_fused_hold_3d,algo_fused_spy_gated,3.0,1.0,62,37,39.0,36.0,9.666666666666666,0.15591397849462366,49573.252882512825,53440.35499869487,-0.008534942349743502,0.06880709997389745,-0.07734204232364095,-0.07532304878638252,-0.14635091647782422,1.7924743790639832,3.0,3.0,2023Q1,2022-12-31,2023-01-01,2023-03-31,holding,
spy_fused_hold_5d,algo_fused_spy_gated,5.0,1.0,62,41,27.0,24.0,9.0,0.14516129032258066,46711.133626810166,53440.35499869487,-0.06577732746379672,0.06880709997389745,-0.13458442743769417,-0.11635848994211606,-1.5300649779913331,1.7924743790639832,5.0,3.0,2023Q1,2022-12-31,2023-01-01,2023-03-31,holding,
spy_fused_rank_exit_max10,algo_fused_spy_gated,10.0,2.0,62,36,22.0,19.0,12.333333333333332,0.1989247311827957,49188.46783130138,53440.35499869487,-0.016230643373972398,0.06880709997389745,-0.08503774334786984,-0.08109686936846205,-0.38634304736324143,1.7924743790639832,5.421052631578948,3.0,2023Q1,2022-12-31,2023-01-01,2023-03-31,holding,
relative_momentum_hold_3d,relative_momentum,3.0,1.0,62,62,65.0,62.0,28.333333333333332,0.45698924731182794,60007.92221190826,53440.35499869487,0.2001584442381652,0.06880709997389745,0.13135134426426776,-0.09986765168338141,2.3371488255039425,1.7924743790639832,2.9193548387096775,3.0,2023Q1,2022-12-31,2023-01-01,2023-03-31,holding,
relative_momentum_hold_5d,relative_momentum,5.0,1.0,62,62,41.0,38.0,23.000000000000004,0.37096774193548393,57450.46461480992,53440.35499869487,0.1490092922961983,0.06880709997389745,0.08020219232230086,-0.0978626637089739,1.9931977873820927,1.7924743790639832,4.684210526315789,3.0,2023Q1,2022-12-31,2023-01-01,2023-03-31,holding,
relative_momentum_exit_max10,relative_momentum_spy_gated,10.0,2.0,62,36,22.0,19.0,14.333333333333332,0.23118279569892472,54237.574835688945,53440.35499869487,0.0847514967137788,0.06880709997389745,0.01594439673988135,-0.08307903099948521,1.4949949911593803,1.7924743790639832,5.421052631578948,3.0,2023Q1,2022-12-31,2023-01-01,2023-03-31,holding,
relative_momentum_volume_shape_exit_max10,relative_momentum_volume_shape_spy_gated,10.0,2.0,62,36,23.0,20.0,14.999999999999998,0.24193548387096772,53239.52115841167,53440.35499869487,0.06479042316823347,0.06880709997389745,-0.004016676805663977,-0.08377233620811153,1.116045440912677,1.7924743790639832,5.15,3.0,2023Q1,2022-12-31,2023-01-01,2023-03-31,holding,
trend_quality_hold_3d,trend_quality,3.0,1.0,62,62,65.0,62.0,28.999999999999996,0.4677419354838709,58902.70238937247,53440.35499869487,0.1780540477874495,0.06880709997389745,0.10924694781355204,-0.0950525976235469,2.289139776767769,1.7924743790639832,2.9193548387096775,3.0,2023Q1,2022-12-31,2023-01-01,2023-03-31,holding,
trend_quality_hold_5d,trend_quality,5.0,1.0,62,62,41.0,38.0,24.333333333333336,0.39247311827956993,56418.51637861224,53440.35499869487,0.12837032757224476,0.06880709997389745,0.05956322759834731,-0.10021271220473238,2.0126495307878765,1.7924743790639832,4.7105263157894735,3.0,2023Q1,2022-12-31,2023-01-01,2023-03-31,holding,
trend_quality_volume_shape_hold_3d,trend_quality_volume_shape,3.0,1.0,62,62,65.0,62.0,31.000000000000004,0.5000000000000001,52080.84587382951,53440.35499869487,0.04161691747659013,0.06880709997389745,-0.027190182497307314,-0.11196905127641787,0.6890783776419149,1.7924743790639832,2.9193548387096775,3.0,2023Q1,2022-12-31,2023-01-01,2023-03-31,holding,
trend_quality_avoid_failed_gap_hold_3d,trend_quality_avoid_failed_gap,3.0,1.0,62,62,65.0,62.0,31.666666666666664,0.510752688172043,58029.34804156615,53440.35499869487,0.16058696083132284,0.06880709997389745,0.0917798608574254,-0.0950525976235469,2.1032076287198422,1.7924743790639832,2.9193548387096775,3.0,2023Q1,2022-12-31,2023-01-01,2023-03-31,holding,
trend_quality_avoid_failed_gap_volume_shape_hold_3d,trend_quality_avoid_failed_gap_volume_shape,3.0,1.0,62,62,65.0,62.0,32.333333333333336,0.5215053763440861,50714.95789381347,53440.35499869487,0.014299157876269453,0.06880709997389745,-0.05450794209762799,-0.11196905127641787,0.3404427607523601,1.7924743790639832,2.9193548387096775,3.0,2023Q1,2022-12-31,2023-01-01,2023-03-31,holding,
gap_resistance_hold_1d,gap_resistance,1.0,1.0,62,27,42.0,41.0,47.0,0.7580645161290323,38808.58278893106,53440.35499869487,-0.22382834422137876,0.06880709997389745,-0.2926354441952762,-0.27590149654044094,-3.47417231985577,1.7924743790639832,1.0,1.0,2023Q1,2022-12-31,2023-01-01,2023-03-31,holding,
gap_resistance_hold_3d,gap_resistance,3.0,1.0,62,45,27.0,25.0,30.333333333333336,0.48924731182795705,47247.03540806825,53440.35499869487,-0.055059291838635005,0.06880709997389745,-0.12386639181253245,-0.21041953767029253,-0.5363365854281951,1.7924743790639832,2.92,2.0,2023Q1,2022-12-31,2023-01-01,2023-03-31,holding,
gap_resistance_50_hold_3d,gap_resistance_50,3.0,1.0,62,34,20.0,20.0,23.666666666666668,0.3817204301075269,42320.288882952205,53440.35499869487,-0.15359422234095588,0.06880709997389745,-0.22240132231485332,-0.2187574926685849,-2.2849127927259154,1.7924743790639832,2.9,0.0,2023Q1,2022-12-31,2023-01-01,2023-03-31,holding,
trend_quality_gap_resistance_hold_3d,trend_quality_gap_resistance,3.0,1.0,62,41,25.0,24.0,29.333333333333336,0.4731182795698925,44605.40743421997,53440.35499869487,-0.10789185131560064,0.06880709997389745,-0.17669895128949809,-0.22143613663023998,-1.2897888126727328,1.7924743790639832,2.9166666666666665,1.0,2023Q1,2022-12-31,2023-01-01,2023-03-31,holding,
breakout_quality_hold_3d,breakout_quality,3.0,1.0,62,62,63.0,60.0,37.0,0.5967741935483871,52737.03403332739,53440.35499869487,0.0547406806665478,0.06880709997389745,-0.014066419307349642,-0.06981509276534781,1.324536710631503,1.7924743790639832,3.0,3.0,2023Q1,2022-12-31,2023-01-01,2023-03-31,holding,
defensive_trend_hold_5d,defensive_trend,5.0,1.0,62,62,40.0,37.0,18.333333333333336,0.2956989247311828,56369.97442188303,53440.35499869487,0.12739948843766058,0.06880709997389745,0.058592388463763134,-0.05805214218947119,2.0894792854749067,1.7924743790639832,4.864864864864865,3.0,2023Q1,2022-12-31,2023-01-01,2023-03-31,holding,
hybrid_markov_trend_hold_3d,hybrid_markov_trend,3.0,1.0,62,62,64.0,61.0,26.333333333333332,0.4247311827956989,52483.81847381384,53440.35499869487,0.04967636947627674,0.06880709997389745,-0.019130730497620707,-0.1529462848989913,0.7885734289643151,1.7924743790639832,2.9344262295081966,3.0,2023Q1,2022-12-31,2023-01-01,2023-03-31,holding,
hybrid_markov_trend_hold_5d,hybrid_markov_trend_spy_gated,5.0,1.0,62,42,29.0,26.0,18.0,0.2903225806451613,51332.62767856343,53440.35499869487,0.026652553571268722,0.06880709997389745,-0.04215454640262872,-0.10085906445955495,0.5196936152960195,1.7924743790639832,4.615384615384615,3.0,2023Q1,2022-12-31,2023-01-01,2023-03-31,holding,
hybrid_markov_trend_exit_max10,hybrid_markov_trend_spy_gated,10.0,2.0,62,36,27.0,24.0,17.666666666666664,0.28494623655913975,51403.08109725974,53440.35499869487,0.028061621945194792,0.06880709997389745,-0.04074547802870265,-0.10084164158423281,0.5900923781841907,1.7924743790639832,4.291666666666667,3.0,2023Q1,2022-12-31,2023-01-01,2023-03-31,holding,
markov_daily_manual,,,,62,62,,,,,,,0.07525565773244614,0.06880709997389745,0.00644855775854869,-0.11131692085041334,1.4347150411906153,1.7924743790639832,,,2023Q1,2022-12-31,2023-01-01,2023-03-31,markov_daily,186.0
markov_daily_confirmed,,,,62,62,,,,,,,0.05472369658568099,0.06880709997389745,-0.014083403388216453,-0.12828628652793594,1.0496296651046422,1.7924743790639832,,,2023Q1,2022-12-31,2023-01-01,2023-03-31,markov_daily,186.0
markov_daily_spy_gated,,,,62,34,,,,,,,-0.058249125979396355,0.06880709997389745,-0.1270562259532938,-0.10831654600308926,-1.606315048138242,1.7924743790639832,,,2023Q1,2022-12-31,2023-01-01,2023-03-31,markov_daily,102.0
markov_daily_confirmed_spy_gated,,,,62,34,,,,,,,-0.07623181894759701,0.06880709997389745,-0.14503891892149445,-0.12534320371097507,-1.967256333502448,1.7924743790639832,,,2023Q1,2022-12-31,2023-01-01,2023-03-31,markov_daily,102.0
markov_daily_algo_fused_spy_gated,,,,62,34,,,,,,,-0.06250667892630069,0.06880709997389745,-0.13131377890019813,-0.10831654600308949,-1.7398248260164906,1.7924743790639832,,,2023Q1,2022-12-31,2023-01-01,2023-03-31,markov_daily,102.0
confirmed_rebalance_daily,confirmed,1.0,1.0,62,62,186.0,183.0,8.999999999999998,0.14516129032258063,62383.571700429646,54072.43686807018,0.24767143400859282,0.08144873736140368,0.16622269664718914,-0.06240397840709433,3.6702882128578547,2.9478738511886173,1.0,3.0,2023Q2,2023-03-31,2023-04-01,2023-06-30,holding,
confirmed_hold_2d,confirmed,2.0,1.0,62,62,93.0,90.0,6.333333333333332,0.10215053763440858,65483.602501805406,54072.43686807018,0.3096720500361081,0.08144873736140368,0.22822331267470441,-0.04585531455751146,4.815107969776853,2.9478738511886173,2.0,3.0,2023Q2,2023-03-31,2023-04-01,2023-06-30,holding,
confirmed_hold_3d,confirmed,3.0,1.0,62,62,64.0,61.0,8.333333333333332,0.13440860215053763,64768.68667540254,54072.43686807018,0.29537373350805085,0.08144873736140368,0.21392499614664717,-0.04461714916380388,4.664089794253398,2.9478738511886173,2.918032786885246,3.0,2023Q2,2023-03-31,2023-04-01,2023-06-30,holding,
confirmed_hold_5d,confirmed,5.0,1.0,62,62,41.0,38.0,7.666666666666666,0.12365591397849461,61425.34353739536,54072.43686807018,0.2285068707479072,0.08144873736140368,0.14705813338650353,-0.05557890045243952,3.8027691383277715,2.9478738511886173,4.7368421052631575,3.0,2023Q2,2023-03-31,2023-04-01,2023-06-30,holding,
confirmed_hold_10d,confirmed,10.0,1.0,62,62,21.0,18.0,5.666666666666666,0.09139784946236558,63090.20967528808,54072.43686807018,0.26180419350576156,0.08144873736140368,0.18035545614435788,-0.03430648815650905,4.556544546033823,2.9478738511886173,9.444444444444445,3.0,2023Q2,2023-03-31,2023-04-01,2023-06-30,holding,
confirmed_signal_exit_max10,confirmed,10.0,2.0,62,62,21.0,18.0,5.666666666666666,0.09139784946236558,63090.20967528808,54072.43686807018,0.26180419350576156,0.08144873736140368,0.18035545614435788,-0.03430648815650905,4.556544546033823,2.9478738511886173,9.444444444444445,3.0,2023Q2,2023-03-31,2023-04-01,2023-06-30,holding,
confirmed_market_exposure_hold_5d,confirmed,5.0,1.0,62,62,41.0,38.0,9.766666666666666,0.15752688172043008,58924.5512669389,54072.43686807018,0.17849102533877792,0.08144873736140368,0.09704228797737424,-0.05557890045243952,3.255687562385545,2.9478738511886173,4.7368421052631575,3.0,2023Q2,2023-03-31,2023-04-01,2023-06-30,holding,
confirmed_market_exposure_hold_10d,confirmed,10.0,1.0,62,62,21.0,18.0,7.999999999999999,0.12903225806451613,61105.015481060866,54072.43686807018,0.2221003096212173,0.08144873736140368,0.14065157225981362,-0.03430648815650905,4.140531702899287,2.9478738511886173,9.444444444444445,3.0,2023Q2,2023-03-31,2023-04-01,2023-06-30,holding,
confirmed_rel_rank_hold_5d,confirmed_rel_rank,5.0,1.0,62,62,41.0,38.0,19.666666666666668,0.3172043010752688,53553.20267793375,54072.43686807018,0.07106405355867484,0.08144873736140368,-0.010384683802728834,-0.07012302484869981,1.2060618482436292,2.9478738511886173,4.7368421052631575,3.0,2023Q2,2023-03-31,2023-04-01,2023-06-30,holding,
confirmed_rel_rank_market_hold_5d,confirmed_rel_rank,5.0,1.0,62,62,41.0,38.0,21.06666666666667,0.3397849462365592,52909.77352413111,54072.43686807018,0.05819547048262219,0.08144873736140368,-0.023253266878781487,-0.07012302484869959,1.0482321687912848,2.9478738511886173,4.7368421052631575,3.0,2023Q2,2023-03-31,2023-04-01,2023-06-30,holding,
confirmed_relative_guard_hold_5d,confirmed_relative_guard,5.0,1.0,62,62,40.0,37.0,22.833333333333336,0.3682795698924732,53540.87721692777,54072.43686807018,0.07081754433855547,0.08144873736140368,-0.010631193022848207,-0.0749014454752831,1.3607679188894775,2.9478738511886173,4.837837837837838,3.0,2023Q2,2023-03-31,2023-04-01,2023-06-30,holding,
confirmed_relative_guard_exit_max10,confirmed_relative_guard,10.0,2.0,62,62,43.0,40.0,28.833333333333332,0.4650537634408602,48687.77676670073,54072.43686807018,-0.0262444646659854,0.08144873736140368,-0.10769320202738908,-0.10722794975585437,-0.259381397618243,2.9478738511886173,4.5,3.0,2023Q2,2023-03-31,2023-04-01,2023-06-30,holding,
confirmed_strong_relative_guard_hold_5d,confirmed_strong_relative_guard,5.0,1.0,62,62,40.0,37.0,22.833333333333336,0.3682795698924732,53540.87721692777,54072.43686807018,0.07081754433855547,0.08144873736140368,-0.010631193022848207,-0.0749014454752831,1.3607679188894775,2.9478738511886173,4.837837837837838,3.0,2023Q2,2023-03-31,2023-04-01,2023-06-30,holding,
spy_fused_rebalance_daily,algo_fused_spy_gated,1.0,1.0,62,44,132.0,129.0,7.666666666666666,0.12365591397849461,56502.28887034472,54072.43686807018,0.13004577740689438,0.08144873736140368,0.0485970400454907,-0.0462403556889881,2.596188710908018,2.9478738511886173,1.0,3.0,2023Q2,2023-03-31,2023-04-01,2023-06-30,holding,
spy_fused_hold_3d,algo_fused_spy_gated,3.0,1.0,62,48,49.0,46.0,7.666666666666666,0.12365591397849461,58261.335347808024,54072.43686807018,0.1652267069561606,0.08144873736140368,0.08377796959475692,-0.03430648815650905,3.5044211846303073,2.9478738511886173,2.891304347826087,3.0,2023Q2,2023-03-31,2023-04-01,2023-06-30,holding,
spy_fused_hold_5d,algo_fused_spy_gated,5.0,1.0,62,50,32.0,29.0,9.0,0.14516129032258066,54911.033122561865,54072.43686807018,0.0982206624512374,0.08144873736140368,0.016771925089833717,-0.05113638404959564,2.171537034304276,2.9478738511886173,4.655172413793103,3.0,2023Q2,2023-03-31,2023-04-01,2023-06-30,holding,
spy_fused_rank_exit_max10,algo_fused_spy_gated,10.0,2.0,62,45,19.0,16.0,7.0,0.11290322580645161,59370.346955126864,54072.43686807018,0.18740693910253725,0.08144873736140368,0.10595820174113357,-0.03430648815650905,4.188569358966617,2.9478738511886173,7.125,3.0,2023Q2,2023-03-31,2023-04-01,2023-06-30,holding,
relative_momentum_hold_3d,relative_momentum,3.0,1.0,62,62,64.0,61.0,31.000000000000007,0.5000000000000001,50540.9694078704,54072.43686807018,0.010819388157407905,0.08144873736140368,-0.07062934920399577,-0.10236946262121183,0.2942145979458719,2.9478738511886173,2.9508196721311477,3.0,2023Q2,2023-03-31,2023-04-01,2023-06-30,holding,
relative_momentum_hold_5d,relative_momentum,5.0,1.0,62,62,41.0,38.0,24.333333333333336,0.39247311827956993,56670.48684553017,54072.43686807018,0.13340973691060332,0.08144873736140368,0.05196099954919964,-0.08455857633445707,1.9190671098060919,2.9478738511886173,4.7105263157894735,3.0,2023Q2,2023-03-31,2023-04-01,2023-06-30,holding,
relative_momentum_exit_max10,relative_momentum_spy_gated,10.0,2.0,62,46,26.0,23.0,16.333333333333332,0.26344086021505375,54069.69431406869,54072.43686807018,0.0813938862813739,0.08144873736140368,-5.4851080029783006e-05,-0.06867423626663993,1.598405931833586,2.9478738511886173,5.173913043478261,3.0,2023Q2,2023-03-31,2023-04-01,2023-06-30,holding,
relative_momentum_volume_shape_exit_max10,relative_momentum_volume_shape_spy_gated,10.0,2.0,62,46,27.0,24.0,18.333333333333336,0.2956989247311828,53409.21885296438,54072.43686807018,0.0681843770592876,0.08144873736140368,-0.013264360302116085,-0.07114628777476173,1.2664395279817067,2.9478738511886173,5.041666666666667,3.0,2023Q2,2023-03-31,2023-04-01,2023-06-30,holding,
trend_quality_hold_3d,trend_quality,3.0,1.0,62,62,64.0,61.0,27.666666666666668,0.44623655913978494,56646.75931221594,54072.43686807018,0.13293518624431866,0.08144873736140368,0.05148644888291498,-0.08029690776934861,2.022594280098456,2.9478738511886173,2.9344262295081966,3.0,2023Q2,2023-03-31,2023-04-01,2023-06-30,holding,
trend_quality_hold_5d,trend_quality,5.0,1.0,62,62,40.0,37.0,23.0,0.3709677419354839,58201.1020142582,54072.43686807018,0.16402204028516398,0.08144873736140368,0.0825733029237603,-0.07649085179823645,2.5555022372260803,2.9478738511886173,4.891891891891892,3.0,2023Q2,2023-03-31,2023-04-01,2023-06-30,holding,
trend_quality_volume_shape_hold_3d,trend_quality_volume_shape,3.0,1.0,62,62,64.0,61.0,31.666666666666668,0.510752688172043,55345.01788496297,54072.43686807018,0.10690035769925932,0.08144873736140368,0.02545162033785564,-0.08774149739352144,1.7016762864472343,2.9478738511886173,2.9344262295081966,3.0,2023Q2,2023-03-31,2023-04-01,2023-06-30,holding,
trend_quality_avoid_failed_gap_hold_3d,trend_quality_avoid_failed_gap,3.0,1.0,62,62,64.0,61.0,27.666666666666668,0.44623655913978494,56646.75931221594,54072.43686807018,0.13293518624431866,0.08144873736140368,0.05148644888291498,-0.08029690776934861,2.022594280098456,2.9478738511886173,2.9344262295081966,3.0,2023Q2,2023-03-31,2023-04-01,2023-06-30,holding,
trend_quality_avoid_failed_gap_volume_shape_hold_3d,trend_quality_avoid_failed_gap_volume_shape,3.0,1.0,62,62,64.0,61.0,31.666666666666668,0.510752688172043,55345.01788496297,54072.43686807018,0.10690035769925932,0.08144873736140368,0.02545162033785564,-0.08774149739352144,1.7016762864472343,2.9478738511886173,2.9344262295081966,3.0,2023Q2,2023-03-31,2023-04-01,2023-06-30,holding,
gap_resistance_hold_1d,gap_resistance,1.0,1.0,62,31,46.0,45.0,60.0,0.967741935483871,39534.403787945834,54072.43686807018,-0.20931192424108336,0.08144873736140368,-0.29076066160248704,-0.2050666262752736,-2.95250680630097,2.9478738511886173,1.0,1.0,2023Q2,2023-03-31,2023-04-01,2023-06-30,holding,
gap_resistance_hold_3d,gap_resistance,3.0,1.0,62,51,32.0,31.0,44.666666666666664,0.7204301075268816,46620.72152111723,54072.43686807018,-0.06758556957765538,0.08144873736140368,-0.14903430693905906,-0.15132691349687832,-0.8895878459095108,2.9478738511886173,2.967741935483871,1.0,2023Q2,2023-03-31,2023-04-01,2023-06-30,holding,
gap_resistance_50_hold_3d,gap_resistance_50,3.0,1.0,62,36,20.0,19.0,33.333333333333336,0.5376344086021506,49616.50141876647,54072.43686807018,-0.007669971624670535,0.08144873736140368,-0.08911870898607421,-0.09837146945157316,0.04492892521387478,2.9478738511886173,2.9473684210526314,1.0,2023Q2,2023-03-31,2023-04-01,2023-06-30,holding,
trend_quality_gap_resistance_hold_3d,trend_quality_gap_resistance,3.0,1.0,62,49,29.0,28.0,42.66666666666667,0.6881720430107527,49952.756691659175,54072.43686807018,-0.0009448661668165492,0.08144873736140368,-0.08239360352822023,-0.07613088274837032,0.1035453345713616,2.9478738511886173,2.9642857142857144,1.0,2023Q2,2023-03-31,2023-04-01,2023-06-30,holding,
breakout_quality_hold_3d,breakout_quality,3.0,1.0,62,62,64.0,61.0,40.999999999999986,0.6612903225806449,52723.87376438554,54072.43686807018,0.05447747528771085,0.08144873736140368,-0.026971262073692825,-0.04453197663270991,1.2743477069389693,2.9478738511886173,2.9508196721311477,3.0,2023Q2,2023-03-31,2023-04-01,2023-06-30,holding,
defensive_trend_hold_5d,defensive_trend,5.0,1.0,62,62,40.0,37.0,18.333333333333332,0.29569892473118276,58565.95645149147,54072.43686807018,0.17131912902982926,0.08144873736140368,0.08987039166842559,-0.06441241652098073,2.943804683642754,2.9478738511886173,4.891891891891892,3.0,2023Q2,2023-03-31,2023-04-01,2023-06-30,holding,
hybrid_markov_trend_hold_3d,hybrid_markov_trend,3.0,1.0,62,62,64.0,61.0,31.66666666666667,0.5107526881720431,54668.38667482764,54072.43686807018,0.09336773349655281,0.08144873736140368,0.01191899613514913,-0.08831060537927204,1.5100715431860476,2.9478738511886173,2.9508196721311477,3.0,2023Q2,2023-03-31,2023-04-01,2023-06-30,holding,
hybrid_markov_trend_hold_5d,hybrid_markov_trend_spy_gated,5.0,1.0,62,47,31.0,28.0,17.666666666666668,0.2849462365591398,53607.595785737496,54072.43686807018,0.07215191571474988,0.08144873736140368,-0.009296821646653797,-0.06261076182515835,1.3125755956378162,2.9478738511886173,4.857142857142857,3.0,2023Q2,2023-03-31,2023-04-01,2023-06-30,holding,
hybrid_markov_trend_exit_max10,hybrid_markov_trend_spy_gated,10.0,2.0,62,46,35.0,32.0,21.66666666666667,0.3494623655913979,49793.06460240537,54072.43686807018,-0.0041387079518925285,0.08144873736140368,-0.0855874453132962,-0.09361518147257042,0.06350946444630726,2.9478738511886173,4.0,3.0,2023Q2,2023-03-31,2023-04-01,2023-06-30,holding,
markov_daily_manual,,,,62,62,,,,,,,0.19894799725662105,0.08144873736140368,0.11749925989521737,-0.0623163048944555,3.0260187872561572,2.9478738511886173,,,2023Q2,2023-03-31,2023-04-01,2023-06-30,markov_daily,186.0
markov_daily_confirmed,,,,62,62,,,,,,,0.19176524074219148,0.08144873736140368,0.1103165033807878,-0.0679338576864904,2.93741152337511,2.9478738511886173,,,2023Q2,2023-03-31,2023-04-01,2023-06-30,markov_daily,186.0
markov_daily_spy_gated,,,,62,44,,,,,,,0.09441268521495316,0.08144873736140368,0.012963947853549485,-0.046773689022321374,1.9488979897899639,2.9478738511886173,,,2023Q2,2023-03-31,2023-04-01,2023-06-30,markov_daily,132.0
markov_daily_confirmed_spy_gated,,,,62,44,,,,,,,0.09441268521495316,0.08144873736140368,0.012963947853549485,-0.046773689022321374,1.9488979897899639,2.9478738511886173,,,2023Q2,2023-03-31,2023-04-01,2023-06-30,markov_daily,132.0
markov_daily_algo_fused_spy_gated,,,,62,44,,,,,,,0.09441268521495316,0.08144873736140368,0.012963947853549485,-0.046773689022321374,1.9488979897899639,2.9478738511886173,,,2023Q2,2023-03-31,2023-04-01,2023-06-30,markov_daily,132.0
confirmed_rebalance_daily,confirmed,1.0,1.0,63,63,189.0,186.0,8.999999999999998,0.14285714285714282,53634.61463173446,48263.36351934243,0.07269229263468913,-0.034732729613151436,0.10742502224784056,-0.09338405960828311,1.142763547914634,-1.2176421125681054,1.0,3.0,2023Q3,2023-06-30,2023-07-01,2023-09-30,holding,
confirmed_hold_2d,confirmed,2.0,1.0,63,63,96.0,93.0,9.666666666666666,0.15343915343915343,53120.216620488085,48263.36351934243,0.06240433240976162,-0.034732729613151436,0.09713706202291306,-0.09844057735047473,1.0062231558703005,-1.2176421125681054,1.989247311827957,3.0,2023Q3,2023-06-30,2023-07-01,2023-09-30,holding,
confirmed_hold_3d,confirmed,3.0,1.0,63,63,66.0,63.0,9.666666666666664,0.1534391534391534,54408.38645825302,48263.36351934243,0.08816772916506044,-0.034732729613151436,0.12290045877821187,-0.08003384831559701,1.351030430258326,-1.2176421125681054,2.888888888888889,3.0,2023Q3,2023-06-30,2023-07-01,2023-09-30,holding,
confirmed_hold_5d,confirmed,5.0,1.0,63,63,41.0,38.0,7.666666666666667,0.1216931216931217,53460.39738802724,48263.36351934243,0.06920794776054473,-0.034732729613151436,0.10394067737369617,-0.10528672587831278,1.0926864176615463,-1.2176421125681054,4.7631578947368425,3.0,2023Q3,2023-06-30,2023-07-01,2023-09-30,holding,
confirmed_hold_10d,confirmed,10.0,1.0,63,63,21.0,18.0,6.333333333333333,0.10052910052910052,52884.630816168064,48263.36351934243,0.05769261632336131,-0.034732729613151436,0.09242534593651275,-0.1024389533971054,0.9389075439528427,-1.2176421125681054,9.11111111111111,3.0,2023Q3,2023-06-30,2023-07-01,2023-09-30,holding,
confirmed_signal_exit_max10,confirmed,10.0,2.0,63,63,22.0,19.0,6.333333333333333,0.10052910052910052,53852.138711243475,48263.36351934243,0.0770427742248696,-0.034732729613151436,0.11177550383802104,-0.09460597942366777,1.2085685807304867,-1.2176421125681054,8.736842105263158,3.0,2023Q3,2023-06-30,2023-07-01,2023-09-30,holding,
confirmed_market_exposure_hold_5d,confirmed,5.0,1.0,63,63,41.0,38.0,9.899999999999999,0.1571428571428571,53896.77382329617,48263.36351934243,0.07793547646592347,-0.034732729613151436,0.1126682060790749,-0.10528672587831278,1.2405813123946745,-1.2176421125681054,4.7631578947368425,3.0,2023Q3,2023-06-30,2023-07-01,2023-09-30,holding,
confirmed_market_exposure_hold_10d,confirmed,10.0,1.0,63,63,21.0,18.0,8.566666666666666,0.13597883597883598,53316.30749280349,48263.36351934243,0.06632614985606988,-0.034732729613151436,0.10105887946922132,-0.09460597942366777,1.0817012746327486,-1.2176421125681054,9.11111111111111,3.0,2023Q3,2023-06-30,2023-07-01,2023-09-30,holding,
confirmed_rel_rank_hold_5d,confirmed_rel_rank,5.0,1.0,63,63,39.0,36.0,17.0,0.2698412698412698,54128.78067196756,48263.36351934243,0.08257561343935116,-0.034732729613151436,0.1173083430525026,-0.08358440317458071,1.4029485427617454,-1.2176421125681054,4.944444444444445,3.0,2023Q3,2023-06-30,2023-07-01,2023-09-30,holding,
confirmed_rel_rank_market_hold_5d,confirmed_rel_rank,5.0,1.0,63,63,39.0,36.0,18.03333333333333,0.2862433862433862,54431.03227801986,48263.36351934243,0.08862064556039728,-0.034732729613151436,0.12335337517354872,-0.08358440317458071,1.511171183312419,-1.2176421125681054,4.944444444444445,3.0,2023Q3,2023-06-30,2023-07-01,2023-09-30,holding,
confirmed_relative_guard_hold_5d,confirmed_relative_guard,5.0,1.0,63,63,41.0,38.0,22.03333333333333,0.34973544973544973,47214.86769680396,48263.36351934243,-0.055702646063920835,-0.034732729613151436,-0.0209699164507694,-0.10819651003079167,-1.0501667880428298,-1.2176421125681054,4.7894736842105265,3.0,2023Q3,2023-06-30,2023-07-01,2023-09-30,holding,
confirmed_relative_guard_exit_max10,confirmed_relative_guard,10.0,2.0,63,63,51.0,48.0,32.56666666666667,0.516931216931217,45819.01972546363,48263.36351934243,-0.08361960549072744,-0.034732729613151436,-0.04888687587757601,-0.10418250552032027,-1.6256480508553013,-1.2176421125681054,3.75,3.0,2023Q3,2023-06-30,2023-07-01,2023-09-30,holding,
confirmed_strong_relative_guard_hold_5d,confirmed_strong_relative_guard,5.0,1.0,63,63,40.0,37.0,23.033333333333335,0.36560846560846566,47863.336181470266,48263.36351934243,-0.04273327637059465,-0.034732729613151436,-0.008000546757443217,-0.10730246358266671,-0.8054667678500881,-1.2176421125681054,4.837837837837838,3.0,2023Q3,2023-06-30,2023-07-01,2023-09-30,holding,
spy_fused_rebalance_daily,algo_fused_spy_gated,1.0,1.0,63,54,162.0,162.0,12.0,0.19047619047619047,55569.55014279525,48263.36351934243,0.11139100285590486,-0.034732729613151436,0.1461237324690563,-0.09338405960828311,1.7324312330041467,-1.2176421125681054,1.0,0.0,2023Q3,2023-06-30,2023-07-01,2023-09-30,holding,
spy_fused_hold_3d,algo_fused_spy_gated,3.0,1.0,63,57,58.0,58.0,13.333333333333334,0.21164021164021166,53687.995404219284,48263.36351934243,0.0737599080843856,-0.034732729613151436,0.10849263769753703,-0.08003384831559701,1.1655965977624736,-1.2176421125681054,2.913793103448276,0.0,2023Q3,2023-06-30,2023-07-01,2023-09-30,holding,
spy_fused_hold_5d,algo_fused_spy_gated,5.0,1.0,63,60,36.0,36.0,10.0,0.15873015873015872,52745.25106999049,48263.36351934243,0.054905021399809684,-0.034732729613151436,0.08963775101296112,-0.11321053436303963,0.8823429499440095,-1.2176421125681054,4.75,0.0,2023Q3,2023-06-30,2023-07-01,2023-09-30,holding,
spy_fused_rank_exit_max10,algo_fused_spy_gated,10.0,2.0,63,56,25.0,25.0,12.0,0.19047619047619047,52944.161332834716,48263.36351934243,0.05888322665669432,-0.034732729613151436,0.09361595626984576,-0.09460597942366777,0.9770361026905152,-1.2176421125681054,6.64,0.0,2023Q3,2023-06-30,2023-07-01,2023-09-30,holding,
relative_momentum_hold_3d,relative_momentum,3.0,1.0,63,63,64.0,61.0,31.0,0.49206349206349204,43683.91626894686,48263.36351934243,-0.1263216746210628,-0.034732729613151436,-0.09158894500791137,-0.1327475299288582,-2.675794747974946,-1.2176421125681054,2.9672131147540983,3.0,2023Q3,2023-06-30,2023-07-01,2023-09-30,holding,
relative_momentum_hold_5d,relative_momentum,5.0,1.0,63,63,39.0,36.0,20.333333333333332,0.32275132275132273,48775.563110103365,48263.36351934243,-0.024488737797932703,-0.034732729613151436,0.010243991815218734,-0.10764079692501505,-0.3043465274390989,-1.2176421125681054,5.0,3.0,2023Q3,2023-06-30,2023-07-01,2023-09-30,holding,
relative_momentum_exit_max10,relative_momentum_spy_gated,10.0,2.0,63,56,27.0,27.0,18.666666666666664,0.2962962962962963,50961.80918908765,48263.36351934243,0.019236183781752958,-0.034732729613151436,0.053968913394904394,-0.07837943791064139,0.4514495021621389,-1.2176421125681054,6.148148148148148,0.0,2023Q3,2023-06-30,2023-07-01,2023-09-30,holding,
relative_momentum_volume_shape_exit_max10,relative_momentum_volume_shape_spy_gated,10.0,2.0,63,55,27.0,27.0,18.0,0.2857142857142857,46690.66347992708,48263.36351934243,-0.06618673040145828,-0.034732729613151436,-0.031454000788306846,-0.09859884317717349,-1.3571398270833672,-1.2176421125681054,6.111111111111111,0.0,2023Q3,2023-06-30,2023-07-01,2023-09-30,holding,
trend_quality_hold_3d,trend_quality,3.0,1.0,63,63,63.0,60.0,34.333333333333336,0.544973544973545,43302.917235229965,48263.36351934243,-0.1339416552954007,-0.034732729613151436,-0.09920892568224926,-0.1626205616240436,-3.2265173226885384,-1.2176421125681054,3.0,3.0,2023Q3,2023-06-30,2023-07-01,2023-09-30,holding,
trend_quality_hold_5d,trend_quality,5.0,1.0,63,63,39.0,36.0,21.666666666666664,0.3439153439153439,46696.10389376017,48263.36351934243,-0.06607792212479657,-0.034732729613151436,-0.03134519251164514,-0.10738136790281572,-1.573529566796223,-1.2176421125681054,5.0,3.0,2023Q3,2023-06-30,2023-07-01,2023-09-30,holding,
trend_quality_volume_shape_hold_3d,trend_quality_volume_shape,3.0,1.0,63,63,64.0,61.0,34.33333333333333,0.5449735449735449,44130.890785015996,48263.36351934243,-0.11738218429968006,-0.034732729613151436,-0.08264945468652862,-0.14559294711117032,-2.9777242389457457,-1.2176421125681054,2.9672131147540983,3.0,2023Q3,2023-06-30,2023-07-01,2023-09-30,holding,
trend_quality_avoid_failed_gap_hold_3d,trend_quality_avoid_failed_gap,3.0,1.0,63,63,63.0,60.0,35.666666666666664,0.566137566137566,42354.33363360291,48263.36351934243,-0.15291332732794183,-0.034732729613151436,-0.11818059771479039,-0.1626205616240438,-3.7967732979610624,-1.2176421125681054,3.0,3.0,2023Q3,2023-06-30,2023-07-01,2023-09-30,holding,
trend_quality_avoid_failed_gap_volume_shape_hold_3d,trend_quality_avoid_failed_gap_volume_shape,3.0,1.0,63,63,64.0,61.0,36.33333333333333,0.5767195767195766,43127.60650344593,48263.36351934243,-0.13744786993108138,-0.034732729613151436,-0.10271514031792994,-0.14133837430238505,-3.6220228369562912,-1.2176421125681054,2.9672131147540983,3.0,2023Q3,2023-06-30,2023-07-01,2023-09-30,holding,
gap_resistance_hold_1d,gap_resistance,1.0,1.0,63,27,40.0,40.0,52.66666666666667,0.835978835978836,39994.89440930931,48263.36351934243,-0.20010211181381388,-0.034732729613151436,-0.16536938220066244,-0.19012106727599354,-3.210274650202491,-1.2176421125681054,1.0,0.0,2023Q3,2023-06-30,2023-07-01,2023-09-30,holding,
gap_resistance_hold_3d,gap_resistance,3.0,1.0,63,47,30.0,30.0,38.00000000000001,0.6031746031746033,46813.704205234724,48263.36351934243,-0.06372591589530552,-0.034732729613151436,-0.028993186282154082,-0.15843419389632651,-0.8404040045078587,-1.2176421125681054,3.0,0.0,2023Q3,2023-06-30,2023-07-01,2023-09-30,holding,
gap_resistance_50_hold_3d,gap_resistance_50,3.0,1.0,63,47,26.0,26.0,35.66666666666667,0.5661375661375662,44647.2617792547,48263.36351934243,-0.10705476441490591,-0.034732729613151436,-0.07232203480175448,-0.16655462002550303,-1.4949332794504293,-1.2176421125681054,3.0,0.0,2023Q3,2023-06-30,2023-07-01,2023-09-30,holding,
trend_quality_gap_resistance_hold_3d,trend_quality_gap_resistance,3.0,1.0,63,43,27.0,27.0,33.33333333333333,0.5291005291005291,45261.573970646634,48263.36351934243,-0.0947685205870673,-0.034732729613151436,-0.06003579097391587,-0.1416058256989804,-1.3699148861871777,-1.2176421125681054,3.0,0.0,2023Q3,2023-06-30,2023-07-01,2023-09-30,holding,
breakout_quality_hold_3d,breakout_quality,3.0,1.0,63,63,64.0,61.0,36.33333333333333,0.5767195767195766,53566.32216305232,48263.36351934243,0.07132644326104631,-0.034732729613151436,0.10605917287419775,-0.039302252532868565,1.8256991426044238,-1.2176421125681054,2.9672131147540983,3.0,2023Q3,2023-06-30,2023-07-01,2023-09-30,holding,
defensive_trend_hold_5d,defensive_trend,5.0,1.0,63,63,39.0,36.0,20.333333333333332,0.32275132275132273,43865.68149229507,48263.36351934243,-0.12268637015409856,-0.034732729613151436,-0.08795364054094712,-0.14821718546719698,-3.352582622371913,-1.2176421125681054,5.0,3.0,2023Q3,2023-06-30,2023-07-01,2023-09-30,holding,
hybrid_markov_trend_hold_3d,hybrid_markov_trend,3.0,1.0,63,63,63.0,60.0,26.333333333333332,0.41798941798941797,47184.05284838803,48263.36351934243,-0.05631894303223928,-0.034732729613151436,-0.02158621341908784,-0.10009154989465263,-1.2176604597491603,-1.2176421125681054,3.0,3.0,2023Q3,2023-06-30,2023-07-01,2023-09-30,holding,
hybrid_markov_trend_hold_5d,hybrid_markov_trend_spy_gated,5.0,1.0,63,55,33.0,33.0,18.0,0.2857142857142857,45755.67672788587,48263.36351934243,-0.08488646544228262,-0.034732729613151436,-0.050153735829131185,-0.1280481560757818,-1.9337488622747872,-1.2176421125681054,5.0,0.0,2023Q3,2023-06-30,2023-07-01,2023-09-30,holding,
hybrid_markov_trend_exit_max10,hybrid_markov_trend_spy_gated,10.0,2.0,63,56,36.0,36.0,25.999999999999996,0.4126984126984126,46116.79663892063,48263.36351934243,-0.07766406722158747,-0.034732729613151436,-0.04293133760843604,-0.09892052670945639,-1.4261417810539387,-1.2176421125681054,4.583333333333333,0.0,2023Q3,2023-06-30,2023-07-01,2023-09-30,holding,
markov_daily_manual,,,,63,63,,,,,,,0.023687783038697008,-0.034732729613151436,0.058420512651848444,-0.11420731800937634,0.4729763119947239,-1.2176421125681054,,,2023Q3,2023-06-30,2023-07-01,2023-09-30,markov_daily,189.0
markov_daily_confirmed,,,,63,63,,,,,,,0.023687783038697008,-0.034732729613151436,0.058420512651848444,-0.11420731800937634,0.4729763119947239,-1.2176421125681054,,,2023Q3,2023-06-30,2023-07-01,2023-09-30,markov_daily,189.0
markov_daily_spy_gated,,,,63,54,,,,,,,0.06958029426496748,-0.034732729613151436,0.10431302387811892,-0.10259510032794528,1.1507453333946263,-1.2176421125681054,,,2023Q3,2023-06-30,2023-07-01,2023-09-30,markov_daily,162.0
markov_daily_confirmed_spy_gated,,,,63,54,,,,,,,0.06958029426496748,-0.034732729613151436,0.10431302387811892,-0.10259510032794528,1.1507453333946263,-1.2176421125681054,,,2023Q3,2023-06-30,2023-07-01,2023-09-30,markov_daily,162.0
markov_daily_algo_fused_spy_gated,,,,63,54,,,,,,,0.06958029426496748,-0.034732729613151436,0.10431302387811892,-0.10259510032794528,1.1507453333946263,-1.2176421125681054,,,2023Q3,2023-06-30,2023-07-01,2023-09-30,markov_daily,162.0
confirmed_rebalance_daily,confirmed,1.0,1.0,71,71,213.0,210.0,23.0,0.323943661971831,52203.89863599113,55572.842336756905,0.04407797271982261,0.111456846735138,-0.0673788740153154,-0.11579924106436246,0.7727666936139573,3.224289653233624,1.0,3.0,2023Q4,2023-09-30,2023-10-01,2023-12-31,holding,
confirmed_hold_2d,confirmed,2.0,1.0,71,71,108.0,105.0,18.333333333333336,0.25821596244131456,54465.16892522711,55572.842336756905,0.08930337850454229,0.111456846735138,-0.02215346823059572,-0.1088503192511523,1.3828684684337367,3.224289653233624,1.980952380952381,3.0,2023Q4,2023-09-30,2023-10-01,2023-12-31,holding,
confirmed_hold_3d,confirmed,3.0,1.0,71,71,73.0,70.0,17.0,0.23943661971830985,52378.280889868554,55572.842336756905,0.04756561779737112,0.111456846735138,-0.06389122893776689,-0.11877296137971627,0.7492666891302199,3.224289653233624,2.914285714285714,3.0,2023Q4,2023-09-30,2023-10-01,2023-12-31,holding,
confirmed_hold_5d,confirmed,5.0,1.0,71,71,49.0,46.0,14.999999999999998,0.21126760563380279,55436.72034832744,55572.842336756905,0.10873440696654879,0.111456846735138,-0.002722439768589213,-0.10444642733426268,1.5274404507294466,3.224289653233624,4.478260869565218,3.0,2023Q4,2023-09-30,2023-10-01,2023-12-31,holding,
confirmed_hold_10d,confirmed,10.0,1.0,71,71,25.0,22.0,8.333333333333332,0.11737089201877933,55930.09813387017,55572.842336756905,0.1186019626774033,0.111456846735138,0.007145115942265301,-0.10444642733426268,1.625683278669148,3.224289653233624,9.227272727272727,3.0,2023Q4,2023-09-30,2023-10-01,2023-12-31,holding,
confirmed_signal_exit_max10,confirmed,10.0,2.0,71,71,28.0,25.0,9.666666666666666,0.13615023474178403,52689.945529929486,55572.842336756905,0.053798910598589655,0.111456846735138,-0.05765793613654835,-0.12247240593173181,0.8707343175597705,3.224289653233624,8.12,3.0,2023Q4,2023-09-30,2023-10-01,2023-12-31,holding,
confirmed_market_exposure_hold_5d,confirmed,5.0,1.0,71,71,49.0,46.0,16.133333333333333,0.2272300469483568,53166.74789210836,55572.842336756905,0.06333495784216714,0.111456846735138,-0.048121888892970865,-0.07603660065612938,1.2948348821935995,3.224289653233624,4.478260869565218,3.0,2023Q4,2023-09-30,2023-10-01,2023-12-31,holding,
confirmed_market_exposure_hold_10d,confirmed,10.0,1.0,71,71,25.0,22.0,9.7,0.13661971830985914,53628.786357883815,55572.842336756905,0.07257572715767635,0.111456846735138,-0.038881119577461654,-0.07603660065612938,1.422521174464504,3.224289653233624,9.227272727272727,3.0,2023Q4,2023-09-30,2023-10-01,2023-12-31,holding,
confirmed_rel_rank_hold_5d,confirmed_rel_rank,5.0,1.0,71,71,47.0,44.0,20.333333333333336,0.2863849765258216,54393.258952376375,55572.842336756905,0.08786517904752755,0.111456846735138,-0.02359166768761045,-0.11038196548922219,1.3931824991244297,3.224289653233624,4.7727272727272725,3.0,2023Q4,2023-09-30,2023-10-01,2023-12-31,holding,
confirmed_rel_rank_market_hold_5d,confirmed_rel_rank,5.0,1.0,71,71,47.0,44.0,20.066666666666666,0.28262910798122065,54179.65350850463,55572.842336756905,0.08359307017009243,0.111456846735138,-0.027863776565045573,-0.06473675054256889,1.7032496449763972,3.224289653233624,4.7727272727272725,3.0,2023Q4,2023-09-30,2023-10-01,2023-12-31,holding,
confirmed_relative_guard_hold_5d,confirmed_relative_guard,5.0,1.0,71,71,45.0,44.0,26.03333333333333,0.36666666666666664,54861.10522951925,55572.842336756905,0.09722210459038494,0.111456846735138,-0.014234742144753065,-0.06355724442364241,2.175458520107756,3.224289653233624,4.681818181818182,1.0,2023Q4,2023-09-30,2023-10-01,2023-12-31,holding,
confirmed_relative_guard_exit_max10,confirmed_relative_guard,10.0,2.0,71,69,57.0,56.0,34.83333333333333,0.4906103286384976,49260.99573678503,55572.842336756905,-0.014780085264299414,0.111456846735138,-0.12623693199943742,-0.10333940986634571,-0.2136927130848002,3.224289653233624,3.4464285714285716,1.0,2023Q4,2023-09-30,2023-10-01,2023-12-31,holding,
confirmed_strong_relative_guard_hold_5d,confirmed_strong_relative_guard,5.0,1.0,71,71,43.0,42.0,27.23333333333333,0.38356807511737084,54626.855726717855,55572.842336756905,0.0925371145343572,0.111456846735138,-0.018919732200780803,-0.05941720162357167,2.035280954282857,3.224289653233624,4.714285714285714,1.0,2023Q4,2023-09-30,2023-10-01,2023-12-31,holding,
spy_fused_rebalance_daily,algo_fused_spy_gated,1.0,1.0,71,17,51.0,48.0,2.9999999999999996,0.042253521126760556,49335.21584684888,55572.842336756905,-0.013295683063022423,0.111456846735138,-0.12475252979816043,-0.03035109692349236,-1.0523751798166892,3.224289653233624,1.0,3.0,2023Q4,2023-09-30,2023-10-01,2023-12-31,holding,
spy_fused_hold_3d,algo_fused_spy_gated,3.0,1.0,71,17,18.0,15.0,2.9999999999999996,0.042253521126760556,48701.896650134586,55572.842336756905,-0.025962066997308297,0.111456846735138,-0.1374189137324463,-0.039705640581059076,-2.235145593305087,3.224289653233624,2.933333333333333,3.0,2023Q4,2023-09-30,2023-10-01,2023-12-31,holding,
spy_fused_hold_5d,algo_fused_spy_gated,5.0,1.0,71,17,13.0,10.0,2.9999999999999996,0.042253521126760556,49015.81882150301,55572.842336756905,-0.0196836235699398,0.111456846735138,-0.1311404703050778,-0.039705640581059076,-1.6262834851072123,3.224289653233624,4.6,3.0,2023Q4,2023-09-30,2023-10-01,2023-12-31,holding,
spy_fused_rank_exit_max10,algo_fused_spy_gated,10.0,2.0,71,17,7.0,4.0,2.333333333333333,0.03286384976525821,49480.453393344134,55572.842336756905,-0.010390932133117259,0.111456846735138,-0.12184777886825526,-0.03035109692349236,-0.8117758416290114,3.224289653233624,7.75,3.0,2023Q4,2023-09-30,2023-10-01,2023-12-31,holding,
relative_momentum_hold_3d,relative_momentum,3.0,1.0,71,71,73.0,70.0,37.66666666666666,0.5305164319248825,53951.89766172182,55572.842336756905,0.07903795323443652,0.111456846735138,-0.032418893500701484,-0.04216217685833812,1.5460422115375037,3.224289653233624,2.942857142857143,3.0,2023Q4,2023-09-30,2023-10-01,2023-12-31,holding,
relative_momentum_hold_5d,relative_momentum,5.0,1.0,71,71,48.0,45.0,29.0,0.4084507042253521,55107.45331427871,55572.842336756905,0.10214906628557419,0.111456846735138,-0.009307780449563818,-0.07492671701489528,1.8119178566973158,3.224289653233624,4.666666666666667,3.0,2023Q4,2023-09-30,2023-10-01,2023-12-31,holding,
relative_momentum_exit_max10,relative_momentum_spy_gated,10.0,2.0,71,17,9.0,6.0,5.0,0.07042253521126761,50668.66062868989,55572.842336756905,0.013373212573797755,0.111456846735138,-0.09808363416134025,-0.03016095844029154,0.5941460120016698,3.224289653233624,5.5,3.0,2023Q4,2023-09-30,2023-10-01,2023-12-31,holding,
relative_momentum_volume_shape_exit_max10,relative_momentum_volume_shape_spy_gated,10.0,2.0,71,17,11.0,8.0,6.333333333333334,0.08920187793427231,51878.5675601578,55572.842336756905,0.03757135120315591,0.111456846735138,-0.07388549553198209,-0.030101078042456986,1.6433840757677225,3.224289653233624,5.375,3.0,2023Q4,2023-09-30,2023-10-01,2023-12-31,holding,
trend_quality_hold_3d,trend_quality,3.0,1.0,71,71,74.0,71.0,36.99999999999999,0.5211267605633801,53427.067924262796,55572.842336756905,0.06854135848525589,0.111456846735138,-0.04291548824988212,-0.038634776028517726,1.5624163673798181,3.224289653233624,2.9014084507042255,3.0,2023Q4,2023-09-30,2023-10-01,2023-12-31,holding,
trend_quality_hold_5d,trend_quality,5.0,1.0,71,71,46.0,43.0,25.666666666666664,0.3615023474178403,58959.78509961426,55572.842336756905,0.17919570199228518,0.111456846735138,0.06773885525714718,-0.04731774669173261,3.3008330176094174,3.224289653233624,4.8604651162790695,3.0,2023Q4,2023-09-30,2023-10-01,2023-12-31,holding,
trend_quality_volume_shape_hold_3d,trend_quality_volume_shape,3.0,1.0,71,71,73.0,70.0,37.0,0.5211267605633803,56973.52226596249,55572.842336756905,0.1394704453192499,0.111456846735138,0.0280135985841119,-0.056421336344280815,2.8052122245592153,3.224289653233624,2.914285714285714,3.0,2023Q4,2023-09-30,2023-10-01,2023-12-31,holding,
trend_quality_avoid_failed_gap_hold_3d,trend_quality_avoid_failed_gap,3.0,1.0,71,71,74.0,71.0,36.99999999999999,0.5211267605633801,53427.067924262796,55572.842336756905,0.06854135848525589,0.111456846735138,-0.04291548824988212,-0.038634776028517726,1.5624163673798181,3.224289653233624,2.9014084507042255,3.0,2023Q4,2023-09-30,2023-10-01,2023-12-31,holding,
trend_quality_avoid_failed_gap_volume_shape_hold_3d,trend_quality_avoid_failed_gap_volume_shape,3.0,1.0,71,71,73.0,70.0,37.0,0.5211267605633803,56973.52226596249,55572.842336756905,0.1394704453192499,0.111456846735138,0.0280135985841119,-0.056421336344280815,2.8052122245592153,3.224289653233624,2.914285714285714,3.0,2023Q4,2023-09-30,2023-10-01,2023-12-31,holding,
gap_resistance_hold_1d,gap_resistance,1.0,1.0,71,27,40.0,40.0,52.0,0.7323943661971831,41841.11333934752,55572.842336756905,-0.16317773321304962,0.111456846735138,-0.27463457994818763,-0.15020140341629407,-4.60560468570478,3.224289653233624,1.0,0.0,2023Q4,2023-09-30,2023-10-01,2023-12-31,holding,
gap_resistance_hold_3d,gap_resistance,3.0,1.0,71,47,30.0,30.0,44.0,0.6197183098591549,46797.3346106519,55572.842336756905,-0.06405330778696194,0.111456846735138,-0.17551015452209995,-0.10468677773985569,-0.9594495320554169,3.224289653233624,2.7,0.0,2023Q4,2023-09-30,2023-10-01,2023-12-31,holding,
gap_resistance_50_hold_3d,gap_resistance_50,3.0,1.0,71,35,22.0,22.0,32.0,0.4507042253521127,46108.553289346426,55572.842336756905,-0.07782893421307147,0.111456846735138,-0.18928578094820947,-0.13081695282813355,-1.4845316443147953,3.224289653233624,2.8181818181818183,0.0,2023Q4,2023-09-30,2023-10-01,2023-12-31,holding,
trend_quality_gap_resistance_hold_3d,trend_quality_gap_resistance,3.0,1.0,71,44,28.0,28.0,41.0,0.5774647887323944,46525.03109585627,55572.842336756905,-0.06949937808287465,0.111456846735138,-0.18095622481801266,-0.10758709815602174,-1.0399880087862035,3.224289653233624,2.607142857142857,0.0,2023Q4,2023-09-30,2023-10-01,2023-12-31,holding,
breakout_quality_hold_3d,breakout_quality,3.0,1.0,71,71,74.0,71.0,46.99999999999998,0.6619718309859152,53655.66855942183,55572.842336756905,0.07311337118843664,0.111456846735138,-0.03834347554670137,-0.10652466918242887,1.5191850310251012,3.224289653233624,2.915492957746479,3.0,2023Q4,2023-09-30,2023-10-01,2023-12-31,holding,
defensive_trend_hold_5d,defensive_trend,5.0,1.0,71,71,48.0,45.0,23.0,0.323943661971831,57903.852406306374,55572.842336756905,0.15807704812612755,0.111456846735138,0.046620201390989546,-0.07115991416297596,3.1563443864492213,3.224289653233624,4.666666666666667,3.0,2023Q4,2023-09-30,2023-10-01,2023-12-31,holding,
hybrid_markov_trend_hold_3d,hybrid_markov_trend,3.0,1.0,71,71,73.0,70.0,29.666666666666664,0.41784037558685444,54176.348161118185,55572.842336756905,0.08352696322236364,0.111456846735138,-0.027929883512774367,-0.07713301133032846,1.7724361699897524,3.224289653233624,2.914285714285714,3.0,2023Q4,2023-09-30,2023-10-01,2023-12-31,holding,
hybrid_markov_trend_hold_5d,hybrid_markov_trend_spy_gated,5.0,1.0,71,17,14.0,11.0,7.666666666666666,0.10798122065727699,51844.024885116785,55572.842336756905,0.03688049770233581,0.111456846735138,-0.07457634903280219,-0.014913274912349395,2.296520614240043,3.224289653233624,4.2727272727272725,3.0,2023Q4,2023-09-30,2023-10-01,2023-12-31,holding,
hybrid_markov_trend_exit_max10,hybrid_markov_trend_spy_gated,10.0,2.0,71,17,17.0,14.0,10.333333333333332,0.14553990610328638,52037.95435448131,55572.842336756905,0.04075908708962617,0.111456846735138,-0.07069775964551184,-0.017464383794574045,1.9960018394926244,3.224289653233624,3.0714285714285716,3.0,2023Q4,2023-09-30,2023-10-01,2023-12-31,holding,
markov_daily_manual,,,,71,71,,,,,,,-0.022580536661951145,0.111456846735138,-0.13403738339708915,-0.12480912301425129,-0.23291007445343953,3.224289653233624,,,2023Q4,2023-09-30,2023-10-01,2023-12-31,markov_daily,213.0
markov_daily_confirmed,,,,71,71,,,,,,,-0.004486056238041658,0.111456846735138,-0.11594290297317966,-0.12480912301425129,0.046974413963998866,3.224289653233624,,,2023Q4,2023-09-30,2023-10-01,2023-12-31,markov_daily,213.0
markov_daily_spy_gated,,,,71,17,,,,,,,-0.025474065406762114,0.111456846735138,-0.13693091214190012,-0.03553646620759454,-1.9917461803224457,3.224289653233624,,,2023Q4,2023-09-30,2023-10-01,2023-12-31,markov_daily,51.0
markov_daily_confirmed_spy_gated,,,,71,17,,,,,,,-0.025474065406762114,0.111456846735138,-0.13693091214190012,-0.03553646620759454,-1.9917461803224457,3.224289653233624,,,2023Q4,2023-09-30,2023-10-01,2023-12-31,markov_daily,51.0
markov_daily_algo_fused_spy_gated,,,,71,17,,,,,,,-0.025474065406762114,0.111456846735138,-0.13693091214190012,-0.03553646620759454,-1.9917461803224457,3.224289653233624,,,2023Q4,2023-09-30,2023-10-01,2023-12-31,markov_daily,51.0
confirmed_rebalance_daily,confirmed,1.0,1.0,71,71,213.0,210.0,12.333333333333332,0.1737089201877934,61951.29139203685,55039.257372597756,0.23902582784073712,0.10078514745195521,0.1382406803887819,-0.028484944977513527,5.712863950649508,3.6310059270925374,1.0,3.0,2024Q1,2023-12-31,2024-01-01,2024-03-31,holding,
confirmed_hold_2d,confirmed,2.0,1.0,71,71,108.0,105.0,10.333333333333332,0.14553990610328638,61210.95308539356,55039.257372597756,0.2242190617078712,0.10078514745195521,0.12343391425591599,-0.027807711516031786,5.694184695036237,3.6310059270925374,2.0,3.0,2024Q1,2023-12-31,2024-01-01,2024-03-31,holding,
confirmed_hold_3d,confirmed,3.0,1.0,71,71,73.0,70.0,11.0,0.15492957746478872,59040.83758615501,55039.257372597756,0.18081675172310008,0.10078514745195521,0.08003160427114486,-0.02204053300661346,4.175394715996499,3.6310059270925374,2.9714285714285715,3.0,2024Q1,2023-12-31,2024-01-01,2024-03-31,holding,
confirmed_hold_5d,confirmed,5.0,1.0,71,71,46.0,43.0,8.999999999999998,0.12676056338028166,57028.05299292148,55039.257372597756,0.1405610598584297,0.10078514745195521,0.03977591240647449,-0.03684355777277215,3.2320832286428565,3.6310059270925374,4.883720930232558,3.0,2024Q1,2023-12-31,2024-01-01,2024-03-31,holding,
confirmed_hold_10d,confirmed,10.0,1.0,71,71,25.0,22.0,6.333333333333333,0.0892018779342723,59875.70785195297,55039.257372597756,0.19751415703905928,0.10078514745195521,0.09672900958710406,-0.022040533006613683,4.698173914271076,3.6310059270925374,9.545454545454545,3.0,2024Q1,2023-12-31,2024-01-01,2024-03-31,holding,
confirmed_signal_exit_max10,confirmed,10.0,2.0,71,71,25.0,22.0,6.333333333333333,0.0892018779342723,59875.70785195297,55039.257372597756,0.19751415703905928,0.10078514745195521,0.09672900958710406,-0.022040533006613683,4.698173914271076,3.6310059270925374,9.545454545454545,3.0,2024Q1,2023-12-31,2024-01-01,2024-03-31,holding,
confirmed_market_exposure_hold_5d,confirmed,5.0,1.0,71,71,46.0,43.0,8.999999999999998,0.12676056338028166,57028.05299292148,55039.257372597756,0.1405610598584297,0.10078514745195521,0.03977591240647449,-0.03684355777277215,3.2320832286428565,3.6310059270925374,4.883720930232558,3.0,2024Q1,2023-12-31,2024-01-01,2024-03-31,holding,
confirmed_market_exposure_hold_10d,confirmed,10.0,1.0,71,71,25.0,22.0,6.333333333333333,0.0892018779342723,59875.70785195297,55039.257372597756,0.19751415703905928,0.10078514745195521,0.09672900958710406,-0.022040533006613683,4.698173914271076,3.6310059270925374,9.545454545454545,3.0,2024Q1,2023-12-31,2024-01-01,2024-03-31,holding,
confirmed_rel_rank_hold_5d,confirmed_rel_rank,5.0,1.0,71,71,45.0,42.0,24.333333333333332,0.3427230046948357,52904.23218597121,55039.257372597756,0.058084643719424234,0.10078514745195521,-0.04270050373253098,-0.07263155174453528,1.0066945112824384,3.6310059270925374,4.928571428571429,3.0,2024Q1,2023-12-31,2024-01-01,2024-03-31,holding,
confirmed_rel_rank_market_hold_5d,confirmed_rel_rank,5.0,1.0,71,71,45.0,42.0,24.333333333333332,0.3427230046948357,52904.23218597121,55039.257372597756,0.058084643719424234,0.10078514745195521,-0.04270050373253098,-0.07263155174453528,1.0066945112824384,3.6310059270925374,4.928571428571429,3.0,2024Q1,2023-12-31,2024-01-01,2024-03-31,holding,
confirmed_relative_guard_hold_5d,confirmed_relative_guard,5.0,1.0,71,71,45.0,42.0,27.666666666666664,0.3896713615023474,48624.47694858424,55039.257372597756,-0.027510461028315225,0.10078514745195521,-0.12829560848027044,-0.07984502655084713,-0.3399265040294567,3.6310059270925374,4.809523809523809,3.0,2024Q1,2023-12-31,2024-01-01,2024-03-31,holding,
confirmed_relative_guard_exit_max10,confirmed_relative_guard,10.0,2.0,71,71,51.0,48.0,33.66666666666666,0.4741784037558684,51201.66120444734,55039.257372597756,0.024033224088946703,0.10078514745195521,-0.07675192336300851,-0.07144408736361418,0.4644021081556402,3.6310059270925374,4.083333333333333,3.0,2024Q1,2023-12-31,2024-01-01,2024-03-31,holding,
confirmed_strong_relative_guard_hold_5d,confirmed_strong_relative_guard,5.0,1.0,71,71,45.0,42.0,27.666666666666668,0.38967136150234744,51139.58994059412,55039.257372597756,0.022791798811882424,0.10078514745195521,-0.07799334864007279,-0.07984502655084713,0.4777279561240619,3.6310059270925374,4.714285714285714,3.0,2024Q1,2023-12-31,2024-01-01,2024-03-31,holding,
spy_fused_rebalance_daily,algo_fused_spy_gated,1.0,1.0,71,71,213.0,210.0,8.333333333333332,0.11737089201877933,62078.06867511896,55039.257372597756,0.24156137350237916,0.10078514745195521,0.14077622605042395,-0.028484944977513527,5.715292117121946,3.6310059270925374,1.0,3.0,2024Q1,2023-12-31,2024-01-01,2024-03-31,holding,
spy_fused_hold_3d,algo_fused_spy_gated,3.0,1.0,71,71,73.0,70.0,10.333333333333332,0.14553990610328638,59472.90604751031,55039.257372597756,0.1894581209502062,0.10078514745195521,0.08867297349825098,-0.022040533006613794,4.527400319206081,3.6310059270925374,2.9714285714285715,3.0,2024Q1,2023-12-31,2024-01-01,2024-03-31,holding,
spy_fused_hold_5d,algo_fused_spy_gated,5.0,1.0,71,71,46.0,43.0,8.999999999999998,0.12676056338028166,56746.41998067811,55039.257372597756,0.13492839961356218,0.10078514745195521,0.03414325216160696,-0.03684355777277215,3.232103782378034,3.6310059270925374,4.883720930232558,3.0,2024Q1,2023-12-31,2024-01-01,2024-03-31,holding,
spy_fused_rank_exit_max10,algo_fused_spy_gated,10.0,2.0,71,71,25.0,22.0,6.999999999999999,0.09859154929577464,60085.03585062692,55039.257372597756,0.20170071701253844,0.10078514745195521,0.10091556956058323,-0.022040533006613572,4.583550238320106,3.6310059270925374,9.0,3.0,2024Q1,2023-12-31,2024-01-01,2024-03-31,holding,
relative_momentum_hold_3d,relative_momentum,3.0,1.0,71,71,76.0,73.0,35.666666666666664,0.5023474178403755,53895.87501830178,55039.257372597756,0.07791750036603551,0.10078514745195521,-0.022867647085919707,-0.07730776552090624,1.0871477147409352,3.6310059270925374,2.8219178082191783,3.0,2024Q1,2023-12-31,2024-01-01,2024-03-31,holding,
relative_momentum_hold_5d,relative_momentum,5.0,1.0,71,71,48.0,45.0,28.333333333333336,0.3990610328638498,54061.767982903424,55039.257372597756,0.08123535965806838,0.10078514745195521,-0.01954978779388683,-0.05414005636828678,1.1359606587044155,3.6310059270925374,4.555555555555555,3.0,2024Q1,2023-12-31,2024-01-01,2024-03-31,holding,
relative_momentum_exit_max10,relative_momentum_spy_gated,10.0,2.0,71,71,38.0,35.0,22.333333333333336,0.3145539906103287,54710.94697805201,55039.257372597756,0.09421893956104022,0.10078514745195521,-0.006566207890914999,-0.08014727656909582,1.2776923068455344,3.6310059270925374,5.714285714285714,3.0,2024Q1,2023-12-31,2024-01-01,2024-03-31,holding,
relative_momentum_volume_shape_exit_max10,relative_momentum_volume_shape_spy_gated,10.0,2.0,71,71,37.0,34.0,23.666666666666668,0.33333333333333337,49096.80412463078,55039.257372597756,-0.018063917507384453,0.10078514745195521,-0.11884906495933967,-0.08189762825089497,-0.1341100376769725,3.6310059270925374,5.9411764705882355,3.0,2024Q1,2023-12-31,2024-01-01,2024-03-31,holding,
trend_quality_hold_3d,trend_quality,3.0,1.0,71,71,76.0,73.0,40.99999999999999,0.5774647887323943,48336.55010671137,55039.257372597756,-0.03326899786577253,0.10078514745195521,-0.13405414531772775,-0.09078190055628499,-0.4315985987663651,3.6310059270925374,2.8493150684931505,3.0,2024Q1,2023-12-31,2024-01-01,2024-03-31,holding,
trend_quality_hold_5d,trend_quality,5.0,1.0,71,71,48.0,45.0,29.000000000000004,0.4084507042253522,55013.59876338272,55039.257372597756,0.10027197526765441,0.10078514745195521,-0.000513172184300803,-0.04149907120512186,1.573785067675995,3.6310059270925374,4.488888888888889,3.0,2024Q1,2023-12-31,2024-01-01,2024-03-31,holding,
trend_quality_volume_shape_hold_3d,trend_quality_volume_shape,3.0,1.0,71,71,76.0,73.0,40.999999999999986,0.5774647887323942,51645.667358611805,55039.257372597756,0.03291334717223604,0.10078514745195521,-0.06787180027971917,-0.04599421483868593,0.6494844915401623,3.6310059270925374,2.835616438356164,3.0,2024Q1,2023-12-31,2024-01-01,2024-03-31,holding,
trend_quality_avoid_failed_gap_hold_3d,trend_quality_avoid_failed_gap,3.0,1.0,71,71,76.0,73.0,43.0,0.6056338028169014,46908.8016781426,55039.257372597756,-0.06182396643714805,0.10078514745195521,-0.16260911388910326,-0.09078190055628499,-0.9824253003909543,3.6310059270925374,2.8493150684931505,3.0,2024Q1,2023-12-31,2024-01-01,2024-03-31,holding,
trend_quality_avoid_failed_gap_volume_shape_hold_3d,trend_quality_avoid_failed_gap_volume_shape,3.0,1.0,71,71,76.0,73.0,40.999999999999986,0.5774647887323942,51645.667358611805,55039.257372597756,0.03291334717223604,0.10078514745195521,-0.06787180027971917,-0.04599421483868593,0.6494844915401623,3.6310059270925374,2.835616438356164,3.0,2024Q1,2023-12-31,2024-01-01,2024-03-31,holding,
gap_resistance_hold_1d,gap_resistance,1.0,1.0,71,31,48.0,48.0,58.333333333333336,0.8215962441314554,48397.25378027965,55039.257372597756,-0.032054924394406936,0.10078514745195521,-0.13284007184636215,-0.08951872362629676,-0.4617921657497832,3.6310059270925374,1.0,0.0,2024Q1,2023-12-31,2024-01-01,2024-03-31,holding,
gap_resistance_hold_3d,gap_resistance,3.0,1.0,71,61,40.0,37.0,47.00000000000001,0.6619718309859156,49078.06391816007,55039.257372597756,-0.018438721636798605,0.10078514745195521,-0.11922386908875382,-0.11723577840736887,-0.12242493326650221,3.6310059270925374,2.7027027027027026,3.0,2024Q1,2023-12-31,2024-01-01,2024-03-31,holding,
gap_resistance_50_hold_3d,gap_resistance_50,3.0,1.0,71,59,37.0,34.0,44.66666666666667,0.6291079812206574,48414.943594167,55039.257372597756,-0.03170112811665993,0.10078514745195521,-0.13248627556861514,-0.11506491302427058,-0.2937198505413805,3.6310059270925374,2.7058823529411766,3.0,2024Q1,2023-12-31,2024-01-01,2024-03-31,holding,
trend_quality_gap_resistance_hold_3d,trend_quality_gap_resistance,3.0,1.0,71,61,39.0,36.0,46.66666666666667,0.6572769953051644,48269.74370366227,55039.257372597756,-0.034605125926754576,0.10078514745195521,-0.1353902733787098,-0.11723577840736887,-0.3289899224140147,3.6310059270925374,2.6944444444444446,3.0,2024Q1,2023-12-31,2024-01-01,2024-03-31,holding,
breakout_quality_hold_3d,breakout_quality,3.0,1.0,71,71,73.0,70.0,44.33333333333333,0.624413145539906,50296.9384653099,55039.257372597756,0.005938769306197855,0.10078514745195521,-0.09484637814575736,-0.06928371688889134,0.21156576681961084,3.6310059270925374,2.9285714285714284,3.0,2024Q1,2023-12-31,2024-01-01,2024-03-31,holding,
defensive_trend_hold_5d,defensive_trend,5.0,1.0,71,71,46.0,43.0,24.333333333333332,0.3427230046948357,49419.22793545254,55039.257372597756,-0.011615441290949269,0.10078514745195521,-0.11240058874290448,-0.08093243283717677,-0.16833692316220983,3.6310059270925374,4.604651162790698,3.0,2024Q1,2023-12-31,2024-01-01,2024-03-31,holding,
hybrid_markov_trend_hold_3d,hybrid_markov_trend,3.0,1.0,71,71,75.0,72.0,38.33333333333333,0.5399061032863849,48921.91960381406,55039.257372597756,-0.021561607923718862,0.10078514745195521,-0.12234675537567408,-0.07152532597469152,-0.2880822125806944,3.6310059270925374,2.888888888888889,3.0,2024Q1,2023-12-31,2024-01-01,2024-03-31,holding,
hybrid_markov_trend_hold_5d,hybrid_markov_trend_spy_gated,5.0,1.0,71,71,47.0,44.0,27.666666666666668,0.38967136150234744,50420.14409024315,55039.257372597756,0.008402881804862927,0.10078514745195521,-0.09238226564709229,-0.06527908437283025,0.24421720394881474,3.6310059270925374,4.659090909090909,3.0,2024Q1,2023-12-31,2024-01-01,2024-03-31,holding,
hybrid_markov_trend_exit_max10,hybrid_markov_trend_spy_gated,10.0,2.0,71,71,52.0,49.0,33.66666666666667,0.4741784037558686,54513.222453408,55039.257372597756,0.09026444906816011,0.10078514745195521,-0.010520698383795102,-0.060814712386586756,1.36764451532881,3.6310059270925374,4.285714285714286,3.0,2024Q1,2023-12-31,2024-01-01,2024-03-31,holding,
markov_daily_manual,,,,71,71,,,,,,,0.16592004842076813,0.10078514745195521,0.06513490096881291,-0.03341796360480842,4.339958519048445,3.6310059270925374,,,2024Q1,2023-12-31,2024-01-01,2024-03-31,markov_daily,213.0
markov_daily_confirmed,,,,71,71,,,,,,,0.1765591550574297,0.10078514745195521,0.07577400760547448,-0.03341796360480842,4.348229451243073,3.6310059270925374,,,2024Q1,2023-12-31,2024-01-01,2024-03-31,markov_daily,213.0
markov_daily_spy_gated,,,,71,71,,,,,,,0.16592004842076813,0.10078514745195521,0.06513490096881291,-0.03341796360480842,4.339958519048445,3.6310059270925374,,,2024Q1,2023-12-31,2024-01-01,2024-03-31,markov_daily,213.0
markov_daily_confirmed_spy_gated,,,,71,71,,,,,,,0.1765591550574297,0.10078514745195521,0.07577400760547448,-0.03341796360480842,4.348229451243073,3.6310059270925374,,,2024Q1,2023-12-31,2024-01-01,2024-03-31,markov_daily,213.0
markov_daily_algo_fused_spy_gated,,,,71,71,,,,,,,0.17708541448981885,0.10078514745195521,0.07630026703786363,-0.03341796360480853,4.319507389800889,3.6310059270925374,,,2024Q1,2023-12-31,2024-01-01,2024-03-31,markov_daily,213.0
confirmed_rebalance_daily,confirmed,1.0,1.0,64,63,189.0,186.0,12.333333333333332,0.19270833333333331,51588.11837392093,52119.858495075976,0.03176236747841865,0.04239716990151954,-0.010634802423100886,-0.060499652231701395,0.6769415248662685,1.5088663894199519,1.0,3.0,2024Q2,2024-03-31,2024-04-01,2024-06-30,holding,
confirmed_hold_2d,confirmed,2.0,1.0,64,63,98.0,95.0,12.333333333333332,0.19270833333333331,52360.235331941025,52119.858495075976,0.04720470663882059,0.04239716990151954,0.004807536737301055,-0.062094728328488724,0.9382513566216131,1.5088663894199519,1.9578947368421054,3.0,2024Q2,2024-03-31,2024-04-01,2024-06-30,holding,
confirmed_hold_3d,confirmed,3.0,1.0,64,63,64.0,61.0,9.666666666666666,0.15104166666666666,52392.413456387374,52119.858495075976,0.047848269127747534,0.04239716990151954,0.005451099226227996,-0.06326714772960085,0.9196480180629277,1.5088663894199519,2.9508196721311477,3.0,2024Q2,2024-03-31,2024-04-01,2024-06-30,holding,
confirmed_hold_5d,confirmed,5.0,1.0,64,63,41.0,38.0,8.333333333333332,0.13020833333333331,51659.234594057,52119.858495075976,0.03318469188114004,0.04239716990151954,-0.0092124780203795,-0.06890653820190862,0.7004648824806227,1.5088663894199519,4.657894736842105,3.0,2024Q2,2024-03-31,2024-04-01,2024-06-30,holding,
confirmed_hold_10d,confirmed,10.0,1.0,64,63,22.0,19.0,7.666666666666666,0.11979166666666666,52188.60525106186,52119.858495075976,0.043772105021237184,0.04239716990151954,0.0013749351197176463,-0.07386184611214752,0.8996435969035314,1.5088663894199519,8.526315789473685,3.0,2024Q2,2024-03-31,2024-04-01,2024-06-30,holding,
confirmed_signal_exit_max10,confirmed,10.0,2.0,64,63,23.0,20.0,7.666666666666666,0.11979166666666666,53124.60152948271,52119.858495075976,0.062492030589654135,0.04239716990151954,0.020094860688134597,-0.062094728328488835,1.217410699617803,1.5088663894199519,8.1,3.0,2024Q2,2024-03-31,2024-04-01,2024-06-30,holding,
confirmed_market_exposure_hold_5d,confirmed,5.0,1.0,64,63,41.0,38.0,11.149999999999999,0.17421874999999998,50391.98499396743,52119.858495075976,0.007839699879348627,0.04239716990151954,-0.03455747002217091,-0.05674203361784891,0.2547078337885249,1.5088663894199519,4.657894736842105,3.0,2024Q2,2024-03-31,2024-04-01,2024-06-30,holding,
confirmed_market_exposure_hold_10d,confirmed,10.0,1.0,64,63,22.0,19.0,11.083333333333332,0.17317708333333331,50488.052450119765,52119.858495075976,0.009761049002395383,0.04239716990151954,-0.032636120899124155,-0.0604855776023806,0.29846696747376456,1.5088663894199519,8.526315789473685,3.0,2024Q2,2024-03-31,2024-04-01,2024-06-30,holding,
confirmed_rel_rank_hold_5d,confirmed_rel_rank,5.0,1.0,64,63,40.0,37.0,19.0,0.296875,41627.684300156194,52119.858495075976,-0.16744631399687615,0.04239716990151954,-0.2098434838983957,-0.17592441179372142,-2.733091060622561,1.5088663894199519,4.783783783783784,3.0,2024Q2,2024-03-31,2024-04-01,2024-06-30,holding,
confirmed_rel_rank_market_hold_5d,confirmed_rel_rank,5.0,1.0,64,63,40.0,37.0,19.616666666666667,0.3065104166666667,41920.04883351673,52119.858495075976,-0.16159902332966536,0.04239716990151954,-0.2039961932311849,-0.16575220469222174,-2.969393080720168,1.5088663894199519,4.783783783783784,3.0,2024Q2,2024-03-31,2024-04-01,2024-06-30,holding,
confirmed_relative_guard_hold_5d,confirmed_relative_guard,5.0,1.0,64,63,39.0,36.0,21.516666666666666,0.33619791666666665,44189.71674787901,52119.858495075976,-0.11620566504241991,0.04239716990151954,-0.15860283494393945,-0.13232459044924905,-2.039856007913171,1.5088663894199519,4.916666666666667,3.0,2024Q2,2024-03-31,2024-04-01,2024-06-30,holding,
confirmed_relative_guard_exit_max10,confirmed_relative_guard,10.0,2.0,64,63,45.0,42.0,27.716666666666665,0.43307291666666664,47652.84722930584,52119.858495075976,-0.04694305541388322,0.04239716990151954,-0.08934022531540275,-0.08032986158383448,-0.7791489667606525,1.5088663894199519,4.309523809523809,3.0,2024Q2,2024-03-31,2024-04-01,2024-06-30,holding,
confirmed_strong_relative_guard_hold_5d,confirmed_strong_relative_guard,5.0,1.0,64,63,39.0,36.0,22.183333333333334,0.34661458333333334,43030.56036361991,52119.858495075976,-0.13938879272760185,0.04239716990151954,-0.1817859626291214,-0.15508489679345416,-2.396668896258323,1.5088663894199519,4.916666666666667,3.0,2024Q2,2024-03-31,2024-04-01,2024-06-30,holding,
spy_fused_rebalance_daily,algo_fused_spy_gated,1.0,1.0,64,14,42.0,42.0,5.333333333333333,0.08333333333333333,48346.314659544914,52119.858495075976,-0.03307370680910171,0.04239716990151954,-0.07547087671062125,-0.061119593022235796,-1.3520573589185567,1.5088663894199519,1.0,0.0,2024Q2,2024-03-31,2024-04-01,2024-06-30,holding,
spy_fused_hold_3d,algo_fused_spy_gated,3.0,1.0,64,15,15.0,15.0,3.9999999999999996,0.06249999999999999,48235.72937641489,52119.858495075976,-0.03528541247170214,0.04239716990151954,-0.07768258237322168,-0.06326714772960085,-1.4359159044563954,1.5088663894199519,3.0,0.0,2024Q2,2024-03-31,2024-04-01,2024-06-30,holding,
spy_fused_hold_5d,algo_fused_spy_gated,5.0,1.0,64,15,9.0,9.0,3.333333333333333,0.05208333333333333,48344.771461642704,52119.858495075976,-0.0331045707671459,0.04239716990151954,-0.07550174066866544,-0.05412500567211487,-1.7164840087979956,1.5088663894199519,5.0,0.0,2024Q2,2024-03-31,2024-04-01,2024-06-30,holding,
spy_fused_rank_exit_max10,algo_fused_spy_gated,10.0,2.0,64,14,8.0,8.0,5.333333333333333,0.08333333333333333,48346.314659544914,52119.858495075976,-0.03307370680910171,0.04239716990151954,-0.07547087671062125,-0.061119593022235796,-1.3520573589185567,1.5088663894199519,5.25,0.0,2024Q2,2024-03-31,2024-04-01,2024-06-30,holding,
relative_momentum_hold_3d,relative_momentum,3.0,1.0,64,63,64.0,61.0,30.999999999999996,0.48437499999999994,46566.770653161664,52119.858495075976,-0.06866458693676669,0.04239716990151954,-0.11106175683828623,-0.18411143782687223,-0.8911148251780325,1.5088663894199519,2.9508196721311477,3.0,2024Q2,2024-03-31,2024-04-01,2024-06-30,holding,
relative_momentum_hold_5d,relative_momentum,5.0,1.0,64,63,39.0,36.0,23.0,0.359375,46845.97266710954,52119.858495075976,-0.06308054665780916,0.04239716990151954,-0.1054777165593287,-0.12565741481664483,-0.9051577105179754,1.5088663894199519,4.916666666666667,3.0,2024Q2,2024-03-31,2024-04-01,2024-06-30,holding,
relative_momentum_exit_max10,relative_momentum_spy_gated,10.0,2.0,64,15,9.0,9.0,7.333333333333334,0.11458333333333334,45356.792616277315,52119.858495075976,-0.09286414767445372,0.04239716990151954,-0.13526131757597326,-0.10555438733160094,-3.727661056912268,1.5088663894199519,4.777777777777778,0.0,2024Q2,2024-03-31,2024-04-01,2024-06-30,holding,
relative_momentum_volume_shape_exit_max10,relative_momentum_volume_shape_spy_gated,10.0,2.0,64,15,10.0,10.0,7.333333333333334,0.11458333333333334,46684.45860618035,52119.858495075976,-0.06631082787639297,0.04239716990151954,-0.10870799777791251,-0.10577691705518011,-1.9619121286994714,1.5088663894199519,4.4,0.0,2024Q2,2024-03-31,2024-04-01,2024-06-30,holding,
trend_quality_hold_3d,trend_quality,3.0,1.0,64,63,64.0,61.0,33.0,0.515625,47154.16370293467,52119.858495075976,-0.0569167259413067,0.04239716990151954,-0.09931389584282624,-0.13444230627560094,-0.8732331771527154,1.5088663894199519,2.9508196721311477,3.0,2024Q2,2024-03-31,2024-04-01,2024-06-30,holding,
trend_quality_hold_5d,trend_quality,5.0,1.0,64,63,39.0,36.0,23.0,0.359375,48065.2665044623,52119.858495075976,-0.03869466991075399,0.04239716990151954,-0.08109183981227353,-0.10330635806463373,-0.6035093518442046,1.5088663894199519,4.916666666666667,3.0,2024Q2,2024-03-31,2024-04-01,2024-06-30,holding,
trend_quality_volume_shape_hold_3d,trend_quality_volume_shape,3.0,1.0,64,63,64.0,61.0,33.0,0.515625,48200.19404618347,52119.858495075976,-0.0359961190763306,0.04239716990151954,-0.07839328897785014,-0.13880962796722052,-0.4517410962003503,1.5088663894199519,2.9508196721311477,3.0,2024Q2,2024-03-31,2024-04-01,2024-06-30,holding,
trend_quality_avoid_failed_gap_hold_3d,trend_quality_avoid_failed_gap,3.0,1.0,64,63,64.0,61.0,32.33333333333333,0.5052083333333333,47134.22521291237,52119.858495075976,-0.05731549574175254,0.04239716990151954,-0.09971266564327208,-0.13764113639747666,-0.8974874623364524,1.5088663894199519,2.9508196721311477,3.0,2024Q2,2024-03-31,2024-04-01,2024-06-30,holding,
trend_quality_avoid_failed_gap_volume_shape_hold_3d,trend_quality_avoid_failed_gap_volume_shape,3.0,1.0,64,63,64.0,61.0,33.0,0.515625,48314.866799770054,52119.858495075976,-0.03370266400459887,0.04239716990151954,-0.07609983390611841,-0.1393633596337549,-0.42506698149237726,1.5088663894199519,2.9508196721311477,3.0,2024Q2,2024-03-31,2024-04-01,2024-06-30,holding,
gap_resistance_hold_1d,gap_resistance,1.0,1.0,64,34,47.0,47.0,62.333333333333336,0.9739583333333334,31942.461070024106,52119.858495075976,-0.36115077859951783,0.04239716990151954,-0.40354794850103737,-0.36149587539245354,-6.641604393704749,1.5088663894199519,1.0,0.0,2024Q2,2024-03-31,2024-04-01,2024-06-30,holding,
gap_resistance_hold_3d,gap_resistance,3.0,1.0,64,58,36.0,35.0,45.666666666666664,0.7135416666666666,32000.090944511794,52119.858495075976,-0.3599981811097641,0.04239716990151954,-0.40239535101128365,-0.36795126081791363,-6.44477019869572,1.5088663894199519,3.0,1.0,2024Q2,2024-03-31,2024-04-01,2024-06-30,holding,
gap_resistance_50_hold_3d,gap_resistance_50,3.0,1.0,64,50,30.0,29.0,39.0,0.609375,36200.390345272535,52119.858495075976,-0.27599219309454925,0.04239716990151954,-0.3183893629960688,-0.28498918595876666,-5.030110693378138,1.5088663894199519,2.9655172413793105,1.0,2024Q2,2024-03-31,2024-04-01,2024-06-30,holding,
trend_quality_gap_resistance_hold_3d,trend_quality_gap_resistance,3.0,1.0,64,58,36.0,35.0,46.0,0.71875,32915.88961441215,52119.858495075976,-0.34168220771175695,0.04239716990151954,-0.3840793776132765,-0.371952041294181,-5.492324557101386,1.5088663894199519,3.0,1.0,2024Q2,2024-03-31,2024-04-01,2024-06-30,holding,
breakout_quality_hold_3d,breakout_quality,3.0,1.0,64,63,64.0,61.0,38.33333333333333,0.5989583333333333,47461.501980999994,52119.858495075976,-0.050769960380000145,0.04239716990151954,-0.09316713028151968,-0.07708500795729267,-0.7642816699771473,1.5088663894199519,2.9836065573770494,3.0,2024Q2,2024-03-31,2024-04-01,2024-06-30,holding,
defensive_trend_hold_5d,defensive_trend,5.0,1.0,64,63,39.0,36.0,19.666666666666664,0.30729166666666663,51792.12166573619,52119.858495075976,0.03584243331472381,0.04239716990151954,-0.006554736586795729,-0.06949131307034007,0.809390372599982,1.5088663894199519,4.916666666666667,3.0,2024Q2,2024-03-31,2024-04-01,2024-06-30,holding,
hybrid_markov_trend_hold_3d,hybrid_markov_trend,3.0,1.0,64,63,64.0,61.0,32.33333333333333,0.5052083333333333,48442.39963564433,52119.858495075976,-0.031152007287113426,0.04239716990151954,-0.07354917718863296,-0.13387644758828332,-0.36282056318056094,1.5088663894199519,2.9508196721311477,3.0,2024Q2,2024-03-31,2024-04-01,2024-06-30,holding,
hybrid_markov_trend_hold_5d,hybrid_markov_trend_spy_gated,5.0,1.0,64,15,9.0,9.0,6.0,0.09375,45565.5920812218,52119.858495075976,-0.08868815837556399,0.04239716990151954,-0.13108532827708352,-0.0842510368754078,-4.222455988841745,1.5088663894199519,5.0,0.0,2024Q2,2024-03-31,2024-04-01,2024-06-30,holding,
hybrid_markov_trend_exit_max10,hybrid_markov_trend_spy_gated,10.0,2.0,64,14,14.0,14.0,9.333333333333332,0.14583333333333331,43825.96582500185,52119.858495075976,-0.1234806834999631,0.04239716990151954,-0.16587785340148264,-0.1286369024479359,-4.355698246441869,1.5088663894199519,3.0,0.0,2024Q2,2024-03-31,2024-04-01,2024-06-30,holding,
markov_daily_manual,,,,64,63,,,,,,,-0.015312461309453629,0.04239716990151954,-0.05770963121097317,-0.07221424817370536,-0.1762558119222403,1.5088663894199519,,,2024Q2,2024-03-31,2024-04-01,2024-06-30,markov_daily,189.0
markov_daily_confirmed,,,,64,63,,,,,,,-0.015312461309453629,0.04239716990151954,-0.05770963121097317,-0.07221424817370536,-0.1762558119222403,1.5088663894199519,,,2024Q2,2024-03-31,2024-04-01,2024-06-30,markov_daily,189.0
markov_daily_spy_gated,,,,64,14,,,,,,,-0.04300135192232457,0.04239716990151954,-0.08539852182384411,-0.0692967606994912,-1.7790082624810581,1.5088663894199519,,,2024Q2,2024-03-31,2024-04-01,2024-06-30,markov_daily,42.0
markov_daily_confirmed_spy_gated,,,,64,14,,,,,,,-0.04300135192232457,0.04239716990151954,-0.08539852182384411,-0.0692967606994912,-1.7790082624810581,1.5088663894199519,,,2024Q2,2024-03-31,2024-04-01,2024-06-30,markov_daily,42.0
markov_daily_algo_fused_spy_gated,,,,64,14,,,,,,,-0.04300135192232457,0.04239716990151954,-0.08539852182384411,-0.0692967606994912,-1.7790082624810581,1.5088663894199519,,,2024Q2,2024-03-31,2024-04-01,2024-06-30,markov_daily,42.0
confirmed_rebalance_daily,confirmed,1.0,1.0,64,64,192.0,189.0,5.666666666666666,0.08854166666666666,59289.72945705932,52579.094279148034,0.18579458914118652,0.05158188558296062,0.1342127035582259,-0.04948680891998458,4.430447464461154,1.3423382568775335,1.0,3.0,2024Q3,2024-06-30,2024-07-01,2024-09-30,holding,
confirmed_hold_2d,confirmed,2.0,1.0,64,64,96.0,93.0,5.666666666666666,0.08854166666666666,58260.88891124996,52579.094279148034,0.16521777822499928,0.05158188558296062,0.11363589264203866,-0.049358572117684574,3.9765020061927947,1.3423382568775335,2.0,3.0,2024Q3,2024-06-30,2024-07-01,2024-09-30,holding,
confirmed_hold_3d,confirmed,3.0,1.0,64,64,66.0,63.0,4.333333333333333,0.06770833333333333,59483.558631444925,52579.094279148034,0.18967117262889843,0.05158188558296062,0.13808928704593781,-0.04400998239537102,4.151377122929671,1.3423382568775335,3.0,3.0,2024Q3,2024-06-30,2024-07-01,2024-09-30,holding,
confirmed_hold_5d,confirmed,5.0,1.0,64,64,39.0,36.0,4.333333333333333,0.06770833333333333,60399.818482809525,52579.094279148034,0.20799636965619062,0.05158188558296062,0.15641448407323,-0.04583200224516637,4.520947939753972,1.3423382568775335,5.0,3.0,2024Q3,2024-06-30,2024-07-01,2024-09-30,holding,
confirmed_hold_10d,confirmed,10.0,1.0,64,64,21.0,18.0,4.333333333333333,0.06770833333333333,61344.6878898552,52579.094279148034,0.22689375779710397,0.05158188558296062,0.17531187221414335,-0.04007883199221596,5.199632847077061,1.3423382568775335,10.0,3.0,2024Q3,2024-06-30,2024-07-01,2024-09-30,holding,
confirmed_signal_exit_max10,confirmed,10.0,2.0,64,64,23.0,20.0,5.666666666666666,0.08854166666666666,60140.45987746373,52579.094279148034,0.2028091975492745,0.05158188558296062,0.1512273119663139,-0.042917456024534006,4.54443986407286,1.3423382568775335,8.55,3.0,2024Q3,2024-06-30,2024-07-01,2024-09-30,holding,
confirmed_market_exposure_hold_5d,confirmed,5.0,1.0,64,64,39.0,36.0,5.566666666666666,0.08697916666666666,58758.0419859696,52579.094279148034,0.175160839719392,0.05158188558296062,0.12357895413643138,-0.04153294988830625,4.017326813584958,1.3423382568775335,5.0,3.0,2024Q3,2024-06-30,2024-07-01,2024-09-30,holding,
confirmed_market_exposure_hold_10d,confirmed,10.0,1.0,64,64,21.0,18.0,5.566666666666666,0.08697916666666666,59603.67065660601,52579.094279148034,0.19207341313212023,0.05158188558296062,0.1404915275491596,-0.04007883199221596,4.56240637365531,1.3423382568775335,10.0,3.0,2024Q3,2024-06-30,2024-07-01,2024-09-30,holding,
confirmed_rel_rank_hold_5d,confirmed_rel_rank,5.0,1.0,64,64,40.0,37.0,21.0,0.328125,56199.244350032066,52579.094279148034,0.12398488700064125,0.05158188558296062,0.07240300141768063,-0.04952144430034733,3.1038951210682524,1.3423382568775335,4.864864864864865,3.0,2024Q3,2024-06-30,2024-07-01,2024-09-30,holding,
confirmed_rel_rank_market_hold_5d,confirmed_rel_rank,5.0,1.0,64,64,40.0,37.0,20.766666666666666,0.32447916666666665,54971.39299738929,52579.094279148034,0.0994278599477858,0.05158188558296062,0.04784597436482518,-0.04695480058590862,2.622173135769047,1.3423382568775335,4.864864864864865,3.0,2024Q3,2024-06-30,2024-07-01,2024-09-30,holding,
confirmed_relative_guard_hold_5d,confirmed_relative_guard,5.0,1.0,64,64,41.0,38.0,21.666666666666668,0.3385416666666667,55502.495282037926,52579.094279148034,0.11004990564075845,0.05158188558296062,0.05846802005779783,-0.03611812440523754,2.6585877623555447,1.3423382568775335,4.815789473684211,3.0,2024Q3,2024-06-30,2024-07-01,2024-09-30,holding,
confirmed_relative_guard_exit_max10,confirmed_relative_guard,10.0,2.0,64,64,42.0,39.0,25.166666666666664,0.39322916666666663,57062.143331925516,52579.094279148034,0.14124286663851038,0.05158188558296062,0.08966098105554976,-0.06881317238281082,3.217702996506962,1.3423382568775335,4.641025641025641,3.0,2024Q3,2024-06-30,2024-07-01,2024-09-30,holding,
confirmed_strong_relative_guard_hold_5d,confirmed_strong_relative_guard,5.0,1.0,64,64,41.0,38.0,22.46666666666667,0.3510416666666667,56118.99638459998,52579.094279148034,0.12237992769199968,0.05158188558296062,0.07079804210903906,-0.03611812440523754,2.888310239347806,1.3423382568775335,4.815789473684211,3.0,2024Q3,2024-06-30,2024-07-01,2024-09-30,holding,
spy_fused_rebalance_daily,algo_fused_spy_gated,1.0,1.0,64,55,165.0,162.0,8.333333333333332,0.13020833333333331,56819.080280793096,52579.094279148034,0.136381605615862,0.05158188558296062,0.08479972003290137,-0.044392378402412724,3.516011854621395,1.3423382568775335,1.0,3.0,2024Q3,2024-06-30,2024-07-01,2024-09-30,holding,
spy_fused_hold_3d,algo_fused_spy_gated,3.0,1.0,64,58,60.0,57.0,7.0,0.109375,56674.804237606535,52579.094279148034,0.1334960847521307,0.05158188558296062,0.08191419916917009,-0.04400998239537102,3.1654005040203255,1.3423382568775335,3.0,3.0,2024Q3,2024-06-30,2024-07-01,2024-09-30,holding,
spy_fused_hold_5d,algo_fused_spy_gated,5.0,1.0,64,58,36.0,33.0,4.333333333333333,0.06770833333333333,57992.90582315946,52579.094279148034,0.15985811646318915,0.05158188558296062,0.10827623088022853,-0.04046280045941908,3.7854687980695108,1.3423382568775335,5.0,3.0,2024Q3,2024-06-30,2024-07-01,2024-09-30,holding,
spy_fused_rank_exit_max10,algo_fused_spy_gated,10.0,2.0,64,56,25.0,22.0,8.333333333333332,0.13020833333333331,55932.251477885235,52579.094279148034,0.11864502955770462,0.05158188558296062,0.067063143974744,-0.04657750383598036,2.8143925886761356,1.3423382568775335,7.2727272727272725,3.0,2024Q3,2024-06-30,2024-07-01,2024-09-30,holding,
relative_momentum_hold_3d,relative_momentum,3.0,1.0,64,64,68.0,65.0,34.33333333333333,0.5364583333333333,56607.969289878376,52579.094279148034,0.13215938579756759,0.05158188558296062,0.08057750021460697,-0.15001802355101235,1.9433658809715961,1.3423382568775335,2.8923076923076922,3.0,2024Q3,2024-06-30,2024-07-01,2024-09-30,holding,
relative_momentum_hold_5d,relative_momentum,5.0,1.0,64,64,42.0,39.0,25.666666666666664,0.40104166666666663,53451.75074111545,52579.094279148034,0.06903501482230912,0.05158188558296062,0.017453129239348497,-0.14347667914651996,1.2023379070921405,1.3423382568775335,4.717948717948718,3.0,2024Q3,2024-06-30,2024-07-01,2024-09-30,holding,
relative_momentum_exit_max10,relative_momentum_spy_gated,10.0,2.0,64,55,26.0,23.0,15.0,0.234375,59098.669897458916,52579.094279148034,0.18197339794917822,0.05158188558296062,0.1303915123662176,-0.05169516341250224,3.2890669816248215,1.3423382568775335,6.782608695652174,3.0,2024Q3,2024-06-30,2024-07-01,2024-09-30,holding,
relative_momentum_volume_shape_exit_max10,relative_momentum_volume_shape_spy_gated,10.0,2.0,64,55,27.0,24.0,17.0,0.265625,51778.27726251527,52579.094279148034,0.03556554525030542,0.05158188558296062,-0.0160163403326552,-0.09067132809941092,0.7714922726491831,1.3423382568775335,6.333333333333333,3.0,2024Q3,2024-06-30,2024-07-01,2024-09-30,holding,
trend_quality_hold_3d,trend_quality,3.0,1.0,64,64,68.0,65.0,33.666666666666664,0.5260416666666666,59202.6047521913,52579.094279148034,0.18405209504382603,0.05158188558296062,0.1324702094608654,-0.06569012089219783,3.689116191883462,1.3423382568775335,2.9076923076923076,3.0,2024Q3,2024-06-30,2024-07-01,2024-09-30,holding,
trend_quality_hold_5d,trend_quality,5.0,1.0,64,64,42.0,39.0,23.666666666666664,0.36979166666666663,57410.9047648964,52579.094279148034,0.14821809529792795,0.05158188558296062,0.09663620971496734,-0.06373742175395336,3.1155118858665487,1.3423382568775335,4.6923076923076925,3.0,2024Q3,2024-06-30,2024-07-01,2024-09-30,holding,
trend_quality_volume_shape_hold_3d,trend_quality_volume_shape,3.0,1.0,64,64,67.0,64.0,33.0,0.515625,58374.37838854489,52579.094279148034,0.1674875677708978,0.05158188558296062,0.11590568218793718,-0.045818830496369256,3.460914480355851,1.3423382568775335,2.921875,3.0,2024Q3,2024-06-30,2024-07-01,2024-09-30,holding,
trend_quality_avoid_failed_gap_hold_3d,trend_quality_avoid_failed_gap,3.0,1.0,64,64,68.0,65.0,33.666666666666664,0.5260416666666666,59371.62018663046,52579.094279148034,0.18743240373260917,0.05158188558296062,0.13585051814964855,-0.06569012089219783,3.726123349775877,1.3423382568775335,2.9076923076923076,3.0,2024Q3,2024-06-30,2024-07-01,2024-09-30,holding,
trend_quality_avoid_failed_gap_volume_shape_hold_3d,trend_quality_avoid_failed_gap_volume_shape,3.0,1.0,64,64,67.0,64.0,32.33333333333333,0.5052083333333333,60570.525051404664,52579.094279148034,0.21141050102809333,0.05158188558296062,0.15982861544513272,-0.04259481096375162,4.100377154620131,1.3423382568775335,2.921875,3.0,2024Q3,2024-06-30,2024-07-01,2024-09-30,holding,
gap_resistance_hold_1d,gap_resistance,1.0,1.0,64,29,47.0,47.0,57.0,0.890625,42520.086177637444,52579.094279148034,-0.1495982764472511,0.05158188558296062,-0.20118016203021172,-0.20583998458899933,-2.8919357849615657,1.3423382568775335,1.0,0.0,2024Q3,2024-06-30,2024-07-01,2024-09-30,holding,
gap_resistance_hold_3d,gap_resistance,3.0,1.0,64,44,33.0,30.0,37.333333333333336,0.5833333333333334,47542.61828060652,52579.094279148034,-0.04914763438786962,0.05158188558296062,-0.10072951997083024,-0.17342979363602606,-0.9634973860266406,1.3423382568775335,3.0,3.0,2024Q3,2024-06-30,2024-07-01,2024-09-30,holding,
gap_resistance_50_hold_3d,gap_resistance_50,3.0,1.0,64,42,28.0,26.0,33.333333333333336,0.5208333333333334,50795.35375196621,52579.094279148034,0.015907075039324203,0.05158188558296062,-0.035674810543636415,-0.12981890904575466,0.44802201742601006,1.3423382568775335,3.0,2.0,2024Q3,2024-06-30,2024-07-01,2024-09-30,holding,
trend_quality_gap_resistance_hold_3d,trend_quality_gap_resistance,3.0,1.0,64,44,32.0,29.0,36.66666666666667,0.5729166666666667,46736.803007939845,52579.094279148034,-0.06526393984120316,0.05158188558296062,-0.11684582542416377,-0.1831943703347061,-1.2876393608615893,1.3423382568775335,3.0,3.0,2024Q3,2024-06-30,2024-07-01,2024-09-30,holding,
breakout_quality_hold_3d,breakout_quality,3.0,1.0,64,64,67.0,64.0,39.666666666666664,0.6197916666666666,54170.543307304266,52579.094279148034,0.08341086614608528,0.05158188558296062,0.031828980563124665,-0.12754910641075545,1.6280494037045845,1.3423382568775335,2.953125,3.0,2024Q3,2024-06-30,2024-07-01,2024-09-30,holding,
defensive_trend_hold_5d,defensive_trend,5.0,1.0,64,64,41.0,38.0,22.333333333333332,0.3489583333333333,52047.20894943589,52579.094279148034,0.04094417898871772,0.05158188558296062,-0.010637706594242902,-0.08767732762239511,0.9643825755597145,1.3423382568775335,4.815789473684211,3.0,2024Q3,2024-06-30,2024-07-01,2024-09-30,holding,
hybrid_markov_trend_hold_3d,hybrid_markov_trend,3.0,1.0,64,64,67.0,64.0,30.333333333333332,0.4739583333333333,55865.329393319895,52579.094279148034,0.11730658786639792,0.05158188558296062,0.0657247022834373,-0.06985933621190399,2.604552918839617,1.3423382568775335,2.953125,3.0,2024Q3,2024-06-30,2024-07-01,2024-09-30,holding,
hybrid_markov_trend_hold_5d,hybrid_markov_trend_spy_gated,5.0,1.0,64,60,37.0,34.0,21.666666666666664,0.33854166666666663,55239.93469749948,52579.094279148034,0.10479869394998964,0.05158188558296062,0.05321680836702902,-0.07452240419912937,2.305712018060573,1.3423382568775335,4.911764705882353,3.0,2024Q3,2024-06-30,2024-07-01,2024-09-30,holding,
hybrid_markov_trend_exit_max10,hybrid_markov_trend_spy_gated,10.0,2.0,64,56,37.0,34.0,24.333333333333336,0.38020833333333337,57921.107585144244,52579.094279148034,0.15842215170288498,0.05158188558296062,0.10684026611992437,-0.07682164852785744,3.72401168526161,1.3423382568775335,4.294117647058823,3.0,2024Q3,2024-06-30,2024-07-01,2024-09-30,holding,
markov_daily_manual,,,,64,64,,,,,,,0.1292895884573977,0.05158188558296062,0.07770770287443707,-0.05205236758254994,3.1815694470570435,1.3423382568775335,,,2024Q3,2024-06-30,2024-07-01,2024-09-30,markov_daily,192.0
markov_daily_confirmed,,,,64,64,,,,,,,0.1292895884573977,0.05158188558296062,0.07770770287443707,-0.05205236758254994,3.1815694470570435,1.3423382568775335,,,2024Q3,2024-06-30,2024-07-01,2024-09-30,markov_daily,192.0
markov_daily_spy_gated,,,,64,55,,,,,,,0.09117631890458022,0.05158188558296062,0.039594433321619604,-0.04531270837321821,2.4251445527286934,1.3423382568775335,,,2024Q3,2024-06-30,2024-07-01,2024-09-30,markov_daily,165.0
markov_daily_confirmed_spy_gated,,,,64,55,,,,,,,0.09117631890458022,0.05158188558296062,0.039594433321619604,-0.04531270837321821,2.4251445527286934,1.3423382568775335,,,2024Q3,2024-06-30,2024-07-01,2024-09-30,markov_daily,165.0
markov_daily_algo_fused_spy_gated,,,,64,55,,,,,,,0.09117631890458022,0.05158188558296062,0.039594433321619604,-0.04531270837321821,2.4251445527286934,1.3423382568775335,,,2024Q3,2024-06-30,2024-07-01,2024-09-30,markov_daily,165.0
confirmed_rebalance_daily,confirmed,1.0,1.0,72,72,216.0,213.0,15.666666666666664,0.21759259259259256,49250.464828863485,51156.58362989324,-0.014990703422730345,0.02313167259786475,-0.038122376020595095,-0.054003884224898546,-0.3103731041292719,0.756759653417986,1.0,3.0,2024Q4,2024-09-30,2024-10-01,2024-12-31,holding,
confirmed_hold_2d,confirmed,2.0,1.0,72,72,112.0,109.0,15.666666666666666,0.2175925925925926,49132.70871467919,51156.58362989324,-0.017345825706416185,0.02313167259786475,-0.040477498304280934,-0.04601269528509255,-0.3653297085234645,0.756759653417986,1.9541284403669725,3.0,2024Q4,2024-09-30,2024-10-01,2024-12-31,holding,
confirmed_hold_3d,confirmed,3.0,1.0,72,72,74.0,71.0,15.666666666666666,0.2175925925925926,48772.13241165342,51156.58362989324,-0.024557351766931523,0.02313167259786475,-0.04768902436479627,-0.05679372003740979,-0.5397795661241993,0.756759653417986,2.915492957746479,3.0,2024Q4,2024-09-30,2024-10-01,2024-12-31,holding,
confirmed_hold_5d,confirmed,5.0,1.0,72,72,48.0,45.0,13.666666666666666,0.1898148148148148,50248.976012210645,51156.58362989324,0.004979520244212887,0.02313167259786475,-0.018152152353651863,-0.04755676801958797,0.19630012205409303,0.756759653417986,4.6,3.0,2024Q4,2024-09-30,2024-10-01,2024-12-31,holding,
confirmed_hold_10d,confirmed,10.0,1.0,72,72,27.0,24.0,9.0,0.125,51073.876097494394,51156.58362989324,0.021477521949887945,0.02313167259786475,-0.0016541506479768042,-0.05887253260361003,0.6028484158149535,0.756759653417986,8.208333333333334,3.0,2024Q4,2024-09-30,2024-10-01,2024-12-31,holding,
confirmed_signal_exit_max10,confirmed,10.0,2.0,72,72,27.0,24.0,9.0,0.125,51693.719620461176,51156.58362989324,0.03387439240922352,0.02313167259786475,0.01074271981135877,-0.04348188222935012,0.9302423567539055,0.756759653417986,8.083333333333334,3.0,2024Q4,2024-09-30,2024-10-01,2024-12-31,holding,
confirmed_market_exposure_hold_5d,confirmed,5.0,1.0,72,72,48.0,45.0,15.666666666666664,0.21759259259259256,50856.58240328618,51156.58362989324,0.017131648065723537,0.02313167259786475,-0.006000024532141213,-0.0405233322605123,0.5212887087233543,0.756759653417986,4.6,3.0,2024Q4,2024-09-30,2024-10-01,2024-12-31,holding,
confirmed_market_exposure_hold_10d,confirmed,10.0,1.0,72,72,27.0,24.0,11.0,0.1527777777777778,51888.362039709355,51156.58362989324,0.03776724079418714,0.02313167259786475,0.01463556819632239,-0.04831120974400016,1.0341630673407576,0.756759653417986,8.208333333333334,3.0,2024Q4,2024-09-30,2024-10-01,2024-12-31,holding,
confirmed_rel_rank_hold_5d,confirmed_rel_rank,5.0,1.0,72,72,50.0,47.0,23.666666666666664,0.32870370370370366,55892.67858443964,51156.58362989324,0.11785357168879296,0.02313167259786475,0.09472189909092821,-0.05667339749729294,1.8056115532321861,0.756759653417986,4.382978723404255,3.0,2024Q4,2024-09-30,2024-10-01,2024-12-31,holding,
confirmed_rel_rank_market_hold_5d,confirmed_rel_rank,5.0,1.0,72,72,50.0,47.0,25.199999999999996,0.3499999999999999,55169.86118043076,51156.58362989324,0.10339722360861514,0.02313167259786475,0.08026555101075039,-0.05667339749729294,1.655073884753553,0.756759653417986,4.382978723404255,3.0,2024Q4,2024-09-30,2024-10-01,2024-12-31,holding,
confirmed_relative_guard_hold_5d,confirmed_relative_guard,5.0,1.0,72,72,51.0,48.0,31.199999999999996,0.4333333333333333,47866.00187368371,51156.58362989324,-0.04267996252632589,0.02313167259786475,-0.06581163512419064,-0.08640295795438413,-0.5760813532920533,0.756759653417986,4.25,3.0,2024Q4,2024-09-30,2024-10-01,2024-12-31,holding,
confirmed_relative_guard_exit_max10,confirmed_relative_guard,10.0,2.0,72,72,58.0,56.0,40.3,0.5597222222222222,49180.1961783237,51156.58362989324,-0.01639607643352603,0.02313167259786475,-0.03952774903139078,-0.06370741400614066,-0.21160766138279002,0.756759653417986,3.732142857142857,2.0,2024Q4,2024-09-30,2024-10-01,2024-12-31,holding,
confirmed_strong_relative_guard_hold_5d,confirmed_strong_relative_guard,5.0,1.0,72,72,52.0,49.0,31.43333333333333,0.436574074074074,50117.6276748774,51156.58362989324,0.002352553497548149,0.02313167259786475,-0.0207791191003166,-0.06191219245915225,0.14364604087015748,0.756759653417986,4.183673469387755,3.0,2024Q4,2024-09-30,2024-10-01,2024-12-31,holding,
spy_fused_rebalance_daily,algo_fused_spy_gated,1.0,1.0,72,59,177.0,177.0,18.666666666666664,0.25925925925925924,50566.85235918925,51156.58362989324,0.011337047183785032,0.02313167259786475,-0.011794625414079718,-0.04275985057025733,0.3744111859783995,0.756759653417986,1.0,0.0,2024Q4,2024-09-30,2024-10-01,2024-12-31,holding,
spy_fused_hold_3d,algo_fused_spy_gated,3.0,1.0,72,65,68.0,66.0,18.333333333333332,0.2546296296296296,48202.25278361943,51156.58362989324,-0.03595494432761148,0.02313167259786475,-0.05908661692547623,-0.05340456605819077,-0.8134468408696255,0.756759653417986,2.8484848484848486,2.0,2024Q4,2024-09-30,2024-10-01,2024-12-31,holding,
spy_fused_hold_5d,algo_fused_spy_gated,5.0,1.0,72,67,44.0,42.0,14.333333333333332,0.19907407407407407,49588.702250184986,51156.58362989324,-0.0082259549963003,0.02313167259786475,-0.03135762759416505,-0.0518224136651142,-0.14661967618549845,0.756759653417986,4.571428571428571,2.0,2024Q4,2024-09-30,2024-10-01,2024-12-31,holding,
spy_fused_rank_exit_max10,algo_fused_spy_gated,10.0,2.0,72,62,29.0,29.0,14.0,0.19444444444444445,52105.075283286606,51156.58362989324,0.04210150566573212,0.02313167259786475,0.01896983306786737,-0.044207228849260094,1.1415291991038805,0.756759653417986,6.344827586206897,0.0,2024Q4,2024-09-30,2024-10-01,2024-12-31,holding,
relative_momentum_hold_3d,relative_momentum,3.0,1.0,72,72,75.0,72.0,33.666666666666664,0.46759259259259256,51925.769085316766,51156.58362989324,0.03851538170633528,0.02313167259786475,0.015383709108470534,-0.0833528730934251,0.6205780166159641,0.756759653417986,2.9305555555555554,3.0,2024Q4,2024-09-30,2024-10-01,2024-12-31,holding,
relative_momentum_hold_5d,relative_momentum,5.0,1.0,72,72,49.0,46.0,28.333333333333332,0.3935185185185185,52028.40043164,51156.58362989324,0.04056800863279997,0.02313167259786475,0.017436336034935218,-0.08923110696807357,0.6711037165523854,0.756759653417986,4.5,3.0,2024Q4,2024-09-30,2024-10-01,2024-12-31,holding,
relative_momentum_exit_max10,relative_momentum_spy_gated,10.0,2.0,72,62,37.0,37.0,24.666666666666664,0.34259259259259256,50718.61873454167,51156.58362989324,0.0143723746908333,0.02313167259786475,-0.00875929790703145,-0.06026542293459003,0.33131344553834996,0.756759653417986,5.0,0.0,2024Q4,2024-09-30,2024-10-01,2024-12-31,holding,
relative_momentum_volume_shape_exit_max10,relative_momentum_volume_shape_spy_gated,10.0,2.0,72,62,34.0,34.0,23.333333333333332,0.32407407407407407,54846.73799450366,51156.58362989324,0.09693475989007316,0.02313167259786475,0.07380308729220841,-0.054794265156215216,1.8260784455307546,0.756759653417986,5.4411764705882355,0.0,2024Q4,2024-09-30,2024-10-01,2024-12-31,holding,
trend_quality_hold_3d,trend_quality,3.0,1.0,72,72,75.0,72.0,35.0,0.4861111111111111,48702.48940483951,51156.58362989324,-0.025950211903209897,0.02313167259786475,-0.049081884501074646,-0.12021911410109831,-0.2760604257042729,0.756759653417986,2.9444444444444446,3.0,2024Q4,2024-09-30,2024-10-01,2024-12-31,holding,
trend_quality_hold_5d,trend_quality,5.0,1.0,72,72,49.0,46.0,28.999999999999996,0.40277777777777773,50669.12187541797,51156.58362989324,0.013382437508359546,0.02313167259786475,-0.009749235089505204,-0.08699663425192183,0.31671405942353104,0.756759653417986,4.5,3.0,2024Q4,2024-09-30,2024-10-01,2024-12-31,holding,
trend_quality_volume_shape_hold_3d,trend_quality_volume_shape,3.0,1.0,72,72,75.0,72.0,39.0,0.5416666666666666,43235.54372019594,51156.58362989324,-0.1352891255960812,0.02313167259786475,-0.15842079819394594,-0.16172061365922863,-2.1090984505020804,0.756759653417986,2.9166666666666665,3.0,2024Q4,2024-09-30,2024-10-01,2024-12-31,holding,
trend_quality_avoid_failed_gap_hold_3d,trend_quality_avoid_failed_gap,3.0,1.0,72,72,75.0,72.0,34.33333333333333,0.4768518518518518,49058.79447109838,51156.58362989324,-0.01882411057803246,0.02313167259786475,-0.04195578317589721,-0.11378267952302623,-0.17188212774349723,0.756759653417986,2.9444444444444446,3.0,2024Q4,2024-09-30,2024-10-01,2024-12-31,holding,
trend_quality_avoid_failed_gap_volume_shape_hold_3d,trend_quality_avoid_failed_gap_volume_shape,3.0,1.0,72,72,75.0,72.0,39.0,0.5416666666666666,43235.54372019594,51156.58362989324,-0.1352891255960812,0.02313167259786475,-0.15842079819394594,-0.16172061365922863,-2.1090984505020804,0.756759653417986,2.9166666666666665,3.0,2024Q4,2024-09-30,2024-10-01,2024-12-31,holding,
gap_resistance_hold_1d,gap_resistance,1.0,1.0,72,22,36.0,36.0,44.0,0.6111111111111112,45718.103827300976,51156.58362989324,-0.08563792345398047,0.02313167259786475,-0.10876959605184522,-0.12880931687330588,-1.802866386505262,0.756759653417986,1.0,0.0,2024Q4,2024-09-30,2024-10-01,2024-12-31,holding,
gap_resistance_hold_3d,gap_resistance,3.0,1.0,72,45,29.0,29.0,34.33333333333333,0.4768518518518518,46240.3901304625,51156.58362989324,-0.07519219739074989,0.02313167259786475,-0.09832386998861464,-0.18534964117363661,-1.1744532899493112,0.756759653417986,2.9655172413793105,0.0,2024Q4,2024-09-30,2024-10-01,2024-12-31,holding,
gap_resistance_50_hold_3d,gap_resistance_50,3.0,1.0,72,35,24.0,24.0,27.333333333333336,0.37962962962962965,42643.821149974494,51156.58362989324,-0.14712357700051015,0.02313167259786475,-0.1702552495983749,-0.21784242892565764,-2.431647945043489,0.756759653417986,3.0,0.0,2024Q4,2024-09-30,2024-10-01,2024-12-31,holding,
trend_quality_gap_resistance_hold_3d,trend_quality_gap_resistance,3.0,1.0,72,45,29.0,29.0,34.33333333333333,0.4768518518518518,42600.23691832807,51156.58362989324,-0.14799526163343868,0.02313167259786475,-0.17112693423130343,-0.2350609114684653,-2.2583534865289456,0.756759653417986,2.9655172413793105,0.0,2024Q4,2024-09-30,2024-10-01,2024-12-31,holding,
breakout_quality_hold_3d,breakout_quality,3.0,1.0,72,72,77.0,74.0,45.666666666666664,0.6342592592592592,49074.73217248156,51156.58362989324,-0.01850535655036878,0.02313167259786475,-0.04163702914823353,-0.10667853976454111,-0.18536418558575224,0.756759653417986,2.824324324324324,3.0,2024Q4,2024-09-30,2024-10-01,2024-12-31,holding,
defensive_trend_hold_5d,defensive_trend,5.0,1.0,72,72,48.0,45.0,23.0,0.3194444444444444,52872.7477137341,51156.58362989324,0.05745495427468206,0.02313167259786475,0.03432328167681731,-0.07723267826075564,0.9366620137635875,0.756759653417986,4.6,3.0,2024Q4,2024-09-30,2024-10-01,2024-12-31,holding,
hybrid_markov_trend_hold_3d,hybrid_markov_trend,3.0,1.0,72,72,76.0,73.0,33.0,0.4583333333333333,48544.375830918296,51156.58362989324,-0.02911248338163408,0.02313167259786475,-0.05224415597949883,-0.14054095782463838,-0.2480874621109432,0.756759653417986,2.904109589041096,3.0,2024Q4,2024-09-30,2024-10-01,2024-12-31,holding,
hybrid_markov_trend_hold_5d,hybrid_markov_trend_spy_gated,5.0,1.0,72,67,45.0,43.0,28.33333333333333,0.39351851851851843,48401.19545230123,51156.58362989324,-0.031976090953975356,0.02313167259786475,-0.055107763551840105,-0.08506731795603317,-0.30675271576026286,0.756759653417986,4.441860465116279,2.0,2024Q4,2024-09-30,2024-10-01,2024-12-31,holding,
hybrid_markov_trend_exit_max10,hybrid_markov_trend_spy_gated,10.0,2.0,72,62,49.0,49.0,33.33333333333333,0.4629629629629629,46892.16456985576,51156.58362989324,-0.0621567086028848,0.02313167259786475,-0.08528838120074955,-0.11343593593268797,-0.7683288891907407,0.756759653417986,3.7551020408163267,0.0,2024Q4,2024-09-30,2024-10-01,2024-12-31,holding,
markov_daily_manual,,,,72,72,,,,,,,-0.0646888561679142,0.02313167259786475,-0.08782052876577895,-0.07339495771905702,-1.6167736327296516,0.756759653417986,,,2024Q4,2024-09-30,2024-10-01,2024-12-31,markov_daily,216.0
markov_daily_confirmed,,,,72,72,,,,,,,-0.0643059339971106,0.02313167259786475,-0.08743760659497535,-0.0730155998801093,-1.5998747631249608,0.756759653417986,,,2024Q4,2024-09-30,2024-10-01,2024-12-31,markov_daily,216.0
markov_daily_spy_gated,,,,72,59,,,,,,,-0.022187552750688955,0.02313167259786475,-0.045319225348553704,-0.05597431284364207,-0.556011421540525,0.756759653417986,,,2024Q4,2024-09-30,2024-10-01,2024-12-31,markov_daily,177.0
markov_daily_confirmed_spy_gated,,,,72,59,,,,,,,-0.02178723028323115,0.02313167259786475,-0.0449189028810959,-0.05597431284364207,-0.5417317872395798,0.756759653417986,,,2024Q4,2024-09-30,2024-10-01,2024-12-31,markov_daily,177.0
markov_daily_algo_fused_spy_gated,,,,72,59,,,,,,,-0.028077982014430902,0.02313167259786475,-0.05120965461229565,-0.0570616767128489,-0.7232747844760148,0.756759653417986,,,2024Q4,2024-09-30,2024-10-01,2024-12-31,markov_daily,177.0
confirmed_rebalance_daily,confirmed,1.0,1.0,72,72,216.0,213.0,17.0,0.2361111111111111,50971.01422538486,47485.16624040922,0.019420284507697172,-0.050296675191815576,0.06971695969951275,-0.15402994049266328,0.40557379055746906,-1.2203132791856282,1.0,3.0,2025Q1,2024-12-31,2025-01-01,2025-03-31,holding,
confirmed_hold_2d,confirmed,2.0,1.0,72,72,111.0,108.0,17.666666666666664,0.24537037037037035,50950.81824346968,47485.16624040922,0.01901636486939351,-0.050296675191815576,0.06931304006120909,-0.16797074415682278,0.4024690014615046,-1.2203132791856282,1.962962962962963,3.0,2025Q1,2024-12-31,2025-01-01,2025-03-31,holding,
confirmed_hold_3d,confirmed,3.0,1.0,72,72,76.0,73.0,13.666666666666666,0.1898148148148148,52757.97433461228,47485.16624040922,0.055159486692245574,-0.050296675191815576,0.10545616188406115,-0.14692016389760154,0.9217390746824539,-1.2203132791856282,2.8904109589041096,3.0,2025Q1,2024-12-31,2025-01-01,2025-03-31,holding,
confirmed_hold_5d,confirmed,5.0,1.0,72,72,48.0,45.0,11.0,0.1527777777777778,53343.40290782305,47485.16624040922,0.06686805815646113,-0.050296675191815576,0.1171647333482767,-0.15825455449872883,1.0850992207647805,-1.2203132791856282,4.666666666666667,3.0,2025Q1,2024-12-31,2025-01-01,2025-03-31,holding,
confirmed_hold_10d,confirmed,10.0,1.0,72,72,25.0,22.0,7.666666666666666,0.10648148148148147,49948.12182691785,47485.16624040922,-0.0010375634616429652,-0.050296675191815576,0.04925911173017261,-0.15560952775466153,0.10136641241506612,-1.2203132791856282,9.181818181818182,3.0,2025Q1,2024-12-31,2025-01-01,2025-03-31,holding,
confirmed_signal_exit_max10,confirmed,10.0,2.0,72,72,30.0,27.0,11.0,0.1527777777777778,52329.6362366227,47485.16624040922,0.046592724732454016,-0.050296675191815576,0.09688939992426959,-0.15377871543579602,0.8005206782741839,-1.2203132791856282,7.2592592592592595,3.0,2025Q1,2024-12-31,2025-01-01,2025-03-31,holding,
confirmed_market_exposure_hold_5d,confirmed,5.0,1.0,72,72,48.0,45.0,14.299999999999999,0.1986111111111111,53288.02088638137,47485.16624040922,0.06576041772762742,-0.050296675191815576,0.116057092919443,-0.09476690479655836,1.4587828270188115,-1.2203132791856282,4.666666666666667,3.0,2025Q1,2024-12-31,2025-01-01,2025-03-31,holding,
confirmed_market_exposure_hold_10d,confirmed,10.0,1.0,72,72,25.0,22.0,12.5,0.1736111111111111,50588.93975081366,47485.16624040922,0.011778795016273325,-0.050296675191815576,0.0620754702080889,-0.08491695313975967,0.3273542043109877,-1.2203132791856282,9.181818181818182,3.0,2025Q1,2024-12-31,2025-01-01,2025-03-31,holding,
confirmed_rel_rank_hold_5d,confirmed_rel_rank,5.0,1.0,72,72,47.0,44.0,21.666666666666664,0.3009259259259259,45704.856551208446,47485.16624040922,-0.0859028689758311,-0.050296675191815576,-0.03560619378401553,-0.13536927501211615,-1.552881118363028,-1.2203132791856282,4.704545454545454,3.0,2025Q1,2024-12-31,2025-01-01,2025-03-31,holding,
confirmed_rel_rank_market_hold_5d,confirmed_rel_rank,5.0,1.0,72,72,47.0,44.0,19.766666666666666,0.274537037037037,47404.809634263656,47485.16624040922,-0.05190380731472688,-0.050296675191815576,-0.0016071321229113034,-0.08501758517770952,-1.2390277713640234,-1.2203132791856282,4.704545454545454,3.0,2025Q1,2024-12-31,2025-01-01,2025-03-31,holding,
confirmed_relative_guard_hold_5d,confirmed_relative_guard,5.0,1.0,72,72,54.0,51.0,25.299999999999997,0.35138888888888886,46804.98079891377,47485.16624040922,-0.0639003840217246,-0.050296675191815576,-0.013603708829909023,-0.07105945618014708,-1.4110425799911965,-1.2203132791856282,3.980392156862745,3.0,2025Q1,2024-12-31,2025-01-01,2025-03-31,holding,
confirmed_relative_guard_exit_max10,confirmed_relative_guard,10.0,2.0,72,72,54.0,51.0,27.266666666666666,0.3787037037037037,50531.883299698726,47485.16624040922,0.010637665993974421,-0.050296675191815576,0.06093434118579,-0.05701847379398184,0.3214784370636709,-1.2203132791856282,3.8823529411764706,3.0,2025Q1,2024-12-31,2025-01-01,2025-03-31,holding,
confirmed_strong_relative_guard_hold_5d,confirmed_strong_relative_guard,5.0,1.0,72,69,51.0,48.0,25.266666666666666,0.3509259259259259,47009.301929288646,47485.16624040922,-0.059813961414227124,-0.050296675191815576,-0.009517286222411547,-0.07247331211593089,-1.3385437299300542,-1.2203132791856282,4.0625,3.0,2025Q1,2024-12-31,2025-01-01,2025-03-31,holding,
spy_fused_rebalance_daily,algo_fused_spy_gated,1.0,1.0,72,2,6.0,6.0,4.0,0.05555555555555555,48488.27037911425,47485.16624040922,-0.03023459241771498,-0.050296675191815576,0.020062082774100598,-0.03039237548737317,-1.8851433637129578,-1.2203132791856282,1.0,0.0,2025Q1,2024-12-31,2025-01-01,2025-03-31,holding,
spy_fused_hold_3d,algo_fused_spy_gated,3.0,1.0,72,6,6.0,6.0,4.0,0.05555555555555555,49752.936234751796,47485.16624040922,-0.004941275304964021,-0.050296675191815576,0.045355399886851555,-0.03469394636248546,-0.17503876266388307,-1.2203132791856282,3.0,0.0,2025Q1,2024-12-31,2025-01-01,2025-03-31,holding,
spy_fused_hold_5d,algo_fused_spy_gated,5.0,1.0,72,10,6.0,6.0,4.0,0.05555555555555555,50923.49003627983,47485.16624040922,0.018469800725596563,-0.050296675191815576,0.06876647591741214,-0.038653306069385995,0.7179117138038271,-1.2203132791856282,5.0,0.0,2025Q1,2024-12-31,2025-01-01,2025-03-31,holding,
spy_fused_rank_exit_max10,algo_fused_spy_gated,10.0,2.0,72,4,6.0,6.0,4.0,0.05555555555555555,49826.56251005545,47485.16624040922,-0.003468749798890891,-0.050296675191815576,0.046827925392924685,-0.03302125882940832,-0.11105981236769885,-1.2203132791856282,2.0,0.0,2025Q1,2024-12-31,2025-01-01,2025-03-31,holding,
relative_momentum_hold_3d,relative_momentum,3.0,1.0,72,72,77.0,74.0,39.0,0.5416666666666666,44421.69569549915,47485.16624040922,-0.11156608609001706,-0.050296675191815576,-0.06126941089820148,-0.2074615538955703,-1.3353580223984505,-1.2203132791856282,2.824324324324324,3.0,2025Q1,2024-12-31,2025-01-01,2025-03-31,holding,
relative_momentum_hold_5d,relative_momentum,5.0,1.0,72,72,49.0,46.0,30.333333333333332,0.4212962962962963,45643.10980044974,47485.16624040922,-0.08713780399100524,-0.050296675191815576,-0.03684112879918966,-0.1704317879449937,-1.242924566913788,-1.2203132791856282,4.521739130434782,3.0,2025Q1,2024-12-31,2025-01-01,2025-03-31,holding,
relative_momentum_exit_max10,relative_momentum_spy_gated,10.0,2.0,72,4,6.0,6.0,4.0,0.05555555555555555,49005.93915073828,47485.16624040922,-0.019881216985234373,-0.050296675191815576,0.030415458206581203,-0.030657832849522726,-1.55429112097451,-1.2203132791856282,2.0,0.0,2025Q1,2024-12-31,2025-01-01,2025-03-31,holding,
relative_momentum_volume_shape_exit_max10,relative_momentum_volume_shape_spy_gated,10.0,2.0,72,4,6.0,6.0,4.0,0.05555555555555555,49152.5373225355,47485.16624040922,-0.01694925354929,-0.050296675191815576,0.033347421642525577,-0.030657832849522726,-1.2791467439019908,-1.2203132791856282,2.0,0.0,2025Q1,2024-12-31,2025-01-01,2025-03-31,holding,
trend_quality_hold_3d,trend_quality,3.0,1.0,72,72,79.0,76.0,43.66666666666666,0.6064814814814814,47690.66689830683,47485.16624040922,-0.046186662033863346,-0.050296675191815576,0.00411001315795223,-0.10962760637621882,-0.5925479134090941,-1.2203132791856282,2.763157894736842,3.0,2025Q1,2024-12-31,2025-01-01,2025-03-31,holding,
trend_quality_hold_5d,trend_quality,5.0,1.0,72,72,50.0,47.0,32.33333333333333,0.449074074074074,45909.61086775787,47485.16624040922,-0.08180778264484267,-0.050296675191815576,-0.0315111074530271,-0.12431098066052282,-1.324935194065409,-1.2203132791856282,4.404255319148936,3.0,2025Q1,2024-12-31,2025-01-01,2025-03-31,holding,
trend_quality_volume_shape_hold_3d,trend_quality_volume_shape,3.0,1.0,72,72,77.0,74.0,41.0,0.5694444444444444,48296.97344486678,47485.16624040922,-0.03406053110266438,-0.050296675191815576,0.016236144089151194,-0.0860812157552544,-0.3517908680850117,-1.2203132791856282,2.8378378378378377,3.0,2025Q1,2024-12-31,2025-01-01,2025-03-31,holding,
trend_quality_avoid_failed_gap_hold_3d,trend_quality_avoid_failed_gap,3.0,1.0,72,72,78.0,75.0,42.99999999999999,0.5972222222222221,48224.35141020317,47485.16624040922,-0.0355129717959366,-0.050296675191815576,0.014783703395878978,-0.11300008258869776,-0.41764032205083407,-1.2203132791856282,2.8,3.0,2025Q1,2024-12-31,2025-01-01,2025-03-31,holding,
trend_quality_avoid_failed_gap_volume_shape_hold_3d,trend_quality_avoid_failed_gap_volume_shape,3.0,1.0,72,72,77.0,74.0,39.0,0.5416666666666666,48008.72500985023,47485.16624040922,-0.03982549980299532,-0.050296675191815576,0.010471175388820253,-0.09378780894235861,-0.4182502258681943,-1.2203132791856282,2.8378378378378377,3.0,2025Q1,2024-12-31,2025-01-01,2025-03-31,holding,
gap_resistance_hold_1d,gap_resistance,1.0,1.0,72,22,41.0,41.0,42.0,0.5833333333333334,47958.90546584831,47485.16624040922,-0.04082189068303388,-0.050296675191815576,0.009474784508781697,-0.10691913067951819,-0.741999174092123,-1.2203132791856282,1.0,0.0,2025Q1,2024-12-31,2025-01-01,2025-03-31,holding,
gap_resistance_hold_3d,gap_resistance,3.0,1.0,72,39,31.0,30.0,34.66666666666667,0.48148148148148157,47829.75840182353,47485.16624040922,-0.0434048319635294,-0.050296675191815576,0.006891843228286176,-0.11686232751689107,-0.5973517621567361,-1.2203132791856282,2.6,1.0,2025Q1,2024-12-31,2025-01-01,2025-03-31,holding,
gap_resistance_50_hold_3d,gap_resistance_50,3.0,1.0,72,29,18.0,18.0,27.333333333333336,0.37962962962962965,49721.857457964004,47485.16624040922,-0.005562850840719946,-0.050296675191815576,0.04473382435109563,-0.10142959218470471,-0.011499975387573294,-1.2203132791856282,2.5,0.0,2025Q1,2024-12-31,2025-01-01,2025-03-31,holding,
trend_quality_gap_resistance_hold_3d,trend_quality_gap_resistance,3.0,1.0,72,39,30.0,29.0,34.0,0.4722222222222222,46158.65754985302,47485.16624040922,-0.07682684900293957,-0.050296675191815576,-0.02653017381112399,-0.13384652061852287,-1.1267330547592591,-1.2203132791856282,2.586206896551724,1.0,2025Q1,2024-12-31,2025-01-01,2025-03-31,holding,
breakout_quality_hold_3d,breakout_quality,3.0,1.0,72,72,76.0,73.0,46.33333333333333,0.6435185185185185,48190.651697571404,47485.16624040922,-0.03618696604857197,-0.050296675191815576,0.01410970914324361,-0.11319597498101763,-0.47950378240806896,-1.2203132791856282,2.8767123287671232,3.0,2025Q1,2024-12-31,2025-01-01,2025-03-31,holding,
defensive_trend_hold_5d,defensive_trend,5.0,1.0,72,72,50.0,47.0,28.33333333333333,0.39351851851851843,48721.600654829694,47485.16624040922,-0.025567986903406115,-0.050296675191815576,0.02472868828840946,-0.11860582658805019,-0.328541841310137,-1.2203132791856282,4.446808510638298,3.0,2025Q1,2024-12-31,2025-01-01,2025-03-31,holding,
hybrid_markov_trend_hold_3d,hybrid_markov_trend,3.0,1.0,72,72,78.0,75.0,40.33333333333333,0.5601851851851851,43747.883326994895,47485.16624040922,-0.12504233346010207,-0.050296675191815576,-0.0747456582682865,-0.1303034807169352,-1.8523923111435068,-1.2203132791856282,2.8,3.0,2025Q1,2024-12-31,2025-01-01,2025-03-31,holding,
hybrid_markov_trend_hold_5d,hybrid_markov_trend_spy_gated,5.0,1.0,72,10,6.0,6.0,4.0,0.05555555555555555,49516.96568872038,47485.16624040922,-0.009660686225592352,-0.050296675191815576,0.040635988966223224,-0.06035311027855639,-0.29292136077605774,-1.2203132791856282,5.0,0.0,2025Q1,2024-12-31,2025-01-01,2025-03-31,holding,
hybrid_markov_trend_exit_max10,hybrid_markov_trend_spy_gated,10.0,2.0,72,4,6.0,6.0,4.0,0.05555555555555555,49599.70934777369,47485.16624040922,-0.008005813044526189,-0.050296675191815576,0.04229086214728939,-0.03934000347095312,-0.2825230519357262,-1.2203132791856282,2.0,0.0,2025Q1,2024-12-31,2025-01-01,2025-03-31,holding,
markov_daily_manual,,,,72,72,,,,,,,-0.031058196215434153,-0.050296675191815576,0.019238478976381423,-0.16889054246760593,-0.36274511114293245,-1.2203132791856282,,,2025Q1,2024-12-31,2025-01-01,2025-03-31,markov_daily,216.0
markov_daily_confirmed,,,,72,72,,,,,,,-0.031058196215434153,-0.050296675191815576,0.019238478976381423,-0.16889054246760593,-0.36274511114293245,-1.2203132791856282,,,2025Q1,2024-12-31,2025-01-01,2025-03-31,markov_daily,216.0
markov_daily_spy_gated,,,,72,2,,,,,,,-0.03024637778656014,-0.050296675191815576,0.020050297405255435,-0.030404377238268387,-1.8606347131538854,-1.2203132791856282,,,2025Q1,2024-12-31,2025-01-01,2025-03-31,markov_daily,6.0
markov_daily_confirmed_spy_gated,,,,72,2,,,,,,,-0.03024637778656014,-0.050296675191815576,0.020050297405255435,-0.030404377238268387,-1.8606347131538854,-1.2203132791856282,,,2025Q1,2024-12-31,2025-01-01,2025-03-31,markov_daily,6.0
markov_daily_algo_fused_spy_gated,,,,72,2,,,,,,,-0.03024637778656014,-0.050296675191815576,0.020050297405255435,-0.030404377238268387,-1.8606347131538854,-1.2203132791856282,,,2025Q1,2024-12-31,2025-01-01,2025-03-31,markov_daily,6.0
confirmed_rebalance_daily,confirmed,1.0,1.0,61,61,183.0,180.0,10.333333333333332,0.16939890710382513,48979.50686243456,49829.14724196177,-0.02040986275130885,-0.003417055160764626,-0.016992807590544223,-0.11855016863937462,-0.27899405855037535,0.0670399239911081,1.0,3.0,2025Q2,2025-03-31,2025-04-01,2025-06-30,holding,
confirmed_hold_2d,confirmed,2.0,1.0,61,61,93.0,90.0,7.666666666666666,0.12568306010928962,48598.99974708501,49829.14724196177,-0.028020005058299824,-0.003417055160764626,-0.024602949897535198,-0.12150288118480168,-0.4213762708186039,0.0670399239911081,2.0,3.0,2025Q2,2025-03-31,2025-04-01,2025-06-30,holding,
confirmed_hold_3d,confirmed,3.0,1.0,61,61,63.0,60.0,8.333333333333332,0.13661202185792348,46228.51502296943,49829.14724196177,-0.0754296995406113,-0.003417055160764626,-0.07201264437984667,-0.1411238198707987,-1.3366283821704321,0.0670399239911081,3.0,3.0,2025Q2,2025-03-31,2025-04-01,2025-06-30,holding,
confirmed_hold_5d,confirmed,5.0,1.0,61,61,39.0,36.0,6.333333333333332,0.10382513661202183,45883.26211740432,49829.14724196177,-0.08233475765191356,-0.003417055160764626,-0.07891770249114893,-0.14660904699649924,-1.475366708372011,0.0670399239911081,5.0,3.0,2025Q2,2025-03-31,2025-04-01,2025-06-30,holding,
confirmed_hold_10d,confirmed,10.0,1.0,61,61,21.0,18.0,5.0,0.08196721311475409,48324.79878836038,49829.14724196177,-0.03350402423279242,-0.003417055160764626,-0.03008696907202779,-0.1262216232475264,-0.4928802618065184,0.0670399239911081,10.0,3.0,2025Q2,2025-03-31,2025-04-01,2025-06-30,holding,
confirmed_signal_exit_max10,confirmed,10.0,2.0,61,61,23.0,20.0,6.333333333333333,0.10382513661202185,46716.50550707366,49829.14724196177,-0.06566988985852673,-0.003417055160764626,-0.062252834697762105,-0.14273014875409618,-1.0994195650118772,0.0670399239911081,8.6,3.0,2025Q2,2025-03-31,2025-04-01,2025-06-30,holding,
confirmed_market_exposure_hold_5d,confirmed,5.0,1.0,61,61,39.0,36.0,8.399999999999999,0.13770491803278687,49163.59714478253,49829.14724196177,-0.016728057104349436,-0.003417055160764626,-0.01331100194358481,-0.08257395019778968,-0.4257672529146346,0.0670399239911081,5.0,3.0,2025Q2,2025-03-31,2025-04-01,2025-06-30,holding,
confirmed_market_exposure_hold_10d,confirmed,10.0,1.0,61,61,21.0,18.0,8.066666666666666,0.13224043715846995,50785.42550496354,49829.14724196177,0.015708510099270878,-0.003417055160764626,0.019125565260035504,-0.07256991672417745,0.5128413061766666,0.0670399239911081,10.0,3.0,2025Q2,2025-03-31,2025-04-01,2025-06-30,holding,
confirmed_rel_rank_hold_5d,confirmed_rel_rank,5.0,1.0,61,61,39.0,36.0,13.0,0.21311475409836064,46859.83794176909,49829.14724196177,-0.06280324116461822,-0.003417055160764626,-0.05938618600385359,-0.1417093174201287,-1.1881806199740337,0.0670399239911081,5.0,3.0,2025Q2,2025-03-31,2025-04-01,2025-06-30,holding,
confirmed_rel_rank_market_hold_5d,confirmed_rel_rank,5.0,1.0,61,61,39.0,36.0,12.700000000000001,0.20819672131147543,49668.86901048706,49829.14724196177,-0.006622619790258799,-0.003417055160764626,-0.003205564629494173,-0.06943988179756377,-0.12078776779089798,0.0670399239911081,5.0,3.0,2025Q2,2025-03-31,2025-04-01,2025-06-30,holding,
confirmed_relative_guard_hold_5d,confirmed_relative_guard,5.0,1.0,61,61,39.0,36.0,19.3,0.3163934426229508,52887.589666198066,49829.14724196177,0.0577517933239613,-0.003417055160764626,0.061168848484725924,-0.053204174910339685,1.649022747822746,0.0670399239911081,4.666666666666667,3.0,2025Q2,2025-03-31,2025-04-01,2025-06-30,holding,
confirmed_relative_guard_exit_max10,confirmed_relative_guard,10.0,2.0,61,61,38.0,35.0,23.450000000000003,0.38442622950819677,54609.867160355054,49829.14724196177,0.09219734320710105,-0.003417055160764626,0.09561439836786567,-0.0376726768077571,2.212399359127199,0.0670399239911081,4.514285714285714,3.0,2025Q2,2025-03-31,2025-04-01,2025-06-30,holding,
confirmed_strong_relative_guard_hold_5d,confirmed_strong_relative_guard,5.0,1.0,61,61,39.0,36.0,19.3,0.3163934426229508,53000.4210115358,49829.14724196177,0.060008420230716064,-0.003417055160764626,0.06342547539148069,-0.053204174910339574,1.709491730774919,0.0670399239911081,4.666666666666667,3.0,2025Q2,2025-03-31,2025-04-01,2025-06-30,holding,
spy_fused_rebalance_daily,algo_fused_spy_gated,1.0,1.0,61,15,45.0,42.0,3.0,0.04918032786885246,51541.403317938915,49829.14724196177,0.030828066358778328,-0.003417055160764626,0.034245121519542954,-0.030651896725656158,1.4774627344182072,0.0670399239911081,1.0,3.0,2025Q2,2025-03-31,2025-04-01,2025-06-30,holding,
spy_fused_hold_3d,algo_fused_spy_gated,3.0,1.0,61,15,15.0,12.0,3.0,0.04918032786885246,51541.403317938915,49829.14724196177,0.030828066358778328,-0.003417055160764626,0.034245121519542954,-0.030651896725656158,1.4774627344182072,0.0670399239911081,3.0,3.0,2025Q2,2025-03-31,2025-04-01,2025-06-30,holding,
spy_fused_hold_5d,algo_fused_spy_gated,5.0,1.0,61,16,12.0,9.0,1.0,0.01639344262295082,51514.131450677094,49829.14724196177,0.03028262901354184,-0.003417055160764626,0.033699684174306466,-0.030651896725656158,1.4516308592547205,0.0670399239911081,5.0,3.0,2025Q2,2025-03-31,2025-04-01,2025-06-30,holding,
spy_fused_rank_exit_max10,algo_fused_spy_gated,10.0,2.0,61,15,6.0,3.0,3.0,0.04918032786885246,51541.403317938915,49829.14724196177,0.030828066358778328,-0.003417055160764626,0.034245121519542954,-0.030651896725656158,1.4774627344182072,0.0670399239911081,6.0,3.0,2025Q2,2025-03-31,2025-04-01,2025-06-30,holding,
relative_momentum_hold_3d,relative_momentum,3.0,1.0,61,61,63.0,60.0,29.0,0.47540983606557374,60699.44086548959,49829.14724196177,0.2139888173097917,-0.003417055160764626,0.21740587247055632,-0.09157406387334777,2.8324900164305404,0.0670399239911081,2.966666666666667,3.0,2025Q2,2025-03-31,2025-04-01,2025-06-30,holding,
relative_momentum_hold_5d,relative_momentum,5.0,1.0,61,61,39.0,36.0,22.333333333333332,0.36612021857923494,64126.01154981322,49829.14724196177,0.28252023099626444,-0.003417055160764626,0.28593728615702907,-0.10289595888462633,3.2316674964988077,0.0670399239911081,4.888888888888889,3.0,2025Q2,2025-03-31,2025-04-01,2025-06-30,holding,
relative_momentum_exit_max10,relative_momentum_spy_gated,10.0,2.0,61,15,7.0,4.0,3.6666666666666665,0.060109289617486336,51474.15893355569,49829.14724196177,0.02948317867111383,-0.003417055160764626,0.032900233831878456,-0.025670233173265777,1.3548582618380358,0.0670399239911081,5.25,3.0,2025Q2,2025-03-31,2025-04-01,2025-06-30,holding,
relative_momentum_volume_shape_exit_max10,relative_momentum_volume_shape_spy_gated,10.0,2.0,61,15,7.0,4.0,3.6666666666666665,0.060109289617486336,52673.28866498518,49829.14724196177,0.05346577329970348,-0.003417055160764626,0.056882828460468104,-0.018970405373723298,2.172503727823351,0.0670399239911081,6.0,3.0,2025Q2,2025-03-31,2025-04-01,2025-06-30,holding,
trend_quality_hold_3d,trend_quality,3.0,1.0,61,61,63.0,60.0,29.666666666666664,0.48633879781420764,56592.10580941611,49829.14724196177,0.1318421161883223,-0.003417055160764626,0.13525917134908694,-0.07212977458017089,2.1101645706824947,0.0670399239911081,3.0,3.0,2025Q2,2025-03-31,2025-04-01,2025-06-30,holding,
trend_quality_hold_5d,trend_quality,5.0,1.0,61,61,39.0,36.0,19.666666666666668,0.3224043715846995,64458.41585373747,49829.14724196177,0.28916831707474944,-0.003417055160764626,0.29258537223551406,-0.08430626349542858,3.6922157112271496,0.0670399239911081,4.777777777777778,3.0,2025Q2,2025-03-31,2025-04-01,2025-06-30,holding,
trend_quality_volume_shape_hold_3d,trend_quality_volume_shape,3.0,1.0,61,61,64.0,61.0,30.333333333333332,0.4972677595628415,59558.85533485839,49829.14724196177,0.1911771066971677,-0.003417055160764626,0.19459416185793232,-0.05284275618025902,2.928564207551329,0.0670399239911081,2.9508196721311477,3.0,2025Q2,2025-03-31,2025-04-01,2025-06-30,holding,
trend_quality_avoid_failed_gap_hold_3d,trend_quality_avoid_failed_gap,3.0,1.0,61,61,63.0,60.0,29.666666666666664,0.48633879781420764,56592.10580941611,49829.14724196177,0.1318421161883223,-0.003417055160764626,0.13525917134908694,-0.07212977458017089,2.1101645706824947,0.0670399239911081,3.0,3.0,2025Q2,2025-03-31,2025-04-01,2025-06-30,holding,
trend_quality_avoid_failed_gap_volume_shape_hold_3d,trend_quality_avoid_failed_gap_volume_shape,3.0,1.0,61,61,64.0,61.0,29.666666666666664,0.48633879781420764,61310.34747111992,49829.14724196177,0.22620694942239838,-0.003417055160764626,0.229624004583163,-0.05284275618025902,3.41325300093685,0.0670399239911081,2.9508196721311477,3.0,2025Q2,2025-03-31,2025-04-01,2025-06-30,holding,
gap_resistance_hold_1d,gap_resistance,1.0,1.0,61,27,56.0,53.0,49.0,0.8032786885245902,36694.01028128746,49829.14724196177,-0.2661197943742508,-0.003417055160764626,-0.2627027392134862,-0.2661197943742508,-5.414676802003875,0.0670399239911081,1.0,3.0,2025Q2,2025-03-31,2025-04-01,2025-06-30,holding,
gap_resistance_hold_3d,gap_resistance,3.0,1.0,61,46,33.0,30.0,35.0,0.5737704918032787,45649.55949853629,49829.14724196177,-0.08700881002927419,-0.003417055160764626,-0.08359175486850956,-0.10520826594399235,-1.2821286409438017,0.0670399239911081,3.0,3.0,2025Q2,2025-03-31,2025-04-01,2025-06-30,holding,
gap_resistance_50_hold_3d,gap_resistance_50,3.0,1.0,61,44,29.0,26.0,31.333333333333336,0.5136612021857924,47913.233441294724,49829.14724196177,-0.04173533117410555,-0.003417055160764626,-0.038318276013340924,-0.1063440443199326,-0.45344172026409035,0.0670399239911081,3.0,3.0,2025Q2,2025-03-31,2025-04-01,2025-06-30,holding,
trend_quality_gap_resistance_hold_3d,trend_quality_gap_resistance,3.0,1.0,61,45,33.0,30.0,33.0,0.5409836065573771,44925.649952895874,49829.14724196177,-0.10148700094208252,-0.003417055160764626,-0.09806994578131789,-0.10420720692787522,-1.487062492871326,0.0670399239911081,3.0,3.0,2025Q2,2025-03-31,2025-04-01,2025-06-30,holding,
breakout_quality_hold_3d,breakout_quality,3.0,1.0,61,61,63.0,60.0,37.666666666666664,0.6174863387978141,49320.0717281423,49829.14724196177,-0.013598565437153987,-0.003417055160764626,-0.01018151027638936,-0.07708522020832587,-0.14068661997863666,0.0670399239911081,3.0,3.0,2025Q2,2025-03-31,2025-04-01,2025-06-30,holding,
defensive_trend_hold_5d,defensive_trend,5.0,1.0,61,61,40.0,37.0,17.0,0.2786885245901639,55044.23093823515,49829.14724196177,0.100884618764703,-0.003417055160764626,0.10430167392546763,-0.08826751145683143,1.636035311187624,0.0670399239911081,4.621621621621622,3.0,2025Q2,2025-03-31,2025-04-01,2025-06-30,holding,
hybrid_markov_trend_hold_3d,hybrid_markov_trend,3.0,1.0,61,61,63.0,60.0,30.333333333333336,0.4972677595628416,50280.90894785303,49829.14724196177,0.005618178957060627,-0.003417055160764626,0.009035234117825253,-0.10995504145816282,0.21510433735045018,0.0670399239911081,2.95,3.0,2025Q2,2025-03-31,2025-04-01,2025-06-30,holding,
hybrid_markov_trend_hold_5d,hybrid_markov_trend_spy_gated,5.0,1.0,61,16,12.0,9.0,4.999999999999999,0.08196721311475408,54588.72882449209,49829.14724196177,0.09177457648984189,-0.003417055160764626,0.09519163165060651,-0.016825698041829096,3.5690351194825403,0.0670399239911081,5.0,3.0,2025Q2,2025-03-31,2025-04-01,2025-06-30,holding,
hybrid_markov_trend_exit_max10,hybrid_markov_trend_spy_gated,10.0,2.0,61,15,13.0,10.0,7.666666666666666,0.12568306010928962,55071.18165964276,49829.14724196177,0.1014236331928553,-0.003417055160764626,0.10484068835361993,-0.01952921257241691,3.9689045281560316,0.0670399239911081,3.2,3.0,2025Q2,2025-03-31,2025-04-01,2025-06-30,holding,
markov_daily_manual,,,,61,61,,,,,,,-0.06624837075310808,-0.003417055160764626,-0.06283131559234345,-0.13675156658112764,-1.1789083460121583,0.0670399239911081,,,2025Q2,2025-03-31,2025-04-01,2025-06-30,markov_daily,183.0
markov_daily_confirmed,,,,61,61,,,,,,,-0.06324269487192635,-0.003417055160764626,-0.05982563971116173,-0.13675156658112764,-1.1199634189895975,0.0670399239911081,,,2025Q2,2025-03-31,2025-04-01,2025-06-30,markov_daily,183.0
markov_daily_spy_gated,,,,61,15,,,,,,,0.019779035428540537,-0.003417055160764626,0.023196090589305163,-0.03260995190713589,0.9783229931347834,0.0670399239911081,,,2025Q2,2025-03-31,2025-04-01,2025-06-30,markov_daily,45.0
markov_daily_confirmed_spy_gated,,,,61,15,,,,,,,0.019779035428540537,-0.003417055160764626,0.023196090589305163,-0.03260995190713589,0.9783229931347834,0.0670399239911081,,,2025Q2,2025-03-31,2025-04-01,2025-06-30,markov_daily,45.0
markov_daily_algo_fused_spy_gated,,,,61,15,,,,,,,0.019779035428540537,-0.003417055160764626,0.023196090589305163,-0.03260995190713589,0.9783229931347834,0.0670399239911081,,,2025Q2,2025-03-31,2025-04-01,2025-06-30,markov_daily,45.0
confirmed_rebalance_daily,confirmed,1.0,1.0,64,64,192.0,189.0,6.999999999999999,0.10937499999999999,68125.64062766143,53801.945896941834,0.36251281255322865,0.07603891793883677,0.2864738946143919,-0.039126428467269325,4.8794386840677655,3.114217229514751,1.0,3.0,2025Q3,2025-06-30,2025-07-01,2025-09-30,holding,
confirmed_hold_2d,confirmed,2.0,1.0,64,64,96.0,93.0,5.666666666666666,0.08854166666666666,67388.60388748,53801.945896941834,0.34777207774960006,0.07603891793883677,0.2717331598107633,-0.039126428467269325,4.769706072702625,3.114217229514751,2.0,3.0,2025Q3,2025-06-30,2025-07-01,2025-09-30,holding,
confirmed_hold_3d,confirmed,3.0,1.0,64,64,66.0,63.0,5.666666666666666,0.08854166666666666,66813.4267862528,53801.945896941834,0.3362685357250561,0.07603891793883677,0.26022961778621934,-0.039126428467269436,4.648852512463535,3.114217229514751,2.9523809523809526,3.0,2025Q3,2025-06-30,2025-07-01,2025-09-30,holding,
confirmed_hold_5d,confirmed,5.0,1.0,64,64,41.0,38.0,6.333333333333333,0.09895833333333333,67364.47633178627,53801.945896941834,0.34728952663572543,0.07603891793883677,0.27125060869688866,-0.039126428467269325,4.805679042439609,3.114217229514751,4.842105263157895,3.0,2025Q3,2025-06-30,2025-07-01,2025-09-30,holding,
confirmed_hold_10d,confirmed,10.0,1.0,64,64,22.0,19.0,5.666666666666666,0.08854166666666666,66449.22606993576,53801.945896941834,0.32898452139871526,0.07603891793883677,0.2529456034598785,-0.039126428467269436,4.715214057494014,3.114217229514751,9.578947368421053,3.0,2025Q3,2025-06-30,2025-07-01,2025-09-30,holding,
confirmed_signal_exit_max10,confirmed,10.0,2.0,64,64,22.0,19.0,5.666666666666666,0.08854166666666666,66744.07901415887,53801.945896941834,0.33488158028317727,0.07603891793883677,0.2588426623443405,-0.039126428467269325,4.783598663984359,3.114217229514751,9.473684210526315,3.0,2025Q3,2025-06-30,2025-07-01,2025-09-30,holding,
confirmed_market_exposure_hold_5d,confirmed,5.0,1.0,64,64,41.0,38.0,6.333333333333333,0.09895833333333333,67364.47633178627,53801.945896941834,0.34728952663572543,0.07603891793883677,0.27125060869688866,-0.039126428467269325,4.805679042439609,3.114217229514751,4.842105263157895,3.0,2025Q3,2025-06-30,2025-07-01,2025-09-30,holding,
confirmed_market_exposure_hold_10d,confirmed,10.0,1.0,64,64,22.0,19.0,5.666666666666666,0.08854166666666666,66449.22606993576,53801.945896941834,0.32898452139871526,0.07603891793883677,0.2529456034598785,-0.039126428467269436,4.715214057494014,3.114217229514751,9.578947368421053,3.0,2025Q3,2025-06-30,2025-07-01,2025-09-30,holding,
confirmed_rel_rank_hold_5d,confirmed_rel_rank,5.0,1.0,64,64,42.0,39.0,22.33333333333333,0.34895833333333326,60996.07165215408,53801.945896941834,0.21992143304308165,0.07603891793883677,0.14388251510424488,-0.05794070814638341,3.094843509756076,3.114217229514751,4.717948717948718,3.0,2025Q3,2025-06-30,2025-07-01,2025-09-30,holding,
confirmed_rel_rank_market_hold_5d,confirmed_rel_rank,5.0,1.0,64,64,42.0,39.0,22.33333333333333,0.34895833333333326,60996.07165215408,53801.945896941834,0.21992143304308165,0.07603891793883677,0.14388251510424488,-0.05794070814638341,3.094843509756076,3.114217229514751,4.717948717948718,3.0,2025Q3,2025-06-30,2025-07-01,2025-09-30,holding,
confirmed_relative_guard_hold_5d,confirmed_relative_guard,5.0,1.0,64,64,42.0,39.0,23.666666666666668,0.3697916666666667,55547.85231181517,53801.945896941834,0.11095704623630342,0.07603891793883677,0.034918128297466655,-0.09195518587039408,1.7164052825398826,3.114217229514751,4.717948717948718,3.0,2025Q3,2025-06-30,2025-07-01,2025-09-30,holding,
confirmed_relative_guard_exit_max10,confirmed_relative_guard,10.0,2.0,64,64,42.0,39.0,26.999999999999996,0.42187499999999994,50858.389516495605,53801.945896941834,0.017167790329912114,0.07603891793883677,-0.058871127608924656,-0.13795042315624884,0.37899214431677314,3.114217229514751,4.666666666666667,3.0,2025Q3,2025-06-30,2025-07-01,2025-09-30,holding,
confirmed_strong_relative_guard_hold_5d,confirmed_strong_relative_guard,5.0,1.0,64,64,42.0,39.0,24.333333333333332,0.3802083333333333,53126.51531760119,53801.945896941834,0.06253030635202372,0.07603891793883677,-0.013508611586813046,-0.07369428434595093,1.0628140276034617,3.114217229514751,4.717948717948718,3.0,2025Q3,2025-06-30,2025-07-01,2025-09-30,holding,
spy_fused_rebalance_daily,algo_fused_spy_gated,1.0,1.0,64,64,192.0,189.0,6.999999999999999,0.10937499999999999,68125.64062766143,53801.945896941834,0.36251281255322865,0.07603891793883677,0.2864738946143919,-0.039126428467269325,4.8794386840677655,3.114217229514751,1.0,3.0,2025Q3,2025-06-30,2025-07-01,2025-09-30,holding,
spy_fused_hold_3d,algo_fused_spy_gated,3.0,1.0,64,64,66.0,63.0,5.666666666666666,0.08854166666666666,66813.4267862528,53801.945896941834,0.3362685357250561,0.07603891793883677,0.26022961778621934,-0.039126428467269436,4.648852512463535,3.114217229514751,2.9523809523809526,3.0,2025Q3,2025-06-30,2025-07-01,2025-09-30,holding,
spy_fused_hold_5d,algo_fused_spy_gated,5.0,1.0,64,64,41.0,38.0,6.333333333333333,0.09895833333333333,67364.47633178627,53801.945896941834,0.34728952663572543,0.07603891793883677,0.27125060869688866,-0.039126428467269325,4.805679042439609,3.114217229514751,4.842105263157895,3.0,2025Q3,2025-06-30,2025-07-01,2025-09-30,holding,
spy_fused_rank_exit_max10,algo_fused_spy_gated,10.0,2.0,64,64,23.0,20.0,5.666666666666666,0.08854166666666666,68450.34049286411,53801.945896941834,0.3690068098572823,0.07603891793883677,0.2929678919184455,-0.039126428467269436,5.03945901751761,3.114217229514751,8.95,3.0,2025Q3,2025-06-30,2025-07-01,2025-09-30,holding,
relative_momentum_hold_3d,relative_momentum,3.0,1.0,64,64,66.0,63.0,33.0,0.515625,55918.886205117364,53801.945896941834,0.11837772410234737,0.07603891793883677,0.0423388061635106,-0.11258548870315033,1.9017366859228706,3.114217229514751,2.9682539682539684,3.0,2025Q3,2025-06-30,2025-07-01,2025-09-30,holding,
relative_momentum_hold_5d,relative_momentum,5.0,1.0,64,64,42.0,39.0,25.666666666666664,0.40104166666666663,54415.36354651334,53801.945896941834,0.0883072709302668,0.07603891793883677,0.012268352991430032,-0.08641706308608321,1.528244684515244,3.114217229514751,4.666666666666667,3.0,2025Q3,2025-06-30,2025-07-01,2025-09-30,holding,
relative_momentum_exit_max10,relative_momentum_spy_gated,10.0,2.0,64,64,27.0,24.0,16.333333333333332,0.2552083333333333,58811.7593562245,53801.945896941834,0.17623518712449004,0.07603891793883677,0.10019626918565328,-0.0709303824104599,2.5336487126017087,3.114217229514751,7.416666666666667,3.0,2025Q3,2025-06-30,2025-07-01,2025-09-30,holding,
relative_momentum_volume_shape_exit_max10,relative_momentum_volume_shape_spy_gated,10.0,2.0,64,64,31.0,28.0,18.333333333333332,0.2864583333333333,52942.71650308561,53801.945896941834,0.058854330061712146,0.07603891793883677,-0.017184587877124624,-0.08618149910795292,0.9947390189213612,3.114217229514751,6.357142857142857,3.0,2025Q3,2025-06-30,2025-07-01,2025-09-30,holding,
trend_quality_hold_3d,trend_quality,3.0,1.0,64,64,66.0,63.0,35.0,0.546875,57060.55683952292,53801.945896941834,0.1412111367904585,0.07603891793883677,0.06517221885162172,-0.09523997533934436,2.2139580384004374,3.114217229514751,2.9682539682539684,3.0,2025Q3,2025-06-30,2025-07-01,2025-09-30,holding,
trend_quality_hold_5d,trend_quality,5.0,1.0,64,64,41.0,38.0,24.333333333333332,0.3802083333333333,55763.32012910998,53801.945896941834,0.11526640258219967,0.07603891793883677,0.0392274846433629,-0.07026183131235886,2.1026740469741076,3.114217229514751,4.7894736842105265,3.0,2025Q3,2025-06-30,2025-07-01,2025-09-30,holding,
trend_quality_volume_shape_hold_3d,trend_quality_volume_shape,3.0,1.0,64,64,66.0,63.0,34.333333333333336,0.5364583333333334,54300.21095248663,53801.945896941834,0.08600421904973254,0.07603891793883677,0.009965301110895775,-0.11728120140799247,1.4278350889876752,3.114217229514751,2.9682539682539684,3.0,2025Q3,2025-06-30,2025-07-01,2025-09-30,holding,
trend_quality_avoid_failed_gap_hold_3d,trend_quality_avoid_failed_gap,3.0,1.0,64,64,66.0,63.0,35.0,0.546875,59802.612036895276,53801.945896941834,0.1960522407379055,0.07603891793883677,0.12001332279906873,-0.07548218563907005,2.877067665115137,3.114217229514751,2.9682539682539684,3.0,2025Q3,2025-06-30,2025-07-01,2025-09-30,holding,
trend_quality_avoid_failed_gap_volume_shape_hold_3d,trend_quality_avoid_failed_gap_volume_shape,3.0,1.0,64,64,66.0,63.0,35.0,0.546875,55131.09071392208,53801.945896941834,0.10262181427844164,0.07603891793883677,0.026582896339604867,-0.10377419707184943,1.6564012689630756,3.114217229514751,2.9682539682539684,3.0,2025Q3,2025-06-30,2025-07-01,2025-09-30,holding,
gap_resistance_hold_1d,gap_resistance,1.0,1.0,64,32,58.0,56.0,58.333333333333336,0.9114583333333334,43534.27938804537,53801.945896941834,-0.12931441223909268,0.07603891793883677,-0.20535333017792945,-0.21610551213690987,-2.055642399654426,3.114217229514751,1.0,2.0,2025Q3,2025-06-30,2025-07-01,2025-09-30,holding,
gap_resistance_hold_3d,gap_resistance,3.0,1.0,64,48,40.0,37.0,38.33333333333333,0.5989583333333333,56539.725462399336,53801.945896941834,0.13079450924798675,0.07603891793883677,0.054755591309149976,-0.08381344173235772,2.3474177113138794,3.114217229514751,2.945945945945946,3.0,2025Q3,2025-06-30,2025-07-01,2025-09-30,holding,
gap_resistance_50_hold_3d,gap_resistance_50,3.0,1.0,64,42,34.0,31.0,32.66666666666667,0.5104166666666667,53712.245986278285,53801.945896941834,0.07424491972556568,0.07603891793883677,-0.0017939982132710863,-0.1151538877055136,1.2421382829469059,3.114217229514751,2.967741935483871,3.0,2025Q3,2025-06-30,2025-07-01,2025-09-30,holding,
trend_quality_gap_resistance_hold_3d,trend_quality_gap_resistance,3.0,1.0,64,48,40.0,37.0,38.33333333333333,0.5989583333333333,55572.732644840726,53801.945896941834,0.11145465289681455,0.07603891793883677,0.035415734957977785,-0.09216781073683711,2.0027979590892073,3.114217229514751,2.945945945945946,3.0,2025Q3,2025-06-30,2025-07-01,2025-09-30,holding,
breakout_quality_hold_3d,breakout_quality,3.0,1.0,64,64,67.0,64.0,41.66666666666666,0.6510416666666665,58888.47547634373,53801.945896941834,0.17776950952687454,0.07603891793883677,0.10173059158803777,-0.05253388749256438,3.829421757509653,3.114217229514751,2.921875,3.0,2025Q3,2025-06-30,2025-07-01,2025-09-30,holding,
defensive_trend_hold_5d,defensive_trend,5.0,1.0,64,64,41.0,38.0,21.0,0.328125,56261.87183973149,53801.945896941834,0.12523743679462984,0.07603891793883677,0.04919851885579307,-0.07682756032060334,1.7796795302021995,3.114217229514751,4.7894736842105265,3.0,2025Q3,2025-06-30,2025-07-01,2025-09-30,holding,
hybrid_markov_trend_hold_3d,hybrid_markov_trend,3.0,1.0,64,64,66.0,63.0,34.33333333333333,0.5364583333333333,56250.981502357616,53801.945896941834,0.12501963004715222,0.07603891793883677,0.04898071210831545,-0.08174202656190055,2.049748298899708,3.114217229514751,2.9682539682539684,3.0,2025Q3,2025-06-30,2025-07-01,2025-09-30,holding,
hybrid_markov_trend_hold_5d,hybrid_markov_trend_spy_gated,5.0,1.0,64,64,42.0,39.0,24.333333333333332,0.3802083333333333,59571.48688329012,53801.945896941834,0.1914297376658023,0.07603891793883677,0.11539081972696552,-0.05074475575362525,3.126576321089005,3.114217229514751,4.717948717948718,3.0,2025Q3,2025-06-30,2025-07-01,2025-09-30,holding,
hybrid_markov_trend_exit_max10,hybrid_markov_trend_spy_gated,10.0,2.0,64,64,42.0,39.0,27.0,0.421875,55174.33765104004,53801.945896941834,0.10348675302080079,0.07603891793883677,0.027447835081964023,-0.06422909920249398,1.6380305675643099,3.114217229514751,4.615384615384615,3.0,2025Q3,2025-06-30,2025-07-01,2025-09-30,holding,
markov_daily_manual,,,,64,64,,,,,,,0.29841394231868734,0.07603891793883677,0.22237502437985057,-0.042952876022288256,4.1383480863407645,3.114217229514751,,,2025Q3,2025-06-30,2025-07-01,2025-09-30,markov_daily,192.0
markov_daily_confirmed,,,,64,64,,,,,,,0.29841394231868734,0.07603891793883677,0.22237502437985057,-0.042952876022288256,4.1383480863407645,3.114217229514751,,,2025Q3,2025-06-30,2025-07-01,2025-09-30,markov_daily,192.0
markov_daily_spy_gated,,,,64,64,,,,,,,0.29841394231868734,0.07603891793883677,0.22237502437985057,-0.042952876022288256,4.1383480863407645,3.114217229514751,,,2025Q3,2025-06-30,2025-07-01,2025-09-30,markov_daily,192.0
markov_daily_confirmed_spy_gated,,,,64,64,,,,,,,0.29841394231868734,0.07603891793883677,0.22237502437985057,-0.042952876022288256,4.1383480863407645,3.114217229514751,,,2025Q3,2025-06-30,2025-07-01,2025-09-30,markov_daily,192.0
markov_daily_algo_fused_spy_gated,,,,64,64,,,,,,,0.29841394231868734,0.07603891793883677,0.22237502437985057,-0.042952876022288256,4.1383480863407645,3.114217229514751,,,2025Q3,2025-06-30,2025-07-01,2025-09-30,markov_daily,192.0
confirmed_rebalance_daily,confirmed,1.0,1.0,72,72,216.0,213.0,21.666666666666664,0.3009259259259259,53818.532079571516,51353.28278269244,0.07637064159143025,0.027065655653848886,0.04930498593758137,-0.11770434139021368,0.822892467171124,0.8096075173142758,1.0,3.0,2025Q4,2025-09-30,2025-10-01,2025-12-31,holding,
confirmed_hold_2d,confirmed,2.0,1.0,72,72,111.0,108.0,21.666666666666664,0.3009259259259259,52205.038613221186,51353.28278269244,0.04410077226442377,0.027065655653848886,0.017035116610574885,-0.12686438567135083,0.5712283292185507,0.8096075173142758,1.9537037037037037,3.0,2025Q4,2025-09-30,2025-10-01,2025-12-31,holding,
confirmed_hold_3d,confirmed,3.0,1.0,72,72,78.0,75.0,18.333333333333332,0.2546296296296296,53957.3810486279,51353.28278269244,0.07914762097255812,0.027065655653848886,0.052081965318709234,-0.11479391279507789,0.8544607293717471,0.8096075173142758,2.8133333333333335,3.0,2025Q4,2025-09-30,2025-10-01,2025-12-31,holding,
confirmed_hold_5d,confirmed,5.0,1.0,72,72,47.0,44.0,15.666666666666664,0.21759259259259256,55710.92958252816,51353.28278269244,0.11421859165056314,0.027065655653848886,0.08715293599671425,-0.12186556398460158,1.183672044171922,0.8096075173142758,4.636363636363637,3.0,2025Q4,2025-09-30,2025-10-01,2025-12-31,holding,
confirmed_hold_10d,confirmed,10.0,1.0,72,72,30.0,27.0,14.999999999999998,0.20833333333333331,57469.59944688093,51353.28278269244,0.14939198893761851,0.027065655653848886,0.12232633328376963,-0.102398033901551,1.5099324714195126,0.8096075173142758,7.222222222222222,3.0,2025Q4,2025-09-30,2025-10-01,2025-12-31,holding,
confirmed_signal_exit_max10,confirmed,10.0,2.0,72,72,30.0,27.0,14.333333333333332,0.19907407407407407,56943.677575067646,51353.28278269244,0.13887355150135283,0.027065655653848886,0.11180789584750395,-0.10239803390155078,1.4117473447322735,0.8096075173142758,7.333333333333333,3.0,2025Q4,2025-09-30,2025-10-01,2025-12-31,holding,
confirmed_market_exposure_hold_5d,confirmed,5.0,1.0,72,72,47.0,44.0,16.883333333333333,0.23449074074074072,55216.48446927023,51353.28278269244,0.10432968938540466,0.027065655653848886,0.07726403373155577,-0.12186556398460158,1.1143517383425667,0.8096075173142758,4.636363636363637,3.0,2025Q4,2025-09-30,2025-10-01,2025-12-31,holding,
confirmed_market_exposure_hold_10d,confirmed,10.0,1.0,72,72,30.0,27.0,16.383333333333333,0.2275462962962963,56718.12484763354,51353.28278269244,0.13436249695267066,0.027065655653848886,0.10729684129882178,-0.102398033901551,1.4048529414132482,0.8096075173142758,7.222222222222222,3.0,2025Q4,2025-09-30,2025-10-01,2025-12-31,holding,
confirmed_rel_rank_hold_5d,confirmed_rel_rank,5.0,1.0,72,72,51.0,48.0,24.333333333333332,0.33796296296296297,52608.46642116329,51353.28278269244,0.052169328423265826,0.027065655653848886,0.02510367276941694,-0.10122790775868329,0.6750838268410341,0.8096075173142758,4.208333333333333,3.0,2025Q4,2025-09-30,2025-10-01,2025-12-31,holding,
confirmed_rel_rank_market_hold_5d,confirmed_rel_rank,5.0,1.0,72,72,51.0,48.0,26.349999999999998,0.3659722222222222,50914.89430907907,51353.28278269244,0.018297886181581458,0.027065655653848886,-0.008767769472267428,-0.10122790775868329,0.3542945768601161,0.8096075173142758,4.208333333333333,3.0,2025Q4,2025-09-30,2025-10-01,2025-12-31,holding,
confirmed_relative_guard_hold_5d,confirmed_relative_guard,5.0,1.0,72,72,46.0,45.0,28.05,0.38958333333333334,52380.03911729434,51353.28278269244,0.04760078234588683,0.027065655653848886,0.02053512669203794,-0.08429367166966928,0.6597713200346269,0.8096075173142758,4.644444444444445,1.0,2025Q4,2025-09-30,2025-10-01,2025-12-31,holding,
confirmed_relative_guard_exit_max10,confirmed_relative_guard,10.0,2.0,72,71,63.0,63.0,45.2,0.6277777777777778,51213.88965140085,51353.28278269244,0.024277793028017136,0.027065655653848886,-0.0027878626258317496,-0.130781746155351,0.4189041152682338,0.8096075173142758,3.3174603174603177,0.0,2025Q4,2025-09-30,2025-10-01,2025-12-31,holding,
confirmed_strong_relative_guard_hold_5d,confirmed_strong_relative_guard,5.0,1.0,72,72,46.0,45.0,29.150000000000002,0.4048611111111111,50761.12809406975,51353.28278269244,0.015222561881395036,0.027065655653848886,-0.01184309377245385,-0.08429367166966928,0.3237004613637284,0.8096075173142758,4.644444444444445,1.0,2025Q4,2025-09-30,2025-10-01,2025-12-31,holding,
spy_fused_rebalance_daily,algo_fused_spy_gated,1.0,1.0,72,59,177.0,177.0,18.0,0.25,53306.895212957235,51353.28278269244,0.06613790425914479,0.027065655653848886,0.0390722486052959,-0.11783809454011174,0.7504205490610085,0.8096075173142758,1.0,0.0,2025Q4,2025-09-30,2025-10-01,2025-12-31,holding,
spy_fused_hold_3d,algo_fused_spy_gated,3.0,1.0,72,62,66.0,66.0,16.0,0.2222222222222222,53373.730118159634,51353.28278269244,0.06747460236319269,0.027065655653848886,0.04040894670934381,-0.11479391279507789,0.7646263362706738,0.8096075173142758,2.8181818181818183,0.0,2025Q4,2025-09-30,2025-10-01,2025-12-31,holding,
spy_fused_hold_5d,algo_fused_spy_gated,5.0,1.0,72,63,40.0,40.0,15.999999999999998,0.2222222222222222,57358.23338740799,51353.28278269244,0.14716466774815995,0.027065655653848886,0.12009901209431106,-0.12186556398460158,1.4622525750063338,0.8096075173142758,4.625,0.0,2025Q4,2025-09-30,2025-10-01,2025-12-31,holding,
spy_fused_rank_exit_max10,algo_fused_spy_gated,10.0,2.0,72,60,27.0,27.0,14.666666666666666,0.2037037037037037,57431.47934100752,51353.28278269244,0.14862958682015037,0.027065655653848886,0.12156393116630149,-0.10239803390155067,1.5047485604809205,0.8096075173142758,6.62962962962963,0.0,2025Q4,2025-09-30,2025-10-01,2025-12-31,holding,
relative_momentum_hold_3d,relative_momentum,3.0,1.0,72,72,79.0,76.0,41.666666666666664,0.5787037037037037,52065.47125615971,51353.28278269244,0.04130942512319424,0.027065655653848886,0.014243769469345358,-0.11400028833042486,0.6061058130515311,0.8096075173142758,2.75,3.0,2025Q4,2025-09-30,2025-10-01,2025-12-31,holding,
relative_momentum_hold_5d,relative_momentum,5.0,1.0,72,72,50.0,47.0,27.666666666666664,0.38425925925925924,47731.980171935335,51353.28278269244,-0.045360396561293315,0.027065655653848886,-0.0724260522151422,-0.1107063797918868,-0.4056940004334714,0.8096075173142758,4.404255319148936,3.0,2025Q4,2025-09-30,2025-10-01,2025-12-31,holding,
relative_momentum_exit_max10,relative_momentum_spy_gated,10.0,2.0,72,60,32.0,32.0,22.0,0.3055555555555556,51405.9195074704,51353.28278269244,0.02811839014940798,0.027065655653848886,0.0010527344955590934,-0.07440666420391151,0.49437666524322127,0.8096075173142758,5.5625,0.0,2025Q4,2025-09-30,2025-10-01,2025-12-31,holding,
relative_momentum_volume_shape_exit_max10,relative_momentum_volume_shape_spy_gated,10.0,2.0,72,60,34.0,34.0,22.666666666666664,0.31481481481481477,47217.89995991034,51353.28278269244,-0.05564200080179316,0.027065655653848886,-0.08270765645564204,-0.09429347262544319,-0.6336328518484379,0.8096075173142758,5.264705882352941,0.0,2025Q4,2025-09-30,2025-10-01,2025-12-31,holding,
trend_quality_hold_3d,trend_quality,3.0,1.0,72,72,79.0,76.0,43.0,0.5972222222222222,48938.40641227244,51353.28278269244,-0.021231871754551213,0.027065655653848886,-0.0482975274084001,-0.11275774622110024,-0.1021092873073998,0.8096075173142758,2.75,3.0,2025Q4,2025-09-30,2025-10-01,2025-12-31,holding,
trend_quality_hold_5d,trend_quality,5.0,1.0,72,72,49.0,46.0,28.999999999999996,0.40277777777777773,45675.20929859358,51353.28278269244,-0.08649581402812834,0.027065655653848886,-0.11356146968197722,-0.117484164515263,-1.1178276705753365,0.8096075173142758,4.478260869565218,3.0,2025Q4,2025-09-30,2025-10-01,2025-12-31,holding,
trend_quality_volume_shape_hold_3d,trend_quality_volume_shape,3.0,1.0,72,72,78.0,75.0,43.0,0.5972222222222222,48688.11332957441,51353.28278269244,-0.026237733408511876,0.027065655653848886,-0.05330338906236076,-0.1128734150708971,-0.19967445071871254,0.8096075173142758,2.7866666666666666,3.0,2025Q4,2025-09-30,2025-10-01,2025-12-31,holding,
trend_quality_avoid_failed_gap_hold_3d,trend_quality_avoid_failed_gap,3.0,1.0,72,72,79.0,76.0,43.666666666666664,0.6064814814814814,48664.01324291873,51353.28278269244,-0.0267197351416254,0.027065655653848886,-0.053785390795474286,-0.11275774622110024,-0.16729273232743427,0.8096075173142758,2.75,3.0,2025Q4,2025-09-30,2025-10-01,2025-12-31,holding,
trend_quality_avoid_failed_gap_volume_shape_hold_3d,trend_quality_avoid_failed_gap_volume_shape,3.0,1.0,72,72,78.0,75.0,43.0,0.5972222222222222,48688.11332957441,51353.28278269244,-0.026237733408511876,0.027065655653848886,-0.05330338906236076,-0.1128734150708971,-0.19967445071871254,0.8096075173142758,2.7866666666666666,3.0,2025Q4,2025-09-30,2025-10-01,2025-12-31,holding,
gap_resistance_hold_1d,gap_resistance,1.0,1.0,72,29,51.0,51.0,54.666666666666664,0.7592592592592592,40345.788757852155,51353.28278269244,-0.19308422484295695,0.027065655653848886,-0.22014988049680584,-0.2163100318676754,-2.400940678603445,0.8096075173142758,1.0,0.0,2025Q4,2025-09-30,2025-10-01,2025-12-31,holding,
gap_resistance_hold_3d,gap_resistance,3.0,1.0,72,51,39.0,39.0,38.333333333333336,0.5324074074074074,43300.26857209178,51353.28278269244,-0.13399462855816435,0.027065655653848886,-0.16106028421201324,-0.21976026894645273,-1.4183288305036506,0.8096075173142758,2.8461538461538463,0.0,2025Q4,2025-09-30,2025-10-01,2025-12-31,holding,
gap_resistance_50_hold_3d,gap_resistance_50,3.0,1.0,72,46,34.0,34.0,34.33333333333333,0.4768518518518518,43066.525818402246,51353.28278269244,-0.13866948363195508,0.027065655653848886,-0.16573513928580397,-0.21127320681775186,-1.4393940153824731,0.8096075173142758,2.9411764705882355,0.0,2025Q4,2025-09-30,2025-10-01,2025-12-31,holding,
trend_quality_gap_resistance_hold_3d,trend_quality_gap_resistance,3.0,1.0,72,51,39.0,39.0,38.333333333333336,0.5324074074074074,43282.29389152793,51353.28278269244,-0.13435412216944143,0.027065655653848886,-0.1614197778232903,-0.2183798948102985,-1.3957699145968405,0.8096075173142758,2.8461538461538463,0.0,2025Q4,2025-09-30,2025-10-01,2025-12-31,holding,
breakout_quality_hold_3d,breakout_quality,3.0,1.0,72,72,78.0,75.0,43.66666666666667,0.6064814814814815,51560.10339221258,51353.28278269244,0.031202067844251502,0.027065655653848886,0.004136412190402616,-0.07315194454321106,0.5840997774729966,0.8096075173142758,2.8133333333333335,3.0,2025Q4,2025-09-30,2025-10-01,2025-12-31,holding,
defensive_trend_hold_5d,defensive_trend,5.0,1.0,72,72,49.0,46.0,26.999999999999996,0.37499999999999994,48655.734236867625,51353.28278269244,-0.02688531526264748,0.027065655653848886,-0.053950970916496366,-0.09614159730137362,-0.26242099805968994,0.8096075173142758,4.434782608695652,3.0,2025Q4,2025-09-30,2025-10-01,2025-12-31,holding,
hybrid_markov_trend_hold_3d,hybrid_markov_trend,3.0,1.0,72,72,80.0,77.0,41.66666666666667,0.5787037037037037,50526.09068813046,51353.28278269244,0.0105218137626093,0.027065655653848886,-0.016543841891239586,-0.11862476974035474,0.27404423967806885,0.8096075173142758,2.74025974025974,3.0,2025Q4,2025-09-30,2025-10-01,2025-12-31,holding,
hybrid_markov_trend_hold_5d,hybrid_markov_trend_spy_gated,5.0,1.0,72,61,41.0,41.0,26.666666666666664,0.37037037037037035,49684.77035835986,51353.28278269244,-0.006304592832802713,0.027065655653848886,-0.0333702484866516,-0.07295544185695668,0.07576286651020593,0.8096075173142758,4.414634146341464,0.0,2025Q4,2025-09-30,2025-10-01,2025-12-31,holding,
hybrid_markov_trend_exit_max10,hybrid_markov_trend_spy_gated,10.0,2.0,72,59,53.0,53.0,35.33333333333333,0.4907407407407407,47843.607797167344,51353.28278269244,-0.04312784405665315,0.027065655653848886,-0.07019349971050204,-0.09974012857105763,-0.35844997416763386,0.8096075173142758,3.339622641509434,0.0,2025Q4,2025-09-30,2025-10-01,2025-12-31,holding,
markov_daily_manual,,,,72,72,,,,,,,0.0250794387171136,0.027065655653848886,-0.0019862169367352855,-0.12295101281312881,0.4146746644392756,0.8096075173142758,,,2025Q4,2025-09-30,2025-10-01,2025-12-31,markov_daily,216.0
markov_daily_confirmed,,,,72,72,,,,,,,0.02492733077411735,0.027065655653848886,-0.0021383248797315346,-0.12295101281312881,0.41343538176078165,0.8096075173142758,,,2025Q4,2025-09-30,2025-10-01,2025-12-31,markov_daily,216.0
markov_daily_spy_gated,,,,72,59,,,,,,,0.02429902866901945,0.027065655653848886,-0.0027666269848294345,-0.12295101281312881,0.408267480547484,0.8096075173142758,,,2025Q4,2025-09-30,2025-10-01,2025-12-31,markov_daily,177.0
markov_daily_confirmed_spy_gated,,,,72,59,,,,,,,0.02429902866901945,0.027065655653848886,-0.0027666269848294345,-0.12295101281312881,0.408267480547484,0.8096075173142758,,,2025Q4,2025-09-30,2025-10-01,2025-12-31,markov_daily,177.0
markov_daily_algo_fused_spy_gated,,,,72,59,,,,,,,0.02429902866901945,0.027065655653848886,-0.0027666269848294345,-0.12295101281312881,0.40826748054748374,0.8096075173142758,,,2025Q4,2025-09-30,2025-10-01,2025-12-31,markov_daily,177.0
confirmed_rebalance_daily,confirmed,1.0,1.0,72,72,216.0,213.0,21.666666666666664,0.3009259259259259,54476.57163403855,47774.18079013286,0.08953143268077102,-0.04451638419734283,0.13404781687811385,-0.14813558648436598,0.9992927714732611,-1.0408035364460317,1.0,3.0,2026Q1,2025-12-31,2026-01-01,2026-03-31,holding,
confirmed_hold_2d,confirmed,2.0,1.0,72,72,111.0,108.0,20.333333333333332,0.2824074074074074,53901.48567078731,47774.18079013286,0.07802971341574616,-0.04451638419734283,0.12254609761308899,-0.14074678355296621,0.9041171532393445,-1.0408035364460317,1.9537037037037037,3.0,2026Q1,2025-12-31,2026-01-01,2026-03-31,holding,
confirmed_hold_3d,confirmed,3.0,1.0,72,72,79.0,76.0,19.666666666666664,0.27314814814814814,57355.84600553399,47774.18079013286,0.1471169201106799,-0.04451638419734283,0.19163330430802272,-0.13752897472680226,1.497514162227406,-1.0408035364460317,2.776315789473684,3.0,2026Q1,2025-12-31,2026-01-01,2026-03-31,holding,
confirmed_hold_5d,confirmed,5.0,1.0,72,72,53.0,50.0,18.333333333333332,0.2546296296296296,54344.6959482117,47774.18079013286,0.08689391896423393,-0.04451638419734283,0.13141030316157676,-0.12428235485413852,1.0125656479162546,-1.0408035364460317,4.2,3.0,2026Q1,2025-12-31,2026-01-01,2026-03-31,holding,
confirmed_hold_10d,confirmed,10.0,1.0,72,72,29.0,26.0,13.0,0.18055555555555555,50878.91646714008,47774.18079013286,0.01757832934280157,-0.04451638419734283,0.0620947135401444,-0.16037666011949825,0.346735382777465,-1.0408035364460317,8.115384615384615,3.0,2026Q1,2025-12-31,2026-01-01,2026-03-31,holding,
confirmed_signal_exit_max10,confirmed,10.0,2.0,72,72,31.0,28.0,15.0,0.20833333333333334,54806.34948416902,47774.18079013286,0.09612698968338029,-0.04451638419734283,0.14064337388072312,-0.13800466885698337,1.0794749281345644,-1.0408035364460317,7.321428571428571,3.0,2026Q1,2025-12-31,2026-01-01,2026-03-31,holding,
confirmed_market_exposure_hold_5d,confirmed,5.0,1.0,72,72,53.0,50.0,16.96666666666667,0.23564814814814816,54664.052413874466,47774.18079013286,0.09328104827748929,-0.04451638419734283,0.13779743247483212,-0.08956944764180674,1.4256839444169713,-1.0408035364460317,4.2,3.0,2026Q1,2025-12-31,2026-01-01,2026-03-31,holding,
confirmed_market_exposure_hold_10d,confirmed,10.0,1.0,72,72,29.0,26.0,14.333333333333332,0.19907407407407407,52558.34092757179,47774.18079013286,0.05116681855143579,-0.04451638419734283,0.09568320274877862,-0.11323172604678222,0.8480457060975661,-1.0408035364460317,8.115384615384615,3.0,2026Q1,2025-12-31,2026-01-01,2026-03-31,holding,
confirmed_rel_rank_hold_5d,confirmed_rel_rank,5.0,1.0,72,72,50.0,47.0,26.333333333333332,0.3657407407407407,47853.326527185454,47774.18079013286,-0.04293346945629095,-0.04451638419734283,0.0015829147410518773,-0.18306338376257236,-0.2727038288068144,-1.0408035364460317,4.319148936170213,3.0,2026Q1,2025-12-31,2026-01-01,2026-03-31,holding,
confirmed_rel_rank_market_hold_5d,confirmed_rel_rank,5.0,1.0,72,72,50.0,47.0,24.1,0.33472222222222225,48966.75345163364,47774.18079013286,-0.020664930967327244,-0.04451638419734283,0.023851453230015585,-0.14706379154448812,-0.1266726213769826,-1.0408035364460317,4.319148936170213,3.0,2026Q1,2025-12-31,2026-01-01,2026-03-31,holding,
confirmed_relative_guard_hold_5d,confirmed_relative_guard,5.0,1.0,72,70,52.0,49.0,27.23333333333333,0.3782407407407407,43412.15506114828,47774.18079013286,-0.13175689877703434,-0.04451638419734283,-0.08724051457969151,-0.2239379596399952,-1.7047524212874114,-1.0408035364460317,4.081632653061225,3.0,2026Q1,2025-12-31,2026-01-01,2026-03-31,holding,
confirmed_relative_guard_exit_max10,confirmed_relative_guard,10.0,2.0,72,70,51.0,48.0,28.93333333333333,0.4018518518518518,50811.44257656994,47774.18079013286,0.016228851531398858,-0.04451638419734283,0.06074523572874169,-0.08163997987513161,0.34867983372560774,-1.0408035364460317,4.083333333333333,3.0,2026Q1,2025-12-31,2026-01-01,2026-03-31,holding,
confirmed_strong_relative_guard_hold_5d,confirmed_strong_relative_guard,5.0,1.0,72,70,52.0,49.0,27.23333333333333,0.3782407407407407,43412.15506114828,47774.18079013286,-0.13175689877703434,-0.04451638419734283,-0.08724051457969151,-0.2239379596399952,-1.7047524212874114,-1.0408035364460317,4.081632653061225,3.0,2026Q1,2025-12-31,2026-01-01,2026-03-31,holding,
spy_fused_rebalance_daily,algo_fused_spy_gated,1.0,1.0,72,1,3.0,3.0,2.0,0.027777777777777776,50854.49731803409,47774.18079013286,0.01708994636068173,-0.04451638419734283,0.06160633055802456,-0.00039999999999995595,1.8269940473157267,-1.0408035364460317,1.0,0.0,2026Q1,2025-12-31,2026-01-01,2026-03-31,holding,
spy_fused_hold_3d,algo_fused_spy_gated,3.0,1.0,72,3,3.0,3.0,2.0,0.027777777777777776,48245.70859026291,47774.18079013286,-0.03508582819474182,-0.04451638419734283,0.00943055600260101,-0.05167855646614172,-1.5833984989916627,-1.0408035364460317,3.0,0.0,2026Q1,2025-12-31,2026-01-01,2026-03-31,holding,
spy_fused_hold_5d,algo_fused_spy_gated,5.0,1.0,72,5,3.0,3.0,2.666666666666667,0.03703703703703704,48225.321442731496,47774.18079013286,-0.035493571145370106,-0.04451638419734283,0.009022813051972722,-0.052079287841873545,-1.602703053296101,-1.0408035364460317,4.333333333333333,0.0,2026Q1,2025-12-31,2026-01-01,2026-03-31,holding,
spy_fused_rank_exit_max10,algo_fused_spy_gated,10.0,2.0,72,2,3.0,3.0,2.0,0.027777777777777776,49324.57879570452,47774.18079013286,-0.013508424085909687,-0.04451638419734283,0.03100796011143314,-0.03047219883340213,-0.6939023955929514,-1.0408035364460317,2.0,0.0,2026Q1,2025-12-31,2026-01-01,2026-03-31,holding,
relative_momentum_hold_3d,relative_momentum,3.0,1.0,72,72,79.0,76.0,38.33333333333333,0.5324074074074073,54306.65775345436,47774.18079013286,0.08613315506908714,-0.04451638419734283,0.13064953926642997,-0.07296373790219357,1.1856902026084777,-1.0408035364460317,2.736842105263158,3.0,2026Q1,2025-12-31,2026-01-01,2026-03-31,holding,
relative_momentum_hold_5d,relative_momentum,5.0,1.0,72,72,54.0,51.0,32.33333333333333,0.449074074074074,43862.54908217191,47774.18079013286,-0.12274901835656182,-0.04451638419734283,-0.078232634159219,-0.15420140259953508,-1.2964571892930858,-1.0408035364460317,4.03921568627451,3.0,2026Q1,2025-12-31,2026-01-01,2026-03-31,holding,
relative_momentum_exit_max10,relative_momentum_spy_gated,10.0,2.0,72,2,3.0,3.0,2.666666666666667,0.03703703703703704,50120.32149844169,47774.18079013286,0.0024064299688337787,-0.04451638419734283,0.04692281416617661,-0.006583793692274353,0.4173720159501105,-1.0408035364460317,1.6666666666666667,0.0,2026Q1,2025-12-31,2026-01-01,2026-03-31,holding,
relative_momentum_volume_shape_exit_max10,relative_momentum_volume_shape_spy_gated,10.0,2.0,72,2,3.0,3.0,2.666666666666667,0.03703703703703704,50436.15406856578,47774.18079013286,0.008723081371315722,-0.04451638419734283,0.05323946556865855,-0.004428365985915672,1.1838708600879186,-1.0408035364460317,1.6666666666666667,0.0,2026Q1,2025-12-31,2026-01-01,2026-03-31,holding,
trend_quality_hold_3d,trend_quality,3.0,1.0,72,72,78.0,75.0,43.66666666666666,0.6064814814814814,46578.03152969722,47774.18079013286,-0.06843936940605566,-0.04451638419734283,-0.023922985208712833,-0.11772842796364336,-0.9427271465164357,-1.0408035364460317,2.76,3.0,2026Q1,2025-12-31,2026-01-01,2026-03-31,holding,
trend_quality_hold_5d,trend_quality,5.0,1.0,72,72,52.0,49.0,33.666666666666664,0.46759259259259256,41323.7562104231,47774.18079013286,-0.17352487579153808,-0.04451638419734283,-0.12900849159419525,-0.22709699613475087,-2.3080934376937727,-1.0408035364460317,4.224489795918367,3.0,2026Q1,2025-12-31,2026-01-01,2026-03-31,holding,
trend_quality_volume_shape_hold_3d,trend_quality_volume_shape,3.0,1.0,72,72,78.0,75.0,40.33333333333333,0.5601851851851851,51338.8361549411,47774.18079013286,0.026776723098822064,-0.04451638419734283,0.07129310729616489,-0.09605695596369834,0.49788445203165593,-1.0408035364460317,2.76,3.0,2026Q1,2025-12-31,2026-01-01,2026-03-31,holding,
trend_quality_avoid_failed_gap_hold_3d,trend_quality_avoid_failed_gap,3.0,1.0,72,72,78.0,75.0,44.33333333333333,0.6157407407407407,46423.96924199943,47774.18079013286,-0.0715206151600114,-0.04451638419734283,-0.027004230962668574,-0.1177284279636438,-0.9501031770168646,-1.0408035364460317,2.76,3.0,2026Q1,2025-12-31,2026-01-01,2026-03-31,holding,
trend_quality_avoid_failed_gap_volume_shape_hold_3d,trend_quality_avoid_failed_gap_volume_shape,3.0,1.0,72,72,78.0,75.0,41.0,0.5694444444444444,51969.37718729392,47774.18079013286,0.039387543745878384,-0.04451638419734283,0.08390392794322121,-0.09605695596369823,0.6643741124750564,-1.0408035364460317,2.76,3.0,2026Q1,2025-12-31,2026-01-01,2026-03-31,holding,
gap_resistance_hold_1d,gap_resistance,1.0,1.0,72,26,41.0,41.0,51.0,0.7083333333333334,35705.37965639644,47774.18079013286,-0.2858924068720712,-0.04451638419734283,-0.24137602267472835,-0.2858924068720712,-4.305650874907936,-1.0408035364460317,1.0,0.0,2026Q1,2025-12-31,2026-01-01,2026-03-31,holding,
gap_resistance_hold_3d,gap_resistance,3.0,1.0,72,49,33.0,32.0,42.0,0.5833333333333334,38718.8878979065,47774.18079013286,-0.2256222420418701,-0.04451638419734283,-0.18110585784452726,-0.24904138674666465,-3.044295441255872,-1.0408035364460317,2.75,1.0,2026Q1,2025-12-31,2026-01-01,2026-03-31,holding,
gap_resistance_50_hold_3d,gap_resistance_50,3.0,1.0,72,44,30.0,29.0,38.0,0.5277777777777778,36480.0882870216,47774.18079013286,-0.270398234259568,-0.04451638419734283,-0.22588185006222516,-0.270398234259568,-3.694628585467399,-1.0408035364460317,2.793103448275862,1.0,2026Q1,2025-12-31,2026-01-01,2026-03-31,holding,
trend_quality_gap_resistance_hold_3d,trend_quality_gap_resistance,3.0,1.0,72,49,33.0,32.0,42.0,0.5833333333333334,36893.398662465406,47774.18079013286,-0.2621320267506919,-0.04451638419734283,-0.2176156425533491,-0.26589405650123266,-3.6621747711783996,-1.0408035364460317,2.75,1.0,2026Q1,2025-12-31,2026-01-01,2026-03-31,holding,
breakout_quality_hold_3d,breakout_quality,3.0,1.0,72,72,76.0,73.0,47.0,0.6527777777777778,47823.01140813021,47774.18079013286,-0.04353977183739577,-0.04451638419734283,0.00097661235994706,-0.14301204231179476,-0.6000988140316038,-1.0408035364460317,2.8493150684931505,3.0,2026Q1,2025-12-31,2026-01-01,2026-03-31,holding,
defensive_trend_hold_5d,defensive_trend,5.0,1.0,72,72,51.0,48.0,29.0,0.4027777777777778,46824.02453628893,47774.18079013286,-0.06351950927422134,-0.04451638419734283,-0.019003125076878513,-0.13823810248198465,-0.868398377091863,-1.0408035364460317,4.291666666666667,3.0,2026Q1,2025-12-31,2026-01-01,2026-03-31,holding,
hybrid_markov_trend_hold_3d,hybrid_markov_trend,3.0,1.0,72,72,78.0,75.0,41.666666666666664,0.5787037037037037,50688.123642911625,47774.18079013286,0.0137624728582324,-0.04451638419734283,0.05827885705557523,-0.11869520001858214,0.30759900568465054,-1.0408035364460317,2.8,3.0,2026Q1,2025-12-31,2026-01-01,2026-03-31,holding,
hybrid_markov_trend_hold_5d,hybrid_markov_trend_spy_gated,5.0,1.0,72,5,3.0,3.0,3.666666666666667,0.05092592592592593,50259.864714853036,47774.18079013286,0.005197294297060617,-0.04451638419734283,0.049713678494403446,-0.07017897506373827,0.18852050250863722,-1.0408035364460317,3.0,0.0,2026Q1,2025-12-31,2026-01-01,2026-03-31,holding,
hybrid_markov_trend_exit_max10,hybrid_markov_trend_spy_gated,10.0,2.0,72,2,3.0,3.0,2.666666666666667,0.03703703703703704,49329.97351444468,47774.18079013286,-0.01340052971110639,-0.04451638419734283,0.03111585448623644,-0.019603548778381774,-1.2235868979354054,-1.0408035364460317,1.6666666666666667,0.0,2026Q1,2025-12-31,2026-01-01,2026-03-31,holding,
markov_daily_manual,,,,72,72,,,,,,,0.036533857504929435,-0.04451638419734283,0.08105024170227226,-0.15365995549223155,0.5232679556708937,-1.0408035364460317,,,2026Q1,2025-12-31,2026-01-01,2026-03-31,markov_daily,216.0
markov_daily_confirmed,,,,72,72,,,,,,,0.03751911472520919,-0.04451638419734283,0.08203549892255202,-0.15365995549223155,0.5323413881717842,-1.0408035364460317,,,2026Q1,2025-12-31,2026-01-01,2026-03-31,markov_daily,216.0
markov_daily_spy_gated,,,,72,1,,,,,,,0.017096945138737274,-0.04451638419734283,0.0616133293360801,0.0,1.8708286933869704,-1.0408035364460317,,,2026Q1,2025-12-31,2026-01-01,2026-03-31,markov_daily,3.0
markov_daily_confirmed_spy_gated,,,,72,1,,,,,,,0.017096945138737274,-0.04451638419734283,0.0616133293360801,0.0,1.8708286933869704,-1.0408035364460317,,,2026Q1,2025-12-31,2026-01-01,2026-03-31,markov_daily,3.0
markov_daily_algo_fused_spy_gated,,,,72,1,,,,,,,0.017096945138737274,-0.04451638419734283,0.0616133293360801,0.0,1.8708286933869704,-1.0408035364460317,,,2026Q1,2025-12-31,2026-01-01,2026-03-31,markov_daily,3.0
confirmed_rebalance_daily,confirmed,1.0,1.0,37,37,111.0,108.0,10.333333333333332,0.27927927927927926,57235.624554005975,57010.02636904395,0.1447124910801194,0.14020052738087907,0.00451196369924034,-0.09308503811719648,2.962149325336463,8.5208619133764,1.0,3.0,2026Q2,2026-03-31,2026-04-01,2026-05-22,holding,
confirmed_hold_2d,confirmed,2.0,1.0,37,37,57.0,54.0,8.999999999999998,0.2432432432432432,57805.658629160556,57010.02636904395,0.15611317258321122,0.14020052738087907,0.015912645202332154,-0.0930850381171966,3.2888808661536366,8.5208619133764,1.962962962962963,3.0,2026Q2,2026-03-31,2026-04-01,2026-05-22,holding,
confirmed_hold_3d,confirmed,3.0,1.0,37,37,39.0,36.0,6.333333333333333,0.17117117117117117,55763.216249662444,57010.02636904395,0.11526432499324879,0.14020052738087907,-0.02493620238763028,-0.0930850381171966,2.5222895094018543,8.5208619133764,2.9722222222222223,3.0,2026Q2,2026-03-31,2026-04-01,2026-05-22,holding,
confirmed_hold_5d,confirmed,5.0,1.0,37,37,26.0,23.0,7.0,0.1891891891891892,54577.171486556996,57010.02636904395,0.09154342973113994,0.14020052738087907,-0.048657097649739134,-0.09308503811719648,2.1265579779765593,8.5208619133764,4.521739130434782,3.0,2026Q2,2026-03-31,2026-04-01,2026-05-22,holding,
confirmed_hold_10d,confirmed,10.0,1.0,37,37,15.0,12.0,5.666666666666667,0.15315315315315317,49812.798974476325,57010.02636904395,-0.0037440205104735114,0.14020052738087907,-0.14394454789135258,-0.08328691751771145,0.013736453947403535,8.5208619133764,8.0,3.0,2026Q2,2026-03-31,2026-04-01,2026-05-22,holding,
confirmed_signal_exit_max10,confirmed,10.0,2.0,37,37,16.0,13.0,6.333333333333333,0.17117117117117117,53713.52214465997,57010.02636904395,0.07427044289319928,0.14020052738087907,-0.06593008448767979,-0.0933377685276302,1.7675157198311249,8.5208619133764,7.615384615384615,3.0,2026Q2,2026-03-31,2026-04-01,2026-05-22,holding,
confirmed_market_exposure_hold_5d,confirmed,5.0,1.0,37,37,26.0,23.0,7.0,0.1891891891891892,54581.944661296744,57010.02636904395,0.09163889322593488,0.14020052738087907,-0.04856163415494419,-0.09308503811719648,2.1314794472299394,8.5208619133764,4.521739130434782,3.0,2026Q2,2026-03-31,2026-04-01,2026-05-22,holding,
confirmed_market_exposure_hold_10d,confirmed,10.0,1.0,37,37,15.0,12.0,5.666666666666667,0.15315315315315317,49817.155469826044,57010.02636904395,-0.0036568906034790682,0.14020052738087907,-0.14385741798435814,-0.08328691751771145,0.01564038181980513,8.5208619133764,8.0,3.0,2026Q2,2026-03-31,2026-04-01,2026-05-22,holding,
confirmed_rel_rank_hold_5d,confirmed_rel_rank,5.0,1.0,37,37,26.0,23.0,12.33333333333333,0.33333333333333326,53987.721723864335,57010.02636904395,0.0797544344772867,0.14020052738087907,-0.060446092903592374,-0.14797792988344138,1.359965137627154,8.5208619133764,4.391304347826087,3.0,2026Q2,2026-03-31,2026-04-01,2026-05-22,holding,
confirmed_rel_rank_market_hold_5d,confirmed_rel_rank,5.0,1.0,37,37,26.0,23.0,12.33333333333333,0.33333333333333326,54644.89759819681,57010.02636904395,0.09289795196393613,0.14020052738087907,-0.04730257541694294,-0.14797792988344116,1.5529721424267542,8.5208619133764,4.391304347826087,3.0,2026Q2,2026-03-31,2026-04-01,2026-05-22,holding,
confirmed_relative_guard_hold_5d,confirmed_relative_guard,5.0,1.0,37,37,27.0,24.0,15.666666666666664,0.4234234234234234,51599.0918620212,57010.02636904395,0.03198183724042414,0.14020052738087907,-0.10821869014045493,-0.13783229761461102,0.7037829115642579,8.5208619133764,4.375,3.0,2026Q2,2026-03-31,2026-04-01,2026-05-22,holding,
confirmed_relative_guard_exit_max10,confirmed_relative_guard,10.0,2.0,37,37,31.0,28.0,18.066666666666666,0.4882882882882883,55201.78146880724,57010.02636904395,0.10403562937614486,0.14020052738087907,-0.036164898004734214,-0.16398459655693587,1.6857639154291426,8.5208619133764,3.8214285714285716,3.0,2026Q2,2026-03-31,2026-04-01,2026-05-22,holding,
confirmed_strong_relative_guard_hold_5d,confirmed_strong_relative_guard,5.0,1.0,37,37,27.0,24.0,15.666666666666664,0.4234234234234234,51599.0918620212,57010.02636904395,0.03198183724042414,0.14020052738087907,-0.10821869014045493,-0.13783229761461102,0.7037829115642579,8.5208619133764,4.375,3.0,2026Q2,2026-03-31,2026-04-01,2026-05-22,holding,
spy_fused_rebalance_daily,algo_fused_spy_gated,1.0,1.0,37,12,36.0,33.0,2.333333333333333,0.06306306306306306,49277.73530908824,57010.02636904395,-0.014445293818235228,0.14020052738087907,-0.1546458211991143,-0.09308503811719648,-0.2596559956552888,8.5208619133764,1.0,3.0,2026Q2,2026-03-31,2026-04-01,2026-05-22,holding,
spy_fused_hold_3d,algo_fused_spy_gated,3.0,1.0,37,12,13.0,10.0,1.6666666666666665,0.04504504504504504,49281.57556979319,57010.02636904395,-0.014368488604136198,0.14020052738087907,-0.15456901598501527,-0.09308503811719648,-0.2575910039018236,8.5208619133764,2.8,3.0,2026Q2,2026-03-31,2026-04-01,2026-05-22,holding,
spy_fused_hold_5d,algo_fused_spy_gated,5.0,1.0,37,12,9.0,6.0,1.6666666666666665,0.04504504504504504,49281.57556979319,57010.02636904395,-0.014368488604136198,0.14020052738087907,-0.15456901598501527,-0.09308503811719648,-0.2575910039018236,8.5208619133764,5.0,3.0,2026Q2,2026-03-31,2026-04-01,2026-05-22,holding,
spy_fused_rank_exit_max10,algo_fused_spy_gated,10.0,2.0,37,12,6.0,3.0,1.6666666666666665,0.04504504504504504,49281.57556979319,57010.02636904395,-0.014368488604136198,0.14020052738087907,-0.15456901598501527,-0.09308503811719648,-0.2575910039018236,8.5208619133764,10.0,3.0,2026Q2,2026-03-31,2026-04-01,2026-05-22,holding,
relative_momentum_hold_3d,relative_momentum,3.0,1.0,37,37,41.0,38.0,21.0,0.5675675675675675,66532.56662464175,57010.02636904395,0.33065133249283507,0.14020052738087907,0.190450805111956,-0.058190825051986916,4.927831656055583,8.5208619133764,2.763157894736842,3.0,2026Q2,2026-03-31,2026-04-01,2026-05-22,holding,
relative_momentum_hold_5d,relative_momentum,5.0,1.0,37,37,26.0,23.0,14.999999999999998,0.4054054054054054,57674.15977278147,57010.02636904395,0.1534831954556295,0.14020052738087907,0.013282668074750426,-0.07723338088987897,2.7406257207341627,8.5208619133764,4.434782608695652,3.0,2026Q2,2026-03-31,2026-04-01,2026-05-22,holding,
relative_momentum_exit_max10,relative_momentum_spy_gated,10.0,2.0,37,12,10.0,7.0,5.666666666666667,0.15315315315315317,48754.23746054845,57010.02636904395,-0.024915250789031007,0.14020052738087907,-0.16511577816991008,-0.11376313647917136,-0.47540966571653553,8.5208619133764,3.7142857142857144,3.0,2026Q2,2026-03-31,2026-04-01,2026-05-22,holding,
relative_momentum_volume_shape_exit_max10,relative_momentum_volume_shape_spy_gated,10.0,2.0,37,12,10.0,7.0,5.666666666666667,0.15315315315315317,51071.111448493604,57010.02636904395,0.021422228969872004,0.14020052738087907,-0.11877829841100707,-0.06967460605107934,0.6695325595117659,8.5208619133764,3.142857142857143,3.0,2026Q2,2026-03-31,2026-04-01,2026-05-22,holding,
trend_quality_hold_3d,trend_quality,3.0,1.0,37,37,41.0,38.0,21.0,0.5675675675675675,64658.74663927585,57010.02636904395,0.2931749327855171,0.14020052738087907,0.15297440540463803,-0.06962712687193029,4.450619184304152,8.5208619133764,2.763157894736842,3.0,2026Q2,2026-03-31,2026-04-01,2026-05-22,holding,
trend_quality_hold_5d,trend_quality,5.0,1.0,37,37,24.0,21.0,13.666666666666666,0.36936936936936937,57728.56532072426,57010.02636904395,0.15457130641448513,0.14020052738087907,0.014370779033606063,-0.06681290802822226,2.6601439034705465,8.5208619133764,4.714285714285714,3.0,2026Q2,2026-03-31,2026-04-01,2026-05-22,holding,
trend_quality_volume_shape_hold_3d,trend_quality_volume_shape,3.0,1.0,37,37,40.0,37.0,20.333333333333336,0.5495495495495496,62481.37250724808,57010.02636904395,0.24962745014496157,0.14020052738087907,0.1094269227640825,-0.07896764438561721,4.458320502883559,8.5208619133764,2.8378378378378377,3.0,2026Q2,2026-03-31,2026-04-01,2026-05-22,holding,
trend_quality_avoid_failed_gap_hold_3d,trend_quality_avoid_failed_gap,3.0,1.0,37,37,41.0,38.0,21.0,0.5675675675675675,61431.43259898288,57010.02636904395,0.22862865197965765,0.14020052738087907,0.08842812459877858,-0.09559287841007413,3.956610318620896,8.5208619133764,2.763157894736842,3.0,2026Q2,2026-03-31,2026-04-01,2026-05-22,holding,
trend_quality_avoid_failed_gap_volume_shape_hold_3d,trend_quality_avoid_failed_gap_volume_shape,3.0,1.0,37,37,40.0,37.0,20.333333333333336,0.5495495495495496,63234.45978599807,57010.02636904395,0.2646891957199615,0.14020052738087907,0.12448866833908245,-0.07694895261485135,5.107491000820911,8.5208619133764,2.8378378378378377,3.0,2026Q2,2026-03-31,2026-04-01,2026-05-22,holding,
gap_resistance_hold_1d,gap_resistance,1.0,1.0,37,20,40.0,39.0,37.33333333333333,1.009009009009009,47202.86844256494,57010.02636904395,-0.05594263114870124,0.14020052738087907,-0.1961431585295803,-0.1160458717554268,-1.367940386482821,8.5208619133764,1.0,1.0,2026Q2,2026-03-31,2026-04-01,2026-05-22,holding,
gap_resistance_hold_3d,gap_resistance,3.0,1.0,37,32,28.0,27.0,29.0,0.7837837837837838,50939.687903174265,57010.02636904395,0.018793758063485377,0.14020052738087907,-0.12140676931739369,-0.11149891846402571,0.5429655852907428,8.5208619133764,2.5925925925925926,1.0,2026Q2,2026-03-31,2026-04-01,2026-05-22,holding,
gap_resistance_50_hold_3d,gap_resistance_50,3.0,1.0,37,30,25.0,24.0,26.666666666666668,0.7207207207207208,49658.696236946846,57010.02636904395,-0.006826075261063047,0.14020052738087907,-0.14702660264194212,-0.11149891846402593,0.005198352973960472,8.5208619133764,2.5416666666666665,1.0,2026Q2,2026-03-31,2026-04-01,2026-05-22,holding,
trend_quality_gap_resistance_hold_3d,trend_quality_gap_resistance,3.0,1.0,37,32,28.0,27.0,29.0,0.7837837837837838,51840.02850057725,57010.02636904395,0.03680057001154502,0.14020052738087907,-0.10339995736933405,-0.11149891846402571,0.9013034126497979,8.5208619133764,2.5925925925925926,1.0,2026Q2,2026-03-31,2026-04-01,2026-05-22,holding,
breakout_quality_hold_3d,breakout_quality,3.0,1.0,37,37,40.0,37.0,22.999999999999996,0.6216216216216215,56784.37698845543,57010.02636904395,0.13568753976910863,0.14020052738087907,-0.004512987611770436,-0.04795321035372324,4.6039444881992395,8.5208619133764,2.8378378378378377,3.0,2026Q2,2026-03-31,2026-04-01,2026-05-22,holding,
defensive_trend_hold_5d,defensive_trend,5.0,1.0,37,37,25.0,22.0,13.666666666666664,0.3693693693693693,50821.96345790512,57010.02636904395,0.016439269158102343,0.14020052738087907,-0.12376125822277673,-0.14425721262596303,0.4676078833348316,8.5208619133764,4.5,3.0,2026Q2,2026-03-31,2026-04-01,2026-05-22,holding,
hybrid_markov_trend_hold_3d,hybrid_markov_trend,3.0,1.0,37,37,40.0,37.0,19.666666666666664,0.5315315315315314,67106.56828203332,57010.02636904395,0.3421313656406664,0.14020052738087907,0.2019308382597873,-0.053018263582239156,5.403885271020825,8.5208619133764,2.8378378378378377,3.0,2026Q2,2026-03-31,2026-04-01,2026-05-22,holding,
hybrid_markov_trend_hold_5d,hybrid_markov_trend_spy_gated,5.0,1.0,37,12,11.0,8.0,5.666666666666667,0.15315315315315317,51259.53218823826,57010.02636904395,0.02519064376476532,0.14020052738087907,-0.11500988361611375,-0.06709098691099125,0.804158321687098,8.5208619133764,4.0,3.0,2026Q2,2026-03-31,2026-04-01,2026-05-22,holding,
hybrid_markov_trend_exit_max10,hybrid_markov_trend_spy_gated,10.0,2.0,37,12,11.0,8.0,6.333333333333334,0.1711711711711712,52655.26349718726,57010.02636904395,0.053105269943745315,0.14020052738087907,-0.08709525743713376,-0.06223337325808309,1.3227817886964226,8.5208619133764,2.875,3.0,2026Q2,2026-03-31,2026-04-01,2026-05-22,holding,
markov_daily_manual,,,,37,37,,,,,,,0.11600229305723175,0.14020052738087907,-0.024198234323647316,-0.09822402826702348,2.433116132151095,8.5208619133764,,,2026Q2,2026-03-31,2026-04-01,2026-05-22,markov_daily,111.0
markov_daily_confirmed,,,,37,37,,,,,,,0.11600229305723175,0.14020052738087907,-0.024198234323647316,-0.09822402826702348,2.433116132151095,8.5208619133764,,,2026Q2,2026-03-31,2026-04-01,2026-05-22,markov_daily,111.0
markov_daily_spy_gated,,,,37,12,,,,,,,-0.022966857528911255,0.14020052738087907,-0.16316738490979033,-0.09822402826702337,-0.48835609981435546,8.5208619133764,,,2026Q2,2026-03-31,2026-04-01,2026-05-22,markov_daily,36.0
markov_daily_confirmed_spy_gated,,,,37,12,,,,,,,-0.022966857528911255,0.14020052738087907,-0.16316738490979033,-0.09822402826702337,-0.48835609981435546,8.5208619133764,,,2026Q2,2026-03-31,2026-04-01,2026-05-22,markov_daily,36.0
markov_daily_algo_fused_spy_gated,,,,37,12,,,,,,,-0.022966857528911255,0.14020052738087907,-0.16316738490979033,-0.09822402826702337,-0.48835609981435546,8.5208619133764,,,2026Q2,2026-03-31,2026-04-01,2026-05-22,markov_daily,36.0
